name,strand,Assay title,ontology_curie,biosample_name,biosample_type,biosample_life_stage,data_source,endedness,genetically_modified,output_type,gtex_tissue,histone_mark,transcription_factor
CL:0000084 ATAC-seq,.,ATAC-seq,CL:0000084,T-cell,primary_cell,adult,encode,paired,False,OutputType.ATAC,,,
CL:0000100 ATAC-seq,.,ATAC-seq,CL:0000100,motor neuron,in_vitro_differentiated_cells,adult,encode,paired,False,OutputType.ATAC,,,
CL:0000236 ATAC-seq,.,ATAC-seq,CL:0000236,B cell,primary_cell,adult,encode,paired,False,OutputType.ATAC,,,
CL:0000623 ATAC-seq,.,ATAC-seq,CL:0000623,natural killer cell,primary_cell,adult,encode,paired,False,OutputType.ATAC,,,
CL:0000624 ATAC-seq,.,ATAC-seq,CL:0000624,"CD4-positive, alpha-beta T cell",primary_cell,adult,encode,paired,False,OutputType.ATAC,,,
CL:0000625 ATAC-seq,.,ATAC-seq,CL:0000625,"CD8-positive, alpha-beta T cell",primary_cell,adult,encode,paired,False,OutputType.ATAC,,,
CL:0000787 ATAC-seq,.,ATAC-seq,CL:0000787,memory B cell,primary_cell,adult,encode,paired,False,OutputType.ATAC,,,
CL:0000788 ATAC-seq,.,ATAC-seq,CL:0000788,naive B cell,primary_cell,adult,encode,paired,False,OutputType.ATAC,,,
CL:0000792 ATAC-seq,.,ATAC-seq,CL:0000792,"CD4-positive, CD25-positive, alpha-beta regulatory T cell",primary_cell,adult,encode,paired,False,OutputType.ATAC,,,
CL:0000895 ATAC-seq,.,ATAC-seq,CL:0000895,"naive thymus-derived CD4-positive, alpha-beta T cell",primary_cell,adult,encode,paired,False,OutputType.ATAC,,,
CL:0000899 ATAC-seq,.,ATAC-seq,CL:0000899,T-helper 17 cell,primary_cell,adult,encode,paired,False,OutputType.ATAC,,,
CL:0000900 ATAC-seq,.,ATAC-seq,CL:0000900,"naive thymus-derived CD8-positive, alpha-beta T cell",primary_cell,adult,encode,paired,False,OutputType.ATAC,,,
CL:0000907 ATAC-seq,.,ATAC-seq,CL:0000907,"central memory CD8-positive, alpha-beta T cell",primary_cell,adult,encode,paired,False,OutputType.ATAC,,,
CL:0000913 ATAC-seq,.,ATAC-seq,CL:0000913,"effector memory CD8-positive, alpha-beta T cell",primary_cell,adult,encode,paired,False,OutputType.ATAC,,,
CL:1001606 ATAC-seq,.,ATAC-seq,CL:1001606,foreskin keratinocyte,primary_cell,newborn,encode,paired,False,OutputType.ATAC,,,
CLO:0013950 ATAC-seq,.,ATAC-seq,CLO:0013950,GM21619,cell_line,adult,encode,paired,False,OutputType.ATAC,,,
CLO:0014043 ATAC-seq,.,ATAC-seq,CLO:0014043,GM21717,cell_line,adult,encode,paired,False,OutputType.ATAC,,,
CLO:0014078 ATAC-seq,.,ATAC-seq,CLO:0014078,GM21529,cell_line,adult,encode,paired,False,OutputType.ATAC,,,
CLO:0014080 ATAC-seq,.,ATAC-seq,CLO:0014080,GM21528,cell_line,adult,encode,paired,False,OutputType.ATAC,,,
CLO:0014083 ATAC-seq,.,ATAC-seq,CLO:0014083,GM21526,cell_line,adult,encode,paired,False,OutputType.ATAC,,,
CLO:0014097 ATAC-seq,.,ATAC-seq,CLO:0014097,GM21576,cell_line,adult,encode,paired,False,OutputType.ATAC,,,
CLO:0014163 ATAC-seq,.,ATAC-seq,CLO:0014163,GM21447,cell_line,adult,encode,paired,False,OutputType.ATAC,,,
CLO:0014886 ATAC-seq,.,ATAC-seq,CLO:0014886,GM21723,cell_line,adult,encode,paired,False,OutputType.ATAC,,,
CLO:0014941 ATAC-seq,.,ATAC-seq,CLO:0014941,GM21825,cell_line,adult,encode,paired,False,OutputType.ATAC,,,
CLO:0015884 ATAC-seq,.,ATAC-seq,CLO:0015884,GM21390,cell_line,adult,encode,paired,False,OutputType.ATAC,,,
CLO:0015895 ATAC-seq,.,ATAC-seq,CLO:0015895,GM21381,cell_line,adult,encode,paired,False,OutputType.ATAC,,,
CLO:0015900 ATAC-seq,.,ATAC-seq,CLO:0015900,GM21367,cell_line,adult,encode,paired,False,OutputType.ATAC,,,
CLO:0015908 ATAC-seq,.,ATAC-seq,CLO:0015908,GM21360,cell_line,adult,encode,paired,False,OutputType.ATAC,,,
CLO:0015947 ATAC-seq,.,ATAC-seq,CLO:0015947,GM21423,cell_line,adult,encode,paired,False,OutputType.ATAC,,,
CLO:0024877 ATAC-seq,.,ATAC-seq,CLO:0024877,GM18511,cell_line,adult,encode,paired,False,OutputType.ATAC,,,
CLO:0024886 ATAC-seq,.,ATAC-seq,CLO:0024886,GM18519,cell_line,adult,encode,paired,False,OutputType.ATAC,,,
CLO:0024890 ATAC-seq,.,ATAC-seq,CLO:0024890,GM18517,cell_line,adult,encode,paired,False,OutputType.ATAC,,,
CLO:0024898 ATAC-seq,.,ATAC-seq,CLO:0024898,GM18520,cell_line,adult,encode,paired,False,OutputType.ATAC,,,
CLO:0024919 ATAC-seq,.,ATAC-seq,CLO:0024919,GM18508,cell_line,adult,encode,paired,False,OutputType.ATAC,,,
CLO:0024933 ATAC-seq,.,ATAC-seq,CLO:0024933,GM18499,cell_line,adult,encode,paired,False,OutputType.ATAC,,,
CLO:0024937 ATAC-seq,.,ATAC-seq,CLO:0024937,GM18498,cell_line,adult,encode,paired,False,OutputType.ATAC,,,
CLO:0025816 ATAC-seq,.,ATAC-seq,CLO:0025816,GM19035,cell_line,adult,encode,paired,False,OutputType.ATAC,,,
CLO:0026238 ATAC-seq,.,ATAC-seq,CLO:0026238,GM18907,cell_line,adult,encode,paired,False,OutputType.ATAC,,,
CLO:0026245 ATAC-seq,.,ATAC-seq,CLO:0026245,GM18873,cell_line,adult,encode,paired,False,OutputType.ATAC,,,
CLO:0026249 ATAC-seq,.,ATAC-seq,CLO:0026249,GM18870,cell_line,adult,encode,paired,False,OutputType.ATAC,,,
CLO:0026250 ATAC-seq,.,ATAC-seq,CLO:0026250,GM18867,cell_line,adult,encode,paired,False,OutputType.ATAC,,,
CLO:0026253 ATAC-seq,.,ATAC-seq,CLO:0026253,GM18868,cell_line,adult,encode,paired,False,OutputType.ATAC,,,
CLO:0026256 ATAC-seq,.,ATAC-seq,CLO:0026256,GM18861,cell_line,adult,encode,paired,False,OutputType.ATAC,,,
CLO:0026258 ATAC-seq,.,ATAC-seq,CLO:0026258,GM18858,cell_line,adult,encode,paired,False,OutputType.ATAC,,,
CLO:0026782 ATAC-seq,.,ATAC-seq,CLO:0026782,GM19397,cell_line,adult,encode,paired,False,OutputType.ATAC,,,
CLO:0026790 ATAC-seq,.,ATAC-seq,CLO:0026790,GM19395,cell_line,adult,encode,paired,False,OutputType.ATAC,,,
CLO:0026824 ATAC-seq,.,ATAC-seq,CLO:0026824,GM19438,cell_line,adult,encode,paired,False,OutputType.ATAC,,,
CLO:0026846 ATAC-seq,.,ATAC-seq,CLO:0026846,GM19452,cell_line,adult,encode,paired,False,OutputType.ATAC,,,
CLO:0026863 ATAC-seq,.,ATAC-seq,CLO:0026863,GM19455,cell_line,adult,encode,paired,False,OutputType.ATAC,,,
CLO:0026874 ATAC-seq,.,ATAC-seq,CLO:0026874,GM19463,cell_line,adult,encode,paired,False,OutputType.ATAC,,,
CLO:0026877 ATAC-seq,.,ATAC-seq,CLO:0026877,GM19467,cell_line,adult,encode,paired,False,OutputType.ATAC,,,
CLO:0027429 ATAC-seq,.,ATAC-seq,CLO:0027429,GM19372,cell_line,adult,encode,paired,False,OutputType.ATAC,,,
CLO:0027432 ATAC-seq,.,ATAC-seq,CLO:0027432,GM19351,cell_line,adult,encode,paired,False,OutputType.ATAC,,,
CLO:0027443 ATAC-seq,.,ATAC-seq,CLO:0027443,GM19324,cell_line,adult,encode,paired,False,OutputType.ATAC,,,
CLO:0027445 ATAC-seq,.,ATAC-seq,CLO:0027445,GM19328,cell_line,adult,encode,paired,False,OutputType.ATAC,,,
EFO:0001086 ATAC-seq,.,ATAC-seq,EFO:0001086,A549,cell_line,adult,encode,single,False,OutputType.ATAC,,,
EFO:0001187 ATAC-seq,.,ATAC-seq,EFO:0001187,HepG2,cell_line,child,encode,paired,False,OutputType.ATAC,,,
EFO:0001196 ATAC-seq,.,ATAC-seq,EFO:0001196,IMR-90,cell_line,embryonic,encode,paired,False,OutputType.ATAC,,,
EFO:0001203 ATAC-seq,.,ATAC-seq,EFO:0001203,MCF-7,cell_line,adult,encode,paired,False,OutputType.ATAC,,,
EFO:0001221 ATAC-seq,.,ATAC-seq,EFO:0001221,NCI-H929,cell_line,adult,encode,paired,False,OutputType.ATAC,,,
EFO:0002067 ATAC-seq,.,ATAC-seq,EFO:0002067,K562,cell_line,adult,encode,paired,False,OutputType.ATAC,,,
EFO:0002074 ATAC-seq,.,ATAC-seq,EFO:0002074,PC-3,cell_line,adult,encode,paired,False,OutputType.ATAC,,,
EFO:0002713 ATAC-seq,.,ATAC-seq,EFO:0002713,Panc1,cell_line,adult,encode,paired,False,OutputType.ATAC,,,
EFO:0002784 ATAC-seq,.,ATAC-seq,EFO:0002784,GM12878,cell_line,adult,encode,paired,False,OutputType.ATAC,,,
EFO:0002824 ATAC-seq,.,ATAC-seq,EFO:0002824,HCT116,cell_line,adult,encode,paired,False,OutputType.ATAC,,,
EFO:0005332 ATAC-seq,.,ATAC-seq,EFO:0005332,GM18505,cell_line,adult,encode,paired,False,OutputType.ATAC,,,
EFO:0007074 ATAC-seq,.,ATAC-seq,EFO:0007074,DND-41,cell_line,child,encode,paired,False,OutputType.ATAC,,,
EFO:0007610 ATAC-seq,.,ATAC-seq,EFO:0007610,RWPE2,cell_line,unknown,encode,paired,False,OutputType.ATAC,,,
EFO:0007950 ATAC-seq,.,ATAC-seq,EFO:0007950,GM23338,cell_line,adult,encode,paired,False,OutputType.ATAC,,,
EFO:0009747 ATAC-seq,.,ATAC-seq,EFO:0009747,WTC11,cell_line,adult,encode,paired,False,OutputType.ATAC,,,
EFO:0010835 ATAC-seq,.,ATAC-seq,EFO:0010835,GM19023,cell_line,adult,encode,paired,False,OutputType.ATAC,,,
EFO:0010836 ATAC-seq,.,ATAC-seq,EFO:0010836,GM19025,cell_line,adult,encode,paired,False,OutputType.ATAC,,,
EFO:0010837 ATAC-seq,.,ATAC-seq,EFO:0010837,GM19043,cell_line,adult,encode,paired,False,OutputType.ATAC,,,
EFO:0010838 ATAC-seq,.,ATAC-seq,EFO:0010838,GM21515,cell_line,adult,encode,paired,False,OutputType.ATAC,,,
EFO:0010839 ATAC-seq,.,ATAC-seq,EFO:0010839,GM21737,cell_line,adult,encode,paired,False,OutputType.ATAC,,,
EFO:0010840 ATAC-seq,.,ATAC-seq,EFO:0010840,GM21786,cell_line,adult,encode,paired,False,OutputType.ATAC,,,
EFO:0010841 ATAC-seq,.,ATAC-seq,EFO:0010841,HG02571,cell_line,adult,encode,paired,False,OutputType.ATAC,,,
EFO:0010842 ATAC-seq,.,ATAC-seq,EFO:0010842,HG02588,cell_line,adult,encode,paired,False,OutputType.ATAC,,,
EFO:0010843 ATAC-seq,.,ATAC-seq,EFO:0010843,HG02610,cell_line,adult,encode,paired,False,OutputType.ATAC,,,
EFO:0010844 ATAC-seq,.,ATAC-seq,EFO:0010844,HG02623,cell_line,adult,encode,paired,False,OutputType.ATAC,,,
EFO:0010846 ATAC-seq,.,ATAC-seq,EFO:0010846,HG02678,cell_line,adult,encode,paired,False,OutputType.ATAC,,,
EFO:0010847 ATAC-seq,.,ATAC-seq,EFO:0010847,HG02759,cell_line,adult,encode,paired,False,OutputType.ATAC,,,
EFO:0010848 ATAC-seq,.,ATAC-seq,EFO:0010848,HG02763,cell_line,adult,encode,paired,False,OutputType.ATAC,,,
EFO:0010850 ATAC-seq,.,ATAC-seq,EFO:0010850,HG02840,cell_line,adult,encode,paired,False,OutputType.ATAC,,,
EFO:0010851 ATAC-seq,.,ATAC-seq,EFO:0010851,HG02852,cell_line,adult,encode,paired,False,OutputType.ATAC,,,
EFO:0010852 ATAC-seq,.,ATAC-seq,EFO:0010852,HG02870,cell_line,adult,encode,paired,False,OutputType.ATAC,,,
EFO:0010853 ATAC-seq,.,ATAC-seq,EFO:0010853,HG02884,cell_line,adult,encode,paired,False,OutputType.ATAC,,,
EFO:0010855 ATAC-seq,.,ATAC-seq,EFO:0010855,HG02938,cell_line,adult,encode,paired,False,OutputType.ATAC,,,
EFO:0010856 ATAC-seq,.,ATAC-seq,EFO:0010856,HG02943,cell_line,adult,encode,paired,False,OutputType.ATAC,,,
EFO:0010857 ATAC-seq,.,ATAC-seq,EFO:0010857,HG02970,cell_line,adult,encode,paired,False,OutputType.ATAC,,,
EFO:0010858 ATAC-seq,.,ATAC-seq,EFO:0010858,HG02973,cell_line,adult,encode,paired,False,OutputType.ATAC,,,
EFO:0010859 ATAC-seq,.,ATAC-seq,EFO:0010859,HG02981,cell_line,adult,encode,paired,False,OutputType.ATAC,,,
EFO:0010860 ATAC-seq,.,ATAC-seq,EFO:0010860,HG03025,cell_line,adult,encode,paired,False,OutputType.ATAC,,,
EFO:0010861 ATAC-seq,.,ATAC-seq,EFO:0010861,HG03039,cell_line,adult,encode,paired,False,OutputType.ATAC,,,
EFO:0010862 ATAC-seq,.,ATAC-seq,EFO:0010862,HG03045,cell_line,adult,encode,paired,False,OutputType.ATAC,,,
EFO:0010863 ATAC-seq,.,ATAC-seq,EFO:0010863,HG03060,cell_line,adult,encode,paired,False,OutputType.ATAC,,,
EFO:0010864 ATAC-seq,.,ATAC-seq,EFO:0010864,HG03064,cell_line,adult,encode,paired,False,OutputType.ATAC,,,
EFO:0010865 ATAC-seq,.,ATAC-seq,EFO:0010865,HG03066,cell_line,adult,encode,paired,False,OutputType.ATAC,,,
EFO:0010866 ATAC-seq,.,ATAC-seq,EFO:0010866,HG03095,cell_line,adult,encode,paired,False,OutputType.ATAC,,,
EFO:0010867 ATAC-seq,.,ATAC-seq,EFO:0010867,HG03097,cell_line,adult,encode,paired,False,OutputType.ATAC,,,
EFO:0010868 ATAC-seq,.,ATAC-seq,EFO:0010868,HG03103,cell_line,adult,encode,paired,False,OutputType.ATAC,,,
EFO:0010869 ATAC-seq,.,ATAC-seq,EFO:0010869,HG03108,cell_line,adult,encode,paired,False,OutputType.ATAC,,,
EFO:0010870 ATAC-seq,.,ATAC-seq,EFO:0010870,HG03135,cell_line,adult,encode,paired,False,OutputType.ATAC,,,
EFO:0010871 ATAC-seq,.,ATAC-seq,EFO:0010871,HG03139,cell_line,adult,encode,paired,False,OutputType.ATAC,,,
EFO:0010872 ATAC-seq,.,ATAC-seq,EFO:0010872,HG03159,cell_line,adult,encode,paired,False,OutputType.ATAC,,,
EFO:0010873 ATAC-seq,.,ATAC-seq,EFO:0010873,HG03175,cell_line,adult,encode,paired,False,OutputType.ATAC,,,
EFO:0010874 ATAC-seq,.,ATAC-seq,EFO:0010874,HG03196,cell_line,adult,encode,paired,False,OutputType.ATAC,,,
EFO:0010875 ATAC-seq,.,ATAC-seq,EFO:0010875,HG03280,cell_line,adult,encode,paired,False,OutputType.ATAC,,,
EFO:0010876 ATAC-seq,.,ATAC-seq,EFO:0010876,HG03342,cell_line,adult,encode,paired,False,OutputType.ATAC,,,
EFO:0010878 ATAC-seq,.,ATAC-seq,EFO:0010878,HG03378,cell_line,adult,encode,paired,False,OutputType.ATAC,,,
EFO:0010879 ATAC-seq,.,ATAC-seq,EFO:0010879,HG03432,cell_line,adult,encode,paired,False,OutputType.ATAC,,,
EFO:0010880 ATAC-seq,.,ATAC-seq,EFO:0010880,HG03439,cell_line,adult,encode,paired,False,OutputType.ATAC,,,
EFO:0010881 ATAC-seq,.,ATAC-seq,EFO:0010881,HG03442,cell_line,adult,encode,paired,False,OutputType.ATAC,,,
EFO:0010882 ATAC-seq,.,ATAC-seq,EFO:0010882,HG03457,cell_line,adult,encode,paired,False,OutputType.ATAC,,,
EFO:0010883 ATAC-seq,.,ATAC-seq,EFO:0010883,HG03460,cell_line,adult,encode,paired,False,OutputType.ATAC,,,
EFO:0010884 ATAC-seq,.,ATAC-seq,EFO:0010884,HG03469,cell_line,adult,encode,paired,False,OutputType.ATAC,,,
EFO:0010885 ATAC-seq,.,ATAC-seq,EFO:0010885,HG03520,cell_line,adult,encode,paired,False,OutputType.ATAC,,,
EFO:0010886 ATAC-seq,.,ATAC-seq,EFO:0010886,HG03521,cell_line,adult,encode,paired,False,OutputType.ATAC,,,
EFO:0010888 ATAC-seq,.,ATAC-seq,EFO:0010888,HG03565,cell_line,adult,encode,paired,False,OutputType.ATAC,,,
EFO:0010889 ATAC-seq,.,ATAC-seq,EFO:0010889,HG03571,cell_line,adult,encode,paired,False,OutputType.ATAC,,,
NTR:0000491 ATAC-seq,.,ATAC-seq,NTR:0000491,Right ventricle myocardium inferior,tissue,adult,encode,paired,False,OutputType.ATAC,,,
NTR:0000492 ATAC-seq,.,ATAC-seq,NTR:0000492,Right ventricle myocardium superior,tissue,adult,encode,paired,False,OutputType.ATAC,,,
NTR:0000494 ATAC-seq,.,ATAC-seq,NTR:0000494,left ventricle myocardium superior,tissue,adult,encode,paired,False,OutputType.ATAC,,,
UBERON:0000056 ATAC-seq,.,ATAC-seq,UBERON:0000056,ureter,tissue,adult,encode,paired,False,OutputType.ATAC,,,
UBERON:0000317 ATAC-seq,.,ATAC-seq,UBERON:0000317,colonic mucosa,tissue,adult,encode,paired,False,OutputType.ATAC,,,
UBERON:0000945 ATAC-seq,.,ATAC-seq,UBERON:0000945,stomach,tissue,adult,encode,paired,False,OutputType.ATAC,,,
UBERON:0000992 ATAC-seq,.,ATAC-seq,UBERON:0000992,ovary,tissue,adult,encode,paired,False,OutputType.ATAC,,,
UBERON:0000995 ATAC-seq,.,ATAC-seq,UBERON:0000995,uterus,tissue,adult,encode,paired,False,OutputType.ATAC,,,
UBERON:0001072 ATAC-seq,.,ATAC-seq,UBERON:0001072,posterior vena cava,tissue,adult,encode,paired,False,OutputType.ATAC,,,
UBERON:0001114 ATAC-seq,.,ATAC-seq,UBERON:0001114,right lobe of liver,tissue,adult,encode,paired,False,OutputType.ATAC,,,
UBERON:0001115 ATAC-seq,.,ATAC-seq,UBERON:0001115,left lobe of liver,tissue,adult,encode,paired,False,OutputType.ATAC,,,
UBERON:0001150 ATAC-seq,.,ATAC-seq,UBERON:0001150,body of pancreas,tissue,adult,encode,paired,False,OutputType.ATAC,,,
UBERON:0001157 ATAC-seq,.,ATAC-seq,UBERON:0001157,transverse colon,tissue,adult,encode,paired,False,OutputType.ATAC,,,
UBERON:0001159 ATAC-seq,.,ATAC-seq,UBERON:0001159,sigmoid colon,tissue,adult,encode,paired,False,OutputType.ATAC,,,
UBERON:0001259 ATAC-seq,.,ATAC-seq,UBERON:0001259,mucosa of urinary bladder,tissue,adult,encode,paired,False,OutputType.ATAC,,,
UBERON:0001264 ATAC-seq,.,ATAC-seq,UBERON:0001264,pancreas,tissue,adult,encode,paired,False,OutputType.ATAC,,,
UBERON:0001322 ATAC-seq,.,ATAC-seq,UBERON:0001322,sciatic nerve,tissue,adult,encode,paired,False,OutputType.ATAC,,,
UBERON:0002046 ATAC-seq,.,ATAC-seq,UBERON:0002046,thyroid gland,tissue,adult,encode,paired,False,OutputType.ATAC,,,
UBERON:0002048 ATAC-seq,.,ATAC-seq,UBERON:0002048,lung,tissue,adult,encode,paired,False,OutputType.ATAC,,,
UBERON:0002078 ATAC-seq,.,ATAC-seq,UBERON:0002078,right cardiac atrium,tissue,adult,encode,paired,False,OutputType.ATAC,,,
UBERON:0002079 ATAC-seq,.,ATAC-seq,UBERON:0002079,left cardiac atrium,tissue,adult,encode,paired,False,OutputType.ATAC,,,
UBERON:0002080 ATAC-seq,.,ATAC-seq,UBERON:0002080,heart right ventricle,tissue,adult,encode,paired,False,OutputType.ATAC,,,
UBERON:0002084 ATAC-seq,.,ATAC-seq,UBERON:0002084,heart left ventricle,tissue,adult,encode,paired,False,OutputType.ATAC,,,
UBERON:0002099 ATAC-seq,.,ATAC-seq,UBERON:0002099,cardiac septum,tissue,adult,encode,paired,False,OutputType.ATAC,,,
UBERON:0002106 ATAC-seq,.,ATAC-seq,UBERON:0002106,spleen,tissue,adult,encode,paired,False,OutputType.ATAC,,,
UBERON:0002107 ATAC-seq,.,ATAC-seq,UBERON:0002107,liver,tissue,adult,encode,paired,False,OutputType.ATAC,,,
UBERON:0002113 ATAC-seq,.,ATAC-seq,UBERON:0002113,kidney,tissue,adult,encode,paired,False,OutputType.ATAC,,,
UBERON:0002168 ATAC-seq,.,ATAC-seq,UBERON:0002168,left lung,tissue,child,encode,paired,False,OutputType.ATAC,,,
UBERON:0002170 ATAC-seq,.,ATAC-seq,UBERON:0002170,upper lobe of right lung,tissue,adult,encode,paired,False,OutputType.ATAC,,,
UBERON:0002171 ATAC-seq,.,ATAC-seq,UBERON:0002171,lower lobe of right lung,tissue,adult,encode,paired,False,OutputType.ATAC,,,
UBERON:0002190 ATAC-seq,.,ATAC-seq,UBERON:0002190,subcutaneous adipose tissue,tissue,adult,encode,paired,False,OutputType.ATAC,,,
UBERON:0002369 ATAC-seq,.,ATAC-seq,UBERON:0002369,adrenal gland,tissue,adult,encode,paired,False,OutputType.ATAC,,,
UBERON:0002394 ATAC-seq,.,ATAC-seq,UBERON:0002394,bile duct,tissue,adult,encode,paired,False,OutputType.ATAC,,,
UBERON:0002469 ATAC-seq,.,ATAC-seq,UBERON:0002469,esophagus mucosa,tissue,adult,encode,paired,False,OutputType.ATAC,,,
UBERON:0003889 ATAC-seq,.,ATAC-seq,UBERON:0003889,fallopian tube,tissue,adult,encode,paired,False,OutputType.ATAC,,,
UBERON:0004550 ATAC-seq,.,ATAC-seq,UBERON:0004550,gastroesophageal sphincter,tissue,adult,encode,paired,False,OutputType.ATAC,,,
UBERON:0004992 ATAC-seq,.,ATAC-seq,UBERON:0004992,mucosa of descending colon,tissue,adult,encode,paired,False,OutputType.ATAC,,,
UBERON:0005033 ATAC-seq,.,ATAC-seq,UBERON:0005033,mucosa of gallbladder,tissue,child,encode,paired,False,OutputType.ATAC,,,
UBERON:0007610 ATAC-seq,.,ATAC-seq,UBERON:0007610,tibial artery,tissue,adult,encode,paired,False,OutputType.ATAC,,,
UBERON:0008367 ATAC-seq,.,ATAC-seq,UBERON:0008367,breast epithelium,tissue,adult,encode,paired,False,OutputType.ATAC,,,
UBERON:0008450 ATAC-seq,.,ATAC-seq,UBERON:0008450,psoas muscle,tissue,adult,encode,paired,False,OutputType.ATAC,,,
UBERON:0008952 ATAC-seq,.,ATAC-seq,UBERON:0008952,upper lobe of left lung,tissue,adult,encode,paired,False,OutputType.ATAC,,,
UBERON:0008953 ATAC-seq,.,ATAC-seq,UBERON:0008953,lower lobe of left lung,tissue,adult,encode,paired,False,OutputType.ATAC,,,
UBERON:0008971 ATAC-seq,.,ATAC-seq,UBERON:0008971,left colon,tissue,adult,encode,paired,False,OutputType.ATAC,,,
UBERON:0010414 ATAC-seq,.,ATAC-seq,UBERON:0010414,omental fat pad,tissue,adult,encode,paired,False,OutputType.ATAC,,,
UBERON:0011907 ATAC-seq,.,ATAC-seq,UBERON:0011907,gastrocnemius medialis,tissue,adult,encode,paired,False,OutputType.ATAC,,,
UBERON:0015143 ATAC-seq,.,ATAC-seq,UBERON:0015143,mesenteric fat pad,tissue,adult,encode,paired,False,OutputType.ATAC,,,
LQhCAGE CL:0000077,+,LQhCAGE,CL:0000077,mesothelial cell,primary_cell,,fantom,,,OutputType.CAGE,,,
LQhCAGE CL:0000136,+,LQhCAGE,CL:0000136,fat cell,primary_cell,,fantom,,,OutputType.CAGE,,,
LQhCAGE CL:0000767,+,LQhCAGE,CL:0000767,basophil,primary_cell,,fantom,,,OutputType.CAGE,,,
LQhCAGE CL:0000771,+,LQhCAGE,CL:0000771,eosinophil,primary_cell,,fantom,,,OutputType.CAGE,,,
LQhCAGE CL:0000775,+,LQhCAGE,CL:0000775,neutrophil,primary_cell,,fantom,,,OutputType.CAGE,,,
LQhCAGE CL:0000784,+,LQhCAGE,CL:0000784,plasmacytoid dendritic cell,primary_cell,,fantom,,,OutputType.CAGE,,,
LQhCAGE CL:0000840,+,LQhCAGE,CL:0000840,immature conventional dendritic cell,primary_cell,,fantom,,,OutputType.CAGE,,,
LQhCAGE CL:0000895,+,LQhCAGE,CL:0000895,"naive thymus-derived CD4-positive, alpha-beta T cell",primary_cell,,fantom,,,OutputType.CAGE,,,
LQhCAGE CL:0002092,+,LQhCAGE,CL:0002092,bone marrow cell,primary_cell,,fantom,,,OutputType.CAGE,,,
LQhCAGE CL:0002166,+,LQhCAGE,CL:0002166,epithelial cell of Malassez,primary_cell,,fantom,,,OutputType.CAGE,,,
LQhCAGE CL:0002167,+,LQhCAGE,CL:0002167,olfactory epithelial cell,primary_cell,,fantom,,,OutputType.CAGE,,,
LQhCAGE CL:0002193,+,LQhCAGE,CL:0002193,myelocyte,primary_cell,,fantom,,,OutputType.CAGE,,,
LQhCAGE CL:0002397,+,LQhCAGE,CL:0002397,"CD14-positive, CD16-positive monocyte",primary_cell,,fantom,,,OutputType.CAGE,,,
LQhCAGE CL:0002677,+,LQhCAGE,CL:0002677,naive regulatory T cell,primary_cell,,fantom,,,OutputType.CAGE,,,
LQhCAGE UBERON:0012168,+,LQhCAGE,UBERON:0012168,umbilical cord blood,primary_cell,,fantom,,,OutputType.CAGE,,,
hCAGE CL:0000047,+,hCAGE,CL:0000047,neuronal stem cell,primary_cell,,fantom,,,OutputType.CAGE,,,
hCAGE CL:0000062,+,hCAGE,CL:0000062,osteoblast,primary_cell,,fantom,,,OutputType.CAGE,,,
hCAGE CL:0000077,+,hCAGE,CL:0000077,mesothelial cell,primary_cell,,fantom,,,OutputType.CAGE,,,
hCAGE CL:0000097,+,hCAGE,CL:0000097,mast cell,primary_cell,,fantom,,,OutputType.CAGE,,,
hCAGE CL:0000134,+,hCAGE,CL:0000134,mesenchymal cell,primary_cell,,fantom,,,OutputType.CAGE,,,
hCAGE CL:0000138,+,hCAGE,CL:0000138,chondrocyte,primary_cell,,fantom,,,OutputType.CAGE,,,
hCAGE CL:0000182,+,hCAGE,CL:0000182,hepatocyte,primary_cell,,fantom,,,OutputType.CAGE,,,
hCAGE CL:0000188,+,hCAGE,CL:0000188,cell of skeletal muscle,primary_cell,,fantom,,,OutputType.CAGE,,,
hCAGE CL:0000214,+,hCAGE,CL:0000214,synovial cell,primary_cell,,fantom,,,OutputType.CAGE,,,
hCAGE CL:0000216,+,hCAGE,CL:0000216,Sertoli cell,primary_cell,,fantom,,,OutputType.CAGE,,,
hCAGE CL:0000235,+,hCAGE,CL:0000235,macrophage,primary_cell,,fantom,,,OutputType.CAGE,,,
hCAGE CL:0000307,+,hCAGE,CL:0000307,tracheal epithelial cell,primary_cell,,fantom,,,OutputType.CAGE,,,
hCAGE CL:0000312,+,hCAGE,CL:0000312,keratinocyte,primary_cell,,fantom,,,OutputType.CAGE,,,
hCAGE CL:0000322,+,hCAGE,CL:0000322,pneumocyte,primary_cell,,fantom,,,OutputType.CAGE,,,
hCAGE CL:0000388,+,hCAGE,CL:0000388,tendon cell,primary_cell,,fantom,,,OutputType.CAGE,,,
hCAGE CL:0000453,+,hCAGE,CL:0000453,Langerhans cell,primary_cell,,fantom,,,OutputType.CAGE,,,
hCAGE CL:0000515,+,hCAGE,CL:0000515,skeletal muscle myoblast,primary_cell,,fantom,,,OutputType.CAGE,,,
hCAGE CL:0000540,+,hCAGE,CL:0000540,neuron,primary_cell,,fantom,,,OutputType.CAGE,,,
hCAGE CL:0000558,+,hCAGE,CL:0000558,reticulocyte,primary_cell,,fantom,,,OutputType.CAGE,,,
hCAGE CL:0000569,+,hCAGE,CL:0000569,cardiac mesenchymal cell,primary_cell,,fantom,,,OutputType.CAGE,,,
hCAGE CL:0000575,+,hCAGE,CL:0000575,corneal epithelial cell,primary_cell,,fantom,,,OutputType.CAGE,,,
hCAGE CL:0000576,+,hCAGE,CL:0000576,monocyte,primary_cell,,fantom,,,OutputType.CAGE,,,
hCAGE CL:0000594,+,hCAGE,CL:0000594,skeletal muscle satellite cell,primary_cell,,fantom,,,OutputType.CAGE,,,
hCAGE CL:0000623,+,hCAGE,CL:0000623,natural killer cell,primary_cell,,fantom,,,OutputType.CAGE,,,
hCAGE CL:0000650,+,hCAGE,CL:0000650,mesangial cell,primary_cell,,fantom,,,OutputType.CAGE,,,
hCAGE CL:0000708,+,hCAGE,CL:0000708,leptomeningeal cell,primary_cell,,fantom,,,OutputType.CAGE,,,
hCAGE CL:0000731,+,hCAGE,CL:0000731,urothelial cell,primary_cell,,fantom,,,OutputType.CAGE,,,
hCAGE CL:0000746,+,hCAGE,CL:0000746,cardiac muscle cell,primary_cell,,fantom,,,OutputType.CAGE,,,
hCAGE CL:0000767,+,hCAGE,CL:0000767,basophil,primary_cell,,fantom,,,OutputType.CAGE,,,
hCAGE CL:0000775,+,hCAGE,CL:0000775,neutrophil,primary_cell,,fantom,,,OutputType.CAGE,,,
hCAGE CL:0000784,+,hCAGE,CL:0000784,plasmacytoid dendritic cell,primary_cell,,fantom,,,OutputType.CAGE,,,
hCAGE CL:0000798,+,hCAGE,CL:0000798,gamma-delta T cell,primary_cell,,fantom,,,OutputType.CAGE,,,
hCAGE CL:0000840,+,hCAGE,CL:0000840,immature conventional dendritic cell,primary_cell,,fantom,,,OutputType.CAGE,,,
hCAGE CL:0001016,+,hCAGE,CL:0001016,immature CD1a-positive Langerhans cell,primary_cell,,fantom,,,OutputType.CAGE,,,
hCAGE CL:0002057,+,hCAGE,CL:0002057,"CD14-positive, CD16-negative classical monocyte",primary_cell,,fantom,,,OutputType.CAGE,,,
hCAGE CL:0002138,+,hCAGE,CL:0002138,endothelial cell of lymphatic vessel,primary_cell,,fantom,,,OutputType.CAGE,,,
hCAGE CL:0002140,+,hCAGE,CL:0002140,acinar cell of sebaceous gland,primary_cell,,fantom,,,OutputType.CAGE,,,
hCAGE CL:0002144,+,hCAGE,CL:0002144,capillary endothelial cell,primary_cell,,fantom,,,OutputType.CAGE,,,
hCAGE CL:0002166,+,hCAGE,CL:0002166,epithelial cell of Malassez,primary_cell,,fantom,,,OutputType.CAGE,,,
hCAGE CL:0002167,+,hCAGE,CL:0002167,olfactory epithelial cell,primary_cell,,fantom,,,OutputType.CAGE,,,
hCAGE CL:0002188,+,hCAGE,CL:0002188,glomerular endothelial cell,primary_cell,,fantom,,,OutputType.CAGE,,,
hCAGE CL:0002224,+,hCAGE,CL:0002224,lens epithelial cell,primary_cell,,fantom,,,OutputType.CAGE,,,
hCAGE CL:0002231,+,hCAGE,CL:0002231,epithelial cell of prostate,primary_cell,,fantom,,,OutputType.CAGE,,,
hCAGE CL:0002252,+,hCAGE,CL:0002252,epithelial cell of esophagus,primary_cell,,fantom,,,OutputType.CAGE,,,
hCAGE CL:0002304,+,hCAGE,CL:0002304,non-pigmented ciliary epithelial cell,primary_cell,,fantom,,,OutputType.CAGE,,,
hCAGE CL:0002306,+,hCAGE,CL:0002306,epithelial cell of proximal tubule,primary_cell,,fantom,,,OutputType.CAGE,,,
hCAGE CL:0002327,+,hCAGE,CL:0002327,mammary gland epithelial cell,primary_cell,,fantom,,,OutputType.CAGE,,,
hCAGE CL:0002328,+,hCAGE,CL:0002328,bronchial epithelial cell,primary_cell,,fantom,,,OutputType.CAGE,,,
hCAGE CL:0002363,+,hCAGE,CL:0002363,keratocyte,primary_cell,,fantom,,,OutputType.CAGE,,,
hCAGE CL:0002367,+,hCAGE,CL:0002367,trabecular meshwork cell,primary_cell,,fantom,,,OutputType.CAGE,,,
hCAGE CL:0002368,+,hCAGE,CL:0002368,respiratory epithelial cell,primary_cell,,fantom,,,OutputType.CAGE,,,
hCAGE CL:0002372,+,hCAGE,CL:0002372,myotube,primary_cell,,fantom,,,OutputType.CAGE,,,
hCAGE CL:0002397,+,hCAGE,CL:0002397,"CD14-positive, CD16-positive monocyte",primary_cell,,fantom,,,OutputType.CAGE,,,
hCAGE CL:0002453,+,hCAGE,CL:0002453,oligodendrocyte precursor cell,primary_cell,,fantom,,,OutputType.CAGE,,,
hCAGE CL:0002504,+,hCAGE,CL:0002504,enteric smooth muscle cell,primary_cell,,fantom,,,OutputType.CAGE,,,
hCAGE CL:0002521,+,hCAGE,CL:0002521,subcutaneous fat cell,primary_cell,,fantom,,,OutputType.CAGE,,,
hCAGE CL:0002536,+,hCAGE,CL:0002536,amniotic epithelial cell,primary_cell,,fantom,,,OutputType.CAGE,,,
hCAGE CL:0002537,+,hCAGE,CL:0002537,amnion mesenchymal stem cell,primary_cell,,fantom,,,OutputType.CAGE,,,
hCAGE CL:0002539,+,hCAGE,CL:0002539,aortic smooth muscle cell,primary_cell,,fantom,,,OutputType.CAGE,,,
hCAGE CL:0002540,+,hCAGE,CL:0002540,mesenchymal stem cell of the bone marrow,primary_cell,,fantom,,,OutputType.CAGE,,,
hCAGE CL:0002543,+,hCAGE,CL:0002543,vein endothelial cell,primary_cell,,fantom,,,OutputType.CAGE,,,
hCAGE CL:0002544,+,hCAGE,CL:0002544,aortic endothelial cell,primary_cell,,fantom,,,OutputType.CAGE,,,
hCAGE CL:0002545,+,hCAGE,CL:0002545,thoracic aorta endothelial cell,primary_cell,,fantom,,,OutputType.CAGE,,,
hCAGE CL:0002547,+,hCAGE,CL:0002547,fibroblast of the aortic adventitia,primary_cell,,fantom,,,OutputType.CAGE,,,
hCAGE CL:0002548,+,hCAGE,CL:0002548,cardiac fibroblast,primary_cell,,fantom,,,OutputType.CAGE,,,
hCAGE CL:0002549,+,hCAGE,CL:0002549,fibroblast of choroid plexus,primary_cell,,fantom,,,OutputType.CAGE,,,
hCAGE CL:0002550,+,hCAGE,CL:0002550,fibroblast of the conjuctiva,primary_cell,,fantom,,,OutputType.CAGE,,,
hCAGE CL:0002551,+,hCAGE,CL:0002551,fibroblast of dermis,primary_cell,,fantom,,,OutputType.CAGE,,,
hCAGE CL:0002552,+,hCAGE,CL:0002552,fibroblast of gingiva,primary_cell,,fantom,,,OutputType.CAGE,,,
hCAGE CL:0002553,+,hCAGE,CL:0002553,lung fibroblast,primary_cell,,fantom,,,OutputType.CAGE,,,
hCAGE CL:0002554,+,hCAGE,CL:0002554,fibroblast of lymphatic vessel,primary_cell,,fantom,,,OutputType.CAGE,,,
hCAGE CL:0002555,+,hCAGE,CL:0002555,fibroblast of mammary gland,primary_cell,,fantom,,,OutputType.CAGE,,,
hCAGE CL:0002556,+,hCAGE,CL:0002556,fibroblast of periodontium,primary_cell,,fantom,,,OutputType.CAGE,,,
hCAGE CL:0002557,+,hCAGE,CL:0002557,fibroblast of pulmonary artery,primary_cell,,fantom,,,OutputType.CAGE,,,
hCAGE CL:0002558,+,hCAGE,CL:0002558,fibroblast of villous mesenchyme,primary_cell,,fantom,,,OutputType.CAGE,,,
hCAGE CL:0002561,+,hCAGE,CL:0002561,outer root sheath cell,primary_cell,,fantom,,,OutputType.CAGE,,,
hCAGE CL:0002563,+,hCAGE,CL:0002563,intestinal epithelial cell,primary_cell,,fantom,,,OutputType.CAGE,,,
hCAGE CL:0002564,+,hCAGE,CL:0002564,nucleus pulposus cell of intervertebral disc,primary_cell,,fantom,,,OutputType.CAGE,,,
hCAGE CL:0002565,+,hCAGE,CL:0002565,iris pigment epithelial cell,primary_cell,,fantom,,,OutputType.CAGE,,,
hCAGE CL:0002566,+,hCAGE,CL:0002566,dark melanocyte,primary_cell,,fantom,,,OutputType.CAGE,,,
hCAGE CL:0002567,+,hCAGE,CL:0002567,light melanocyte,primary_cell,,fantom,,,OutputType.CAGE,,,
hCAGE CL:0002568,+,hCAGE,CL:0002568,mesenchymal stem cell of Wharton's jelly,primary_cell,,fantom,,,OutputType.CAGE,,,
hCAGE CL:0002569,+,hCAGE,CL:0002569,mesenchymal stem cell of umbilical cord,primary_cell,,fantom,,,OutputType.CAGE,,,
hCAGE CL:0002570,+,hCAGE,CL:0002570,mesenchymal stem cell of adipose,primary_cell,,fantom,,,OutputType.CAGE,,,
hCAGE CL:0002571,+,hCAGE,CL:0002571,hepatic mesenchymal stem cell,primary_cell,,fantom,,,OutputType.CAGE,,,
hCAGE CL:0002572,+,hCAGE,CL:0002572,vertebral mesenchymal stem cell,primary_cell,,fantom,,,OutputType.CAGE,,,
hCAGE CL:0002573,+,hCAGE,CL:0002573,Schwann cell,primary_cell,,fantom,,,OutputType.CAGE,,,
hCAGE CL:0002574,+,hCAGE,CL:0002574,stromal cell of pancreas,primary_cell,,fantom,,,OutputType.CAGE,,,
hCAGE CL:0002575,+,hCAGE,CL:0002575,central nervous system pericyte,primary_cell,,fantom,,,OutputType.CAGE,,,
hCAGE CL:0002576,+,hCAGE,CL:0002576,perineural cell,primary_cell,,fantom,,,OutputType.CAGE,,,
hCAGE CL:0002577,+,hCAGE,CL:0002577,placental epithelial cell,primary_cell,,fantom,,,OutputType.CAGE,,,
hCAGE CL:0002579,+,hCAGE,CL:0002579,omentum preadipocyte,primary_cell,,fantom,,,OutputType.CAGE,,,
hCAGE CL:0002580,+,hCAGE,CL:0002580,preadipocyte of the breast,primary_cell,,fantom,,,OutputType.CAGE,,,
hCAGE CL:0002581,+,hCAGE,CL:0002581,perirenal preadipocyte,primary_cell,,fantom,,,OutputType.CAGE,,,
hCAGE CL:0002582,+,hCAGE,CL:0002582,visceral preadipocyte,primary_cell,,fantom,,,OutputType.CAGE,,,
hCAGE CL:0002583,+,hCAGE,CL:0002583,subcutaneous preadipocyte,primary_cell,,fantom,,,OutputType.CAGE,,,
hCAGE CL:0002584,+,hCAGE,CL:0002584,renal cortical epithelial cell,primary_cell,,fantom,,,OutputType.CAGE,,,
hCAGE CL:0002586,+,hCAGE,CL:0002586,retinal pigment epithelial cell,primary_cell,,fantom,,,OutputType.CAGE,,,
hCAGE CL:0002588,+,hCAGE,CL:0002588,smooth muscle cell of the umbilical vein,primary_cell,,fantom,,,OutputType.CAGE,,,
hCAGE CL:0002589,+,hCAGE,CL:0002589,smooth muscle cell of the brachiocephalic vasculature,primary_cell,,fantom,,,OutputType.CAGE,,,
hCAGE CL:0002590,+,hCAGE,CL:0002590,smooth muscle cell of the brain vasculature,primary_cell,,fantom,,,OutputType.CAGE,,,
hCAGE CL:0002591,+,hCAGE,CL:0002591,smooth muscle cell of the pulmonary artery,primary_cell,,fantom,,,OutputType.CAGE,,,
hCAGE CL:0002592,+,hCAGE,CL:0002592,smooth muscle cell of the coronary artery,primary_cell,,fantom,,,OutputType.CAGE,,,
hCAGE CL:0002593,+,hCAGE,CL:0002593,smooth muscle cell of the internal thoracic artery,primary_cell,,fantom,,,OutputType.CAGE,,,
hCAGE CL:0002594,+,hCAGE,CL:0002594,smooth muscle cell of the umbilical artery,primary_cell,,fantom,,,OutputType.CAGE,,,
hCAGE CL:0002595,+,hCAGE,CL:0002595,smooth muscle cell of the subclavian artery,primary_cell,,fantom,,,OutputType.CAGE,,,
hCAGE CL:0002596,+,hCAGE,CL:0002596,smooth muscle cell of the carotid artery,primary_cell,,fantom,,,OutputType.CAGE,,,
hCAGE CL:0002597,+,hCAGE,CL:0002597,smooth muscle cell of bladder,primary_cell,,fantom,,,OutputType.CAGE,,,
hCAGE CL:0002598,+,hCAGE,CL:0002598,bronchial smooth muscle cell,primary_cell,,fantom,,,OutputType.CAGE,,,
hCAGE CL:0002599,+,hCAGE,CL:0002599,smooth muscle cell of the esophagus,primary_cell,,fantom,,,OutputType.CAGE,,,
hCAGE CL:0002600,+,hCAGE,CL:0002600,smooth muscle cell of trachea,primary_cell,,fantom,,,OutputType.CAGE,,,
hCAGE CL:0002601,+,hCAGE,CL:0002601,uterine smooth muscle cell,primary_cell,,fantom,,,OutputType.CAGE,,,
hCAGE CL:0002602,+,hCAGE,CL:0002602,annulus pulposus cell,primary_cell,,fantom,,,OutputType.CAGE,,,
hCAGE CL:0002603,+,hCAGE,CL:0002603,astrocyte of the cerebellum,primary_cell,,fantom,,,OutputType.CAGE,,,
hCAGE CL:0002605,+,hCAGE,CL:0002605,astrocyte of the cerebral cortex,primary_cell,,fantom,,,OutputType.CAGE,,,
hCAGE CL:0002615,+,hCAGE,CL:0002615,adipocyte of omentum tissue,primary_cell,,fantom,,,OutputType.CAGE,,,
hCAGE CL:0002616,+,hCAGE,CL:0002616,perirenal adipocyte cell,primary_cell,,fantom,,,OutputType.CAGE,,,
hCAGE CL:0002617,+,hCAGE,CL:0002617,adipocyte of breast,primary_cell,,fantom,,,OutputType.CAGE,,,
hCAGE CL:0002618,+,hCAGE,CL:0002618,endothelial cell of umbilical vein,primary_cell,,fantom,,,OutputType.CAGE,,,
hCAGE CL:0002620,+,hCAGE,CL:0002620,skin fibroblast,primary_cell,,fantom,,,OutputType.CAGE,,,
hCAGE CL:0002621,+,hCAGE,CL:0002621,gingival epithelial cell,primary_cell,,fantom,,,OutputType.CAGE,,,
hCAGE CL:0002622,+,hCAGE,CL:0002622,prostate stromal cell,primary_cell,,fantom,,,OutputType.CAGE,,,
hCAGE CL:0002623,+,hCAGE,CL:0002623,acinar cell of salivary gland,primary_cell,,fantom,,,OutputType.CAGE,,,
hCAGE CL:0002677,+,hCAGE,CL:0002677,naive regulatory T cell,primary_cell,,fantom,,,OutputType.CAGE,,,
hCAGE CL:1000280,+,hCAGE,CL:1000280,smooth muscle cell of colon,primary_cell,,fantom,,,OutputType.CAGE,,,
hCAGE CL:1000413,+,hCAGE,CL:1000413,endothelial cell of artery,primary_cell,,fantom,,,OutputType.CAGE,,,
hCAGE CL:1000428,+,hCAGE,CL:1000428,stem cell of epidermis,primary_cell,,fantom,,,OutputType.CAGE,,,
hCAGE CL:1000487,+,hCAGE,CL:1000487,smooth muscle cell of prostate,primary_cell,,fantom,,,OutputType.CAGE,,,
hCAGE CL:1000494,+,hCAGE,CL:1000494,nephron tubule epithelial cell,primary_cell,,fantom,,,OutputType.CAGE,,,
hCAGE EFO:0001086,+,hCAGE,EFO:0001086,A549,cell_line,,fantom,,,OutputType.CAGE,,,
hCAGE EFO:0001099,+,hCAGE,EFO:0001099,Caco-2,cell_line,,fantom,,,OutputType.CAGE,,,
hCAGE EFO:0001182,+,hCAGE,EFO:0001182,HEK293,cell_line,,fantom,,,OutputType.CAGE,,,
hCAGE EFO:0001187,+,hCAGE,EFO:0001187,HepG2,cell_line,,fantom,,,OutputType.CAGE,,,
hCAGE EFO:0001253,+,hCAGE,EFO:0001253,THP-1,cell_line,,fantom,,,OutputType.CAGE,,,
hCAGE EFO:0002059,+,hCAGE,EFO:0002059,HT1080,cell_line,,fantom,,,OutputType.CAGE,,,
hCAGE EFO:0002067,+,hCAGE,EFO:0002067,K562,cell_line,,fantom,,,OutputType.CAGE,,,
hCAGE EFO:0002074,+,hCAGE,EFO:0002074,PC-3,cell_line,,fantom,,,OutputType.CAGE,,,
hCAGE EFO:0002101,+,hCAGE,EFO:0002101,A172,cell_line,,fantom,,,OutputType.CAGE,,,
hCAGE EFO:0002179,+,hCAGE,EFO:0002179,G401,cell_line,,fantom,,,OutputType.CAGE,,,
hCAGE EFO:0002285,+,hCAGE,EFO:0002285,NCI-H226,cell_line,,fantom,,,OutputType.CAGE,,,
hCAGE EFO:0002324,+,hCAGE,EFO:0002324,Raji,cell_line,,fantom,,,OutputType.CAGE,,,
hCAGE EFO:0002784,+,hCAGE,EFO:0002784,GM12878,cell_line,,fantom,,,OutputType.CAGE,,,
hCAGE EFO:0002791,+,hCAGE,EFO:0002791,HeLa-S3,cell_line,,fantom,,,OutputType.CAGE,,,
hCAGE EFO:0002793,+,hCAGE,EFO:0002793,HL-60,cell_line,,fantom,,,OutputType.CAGE,,,
hCAGE EFO:0002796,+,hCAGE,EFO:0002796,Jurkat,cell_line,,fantom,,,OutputType.CAGE,,,
hCAGE EFO:0002860,+,hCAGE,EFO:0002860,SK-N-MC,cell_line,,fantom,,,OutputType.CAGE,,,
hCAGE EFO:0003044,+,hCAGE,EFO:0003044,NCI-H460,cell_line,,fantom,,,OutputType.CAGE,,,
hCAGE EFO:0005441,+,hCAGE,EFO:0005441,DU 145,cell_line,,fantom,,,OutputType.CAGE,,,
hCAGE UBERON:0000002,+,hCAGE,UBERON:0000002,uterine cervix,tissue,,fantom,,,OutputType.CAGE,,,
hCAGE UBERON:0000007,+,hCAGE,UBERON:0000007,pituitary gland,tissue,,fantom,,,OutputType.CAGE,,,
hCAGE UBERON:0000014,+,hCAGE,UBERON:0000014,zone of skin,tissue,,fantom,,,OutputType.CAGE,,,
hCAGE UBERON:0000019,+,hCAGE,UBERON:0000019,camera-type eye,tissue,,fantom,,,OutputType.CAGE,,,
hCAGE UBERON:0000029,+,hCAGE,UBERON:0000029,lymph node,tissue,,fantom,,,OutputType.CAGE,,,
hCAGE UBERON:0000057,+,hCAGE,UBERON:0000057,urethra,tissue,,fantom,,,OutputType.CAGE,,,
hCAGE UBERON:0000178,+,hCAGE,UBERON:0000178,blood,primary_cell,,fantom,,,OutputType.CAGE,,,
hCAGE UBERON:0000305,+,hCAGE,UBERON:0000305,amnion,primary_cell,,fantom,,,OutputType.CAGE,,,
hCAGE UBERON:0000310,+,hCAGE,UBERON:0000310,breast,tissue,,fantom,,,OutputType.CAGE,,,
hCAGE UBERON:0000341,+,hCAGE,UBERON:0000341,throat,tissue,,fantom,,,OutputType.CAGE,,,
hCAGE UBERON:0000473,+,hCAGE,UBERON:0000473,testis,tissue,,fantom,,,OutputType.CAGE,,,
hCAGE UBERON:0000920,+,hCAGE,UBERON:0000920,egg chorion,primary_cell,,fantom,,,OutputType.CAGE,,,
hCAGE UBERON:0000941,+,hCAGE,UBERON:0000941,cranial nerve II,tissue,,fantom,,,OutputType.CAGE,,,
hCAGE UBERON:0000945,+,hCAGE,UBERON:0000945,stomach,tissue,,fantom,,,OutputType.CAGE,,,
hCAGE UBERON:0000947,+,hCAGE,UBERON:0000947,aorta,tissue,,fantom,,,OutputType.CAGE,,,
hCAGE UBERON:0000948,+,hCAGE,UBERON:0000948,heart,tissue,,fantom,,,OutputType.CAGE,,,
hCAGE UBERON:0000955,+,hCAGE,UBERON:0000955,brain,tissue,,fantom,,,OutputType.CAGE,,,
hCAGE UBERON:0000966,+,hCAGE,UBERON:0000966,retina,tissue,,fantom,,,OutputType.CAGE,,,
hCAGE UBERON:0000988,+,hCAGE,UBERON:0000988,pons,tissue,,fantom,,,OutputType.CAGE,,,
hCAGE UBERON:0000989,+,hCAGE,UBERON:0000989,penis,tissue,,fantom,,,OutputType.CAGE,,,
hCAGE UBERON:0000992,+,hCAGE,UBERON:0000992,female gonad,tissue,,fantom,,,OutputType.CAGE,,,
hCAGE UBERON:0000995,+,hCAGE,UBERON:0000995,uterus,tissue,,fantom,,,OutputType.CAGE,,,
hCAGE UBERON:0000996,+,hCAGE,UBERON:0000996,vagina,tissue,,fantom,,,OutputType.CAGE,,,
hCAGE UBERON:0000998,+,hCAGE,UBERON:0000998,seminal vesicle,tissue,,fantom,,,OutputType.CAGE,,,
hCAGE UBERON:0001000,+,hCAGE,UBERON:0001000,vas deferens,tissue,,fantom,,,OutputType.CAGE,,,
hCAGE UBERON:0001013,+,hCAGE,UBERON:0001013,adipose tissue,tissue,,fantom,,,OutputType.CAGE,,,
hCAGE UBERON:0001043,+,hCAGE,UBERON:0001043,esophagus,tissue,,fantom,,,OutputType.CAGE,,,
hCAGE UBERON:0001044,+,hCAGE,UBERON:0001044,saliva-secreting gland,tissue,,fantom,,,OutputType.CAGE,,,
hCAGE UBERON:0001052,+,hCAGE,UBERON:0001052,rectum,tissue,,fantom,,,OutputType.CAGE,,,
hCAGE UBERON:0001103,+,hCAGE,UBERON:0001103,diaphragm,tissue,,fantom,,,OutputType.CAGE,,,
hCAGE UBERON:0001134,+,hCAGE,UBERON:0001134,skeletal muscle tissue,tissue,,fantom,,,OutputType.CAGE,,,
hCAGE UBERON:0001135,+,hCAGE,UBERON:0001135,smooth muscle tissue,tissue,,fantom,,,OutputType.CAGE,,,
hCAGE UBERON:0001154,+,hCAGE,UBERON:0001154,vermiform appendix,tissue,,fantom,,,OutputType.CAGE,,,
hCAGE UBERON:0001155,+,hCAGE,UBERON:0001155,colon,tissue,,fantom,,,OutputType.CAGE,,,
hCAGE UBERON:0001255,+,hCAGE,UBERON:0001255,urinary bladder,tissue,,fantom,,,OutputType.CAGE,,,
hCAGE UBERON:0001264,+,hCAGE,UBERON:0001264,pancreas,tissue,,fantom,,,OutputType.CAGE,,,
hCAGE UBERON:0001301,+,hCAGE,UBERON:0001301,epididymis,tissue,,fantom,,,OutputType.CAGE,,,
hCAGE UBERON:0001359,+,hCAGE,UBERON:0001359,cerebrospinal fluid,tissue,,fantom,,,OutputType.CAGE,,,
hCAGE UBERON:0001389,+,hCAGE,UBERON:0001389,soleus muscle,tissue,,fantom,,,OutputType.CAGE,,,
hCAGE UBERON:0001602,+,hCAGE,UBERON:0001602,medial rectus extraocular muscle,tissue,,fantom,,,OutputType.CAGE,,,
hCAGE UBERON:0001603,+,hCAGE,UBERON:0001603,lateral rectus extra-ocular muscle,tissue,,fantom,,,OutputType.CAGE,,,
hCAGE UBERON:0001637,+,hCAGE,UBERON:0001637,artery,tissue,,fantom,,,OutputType.CAGE,,,
hCAGE UBERON:0001638,+,hCAGE,UBERON:0001638,vein,tissue,,fantom,,,OutputType.CAGE,,,
hCAGE UBERON:0001723,+,hCAGE,UBERON:0001723,tongue,tissue,,fantom,,,OutputType.CAGE,,,
hCAGE UBERON:0001736,+,hCAGE,UBERON:0001736,submandibular gland,tissue,,fantom,,,OutputType.CAGE,,,
hCAGE UBERON:0001797,+,hCAGE,UBERON:0001797,vitreous humor,tissue,,fantom,,,OutputType.CAGE,,,
hCAGE UBERON:0001831,+,hCAGE,UBERON:0001831,parotid gland,tissue,,fantom,,,OutputType.CAGE,,,
hCAGE UBERON:0001870,+,hCAGE,UBERON:0001870,frontal cortex,tissue,,fantom,,,OutputType.CAGE,,,
hCAGE UBERON:0001871,+,hCAGE,UBERON:0001871,temporal lobe,tissue,,fantom,,,OutputType.CAGE,,,
hCAGE UBERON:0001872,+,hCAGE,UBERON:0001872,parietal lobe,tissue,,fantom,,,OutputType.CAGE,,,
hCAGE UBERON:0001873,+,hCAGE,UBERON:0001873,caudate nucleus,tissue,,fantom,,,OutputType.CAGE,,,
hCAGE UBERON:0001874,+,hCAGE,UBERON:0001874,putamen,tissue,,fantom,,,OutputType.CAGE,,,
hCAGE UBERON:0001875,+,hCAGE,UBERON:0001875,globus pallidus,tissue,,fantom,,,OutputType.CAGE,,,
hCAGE UBERON:0001876,+,hCAGE,UBERON:0001876,amygdala,tissue,,fantom,,,OutputType.CAGE,,,
hCAGE UBERON:0001882,+,hCAGE,UBERON:0001882,nucleus accumbens,tissue,,fantom,,,OutputType.CAGE,,,
hCAGE UBERON:0001894,+,hCAGE,UBERON:0001894,diencephalon,tissue,,fantom,,,OutputType.CAGE,,,
hCAGE UBERON:0001896,+,hCAGE,UBERON:0001896,medulla oblongata,tissue,,fantom,,,OutputType.CAGE,,,
hCAGE UBERON:0001897,+,hCAGE,UBERON:0001897,dorsal plus ventral thalamus,tissue,,fantom,,,OutputType.CAGE,,,
hCAGE UBERON:0001905,+,hCAGE,UBERON:0001905,pineal body,tissue,,fantom,,,OutputType.CAGE,,,
hCAGE UBERON:0001954,+,hCAGE,UBERON:0001954,Ammon's horn,tissue,,fantom,,,OutputType.CAGE,,,
hCAGE UBERON:0001987,+,hCAGE,UBERON:0001987,placenta,tissue,,fantom,,,OutputType.CAGE,,,
hCAGE UBERON:0002021,+,hCAGE,UBERON:0002021,occipital lobe,tissue,,fantom,,,OutputType.CAGE,,,
hCAGE UBERON:0002022,+,hCAGE,UBERON:0002022,insula,tissue,,fantom,,,OutputType.CAGE,,,
hCAGE UBERON:0002037,+,hCAGE,UBERON:0002037,cerebellum,tissue,,fantom,,,OutputType.CAGE,,,
hCAGE UBERON:0002038,+,hCAGE,UBERON:0002038,substantia nigra,tissue,,fantom,,,OutputType.CAGE,,,
hCAGE UBERON:0002046,+,hCAGE,UBERON:0002046,thyroid gland,tissue,,fantom,,,OutputType.CAGE,,,
hCAGE UBERON:0002048,+,hCAGE,UBERON:0002048,lung,tissue,,fantom,,,OutputType.CAGE,,,
hCAGE UBERON:0002079,+,hCAGE,UBERON:0002079,left cardiac atrium,tissue,,fantom,,,OutputType.CAGE,,,
hCAGE UBERON:0002084,+,hCAGE,UBERON:0002084,heart left ventricle,tissue,,fantom,,,OutputType.CAGE,,,
hCAGE UBERON:0002106,+,hCAGE,UBERON:0002106,spleen,tissue,,fantom,,,OutputType.CAGE,,,
hCAGE UBERON:0002107,+,hCAGE,UBERON:0002107,liver,tissue,,fantom,,,OutputType.CAGE,,,
hCAGE UBERON:0002108,+,hCAGE,UBERON:0002108,small intestine,tissue,,fantom,,,OutputType.CAGE,,,
hCAGE UBERON:0002110,+,hCAGE,UBERON:0002110,gallbladder,tissue,,fantom,,,OutputType.CAGE,,,
hCAGE UBERON:0002113,+,hCAGE,UBERON:0002113,kidney,tissue,,fantom,,,OutputType.CAGE,,,
hCAGE UBERON:0002114,+,hCAGE,UBERON:0002114,duodenum,tissue,,fantom,,,OutputType.CAGE,,,
hCAGE UBERON:0002118,+,hCAGE,UBERON:0002118,right ovary,primary_cell,,fantom,,,OutputType.CAGE,,,
hCAGE UBERON:0002119,+,hCAGE,UBERON:0002119,left ovary,primary_cell,,fantom,,,OutputType.CAGE,,,
hCAGE UBERON:0002134,+,hCAGE,UBERON:0002134,tricuspid valve,tissue,,fantom,,,OutputType.CAGE,,,
hCAGE UBERON:0002135,+,hCAGE,UBERON:0002135,mitral valve,tissue,,fantom,,,OutputType.CAGE,,,
hCAGE UBERON:0002146,+,hCAGE,UBERON:0002146,pulmonary valve,tissue,,fantom,,,OutputType.CAGE,,,
hCAGE UBERON:0002148,+,hCAGE,UBERON:0002148,locus ceruleus,tissue,,fantom,,,OutputType.CAGE,,,
hCAGE UBERON:0002171,+,hCAGE,UBERON:0002171,lower lobe of right lung,tissue,,fantom,,,OutputType.CAGE,,,
hCAGE UBERON:0002240,+,hCAGE,UBERON:0002240,spinal cord,tissue,,fantom,,,OutputType.CAGE,,,
hCAGE UBERON:0002331,+,hCAGE,UBERON:0002331,umbilical cord,tissue,,fantom,,,OutputType.CAGE,,,
hCAGE UBERON:0002336,+,hCAGE,UBERON:0002336,corpus callosum,tissue,,fantom,,,OutputType.CAGE,,,
hCAGE UBERON:0002360,+,hCAGE,UBERON:0002360,meninx,tissue,,fantom,,,OutputType.CAGE,,,
hCAGE UBERON:0002363,+,hCAGE,UBERON:0002363,dura mater,tissue,,fantom,,,OutputType.CAGE,,,
hCAGE UBERON:0002367,+,hCAGE,UBERON:0002367,prostate gland,tissue,,fantom,,,OutputType.CAGE,,,
hCAGE UBERON:0002369,+,hCAGE,UBERON:0002369,adrenal gland,tissue,,fantom,,,OutputType.CAGE,,,
hCAGE UBERON:0002370,+,hCAGE,UBERON:0002370,thymus,tissue,,fantom,,,OutputType.CAGE,,,
hCAGE UBERON:0002371,+,hCAGE,UBERON:0002371,bone marrow,tissue,,fantom,,,OutputType.CAGE,,,
hCAGE UBERON:0002372,+,hCAGE,UBERON:0002372,tonsil,tissue,,fantom,,,OutputType.CAGE,,,
hCAGE UBERON:0002448,+,hCAGE,UBERON:0002448,fungiform papilla,tissue,,fantom,,,OutputType.CAGE,,,
hCAGE UBERON:0002581,+,hCAGE,UBERON:0002581,postcentral gyrus,tissue,,fantom,,,OutputType.CAGE,,,
hCAGE UBERON:0002702,+,hCAGE,UBERON:0002702,middle frontal gyrus,tissue,,fantom,,,OutputType.CAGE,,,
hCAGE UBERON:0002771,+,hCAGE,UBERON:0002771,middle temporal gyrus,tissue,,fantom,,,OutputType.CAGE,,,
hCAGE UBERON:0002902,+,hCAGE,UBERON:0002902,occipital pole,tissue,,fantom,,,OutputType.CAGE,,,
hCAGE UBERON:0003112,+,hCAGE,UBERON:0003112,olfactory region,tissue,,fantom,,,OutputType.CAGE,,,
hCAGE UBERON:0003126,+,hCAGE,UBERON:0003126,trachea,tissue,,fantom,,,OutputType.CAGE,,,
hCAGE UBERON:0003701,+,hCAGE,UBERON:0003701,calcaneal tendon,tissue,,fantom,,,OutputType.CAGE,,,
hCAGE UBERON:0003729,+,hCAGE,UBERON:0003729,mouth mucosa,primary_cell,,fantom,,,OutputType.CAGE,,,
hCAGE UBERON:0004225,+,hCAGE,UBERON:0004225,respiratory system smooth muscle,primary_cell,,fantom,,,OutputType.CAGE,,,
hCAGE UBERON:0005795,+,hCAGE,UBERON:0005795,embryonic uterus,tissue,,fantom,,,OutputType.CAGE,,,
hCAGE UBERON:0006322,+,hCAGE,UBERON:0006322,inferior rectus extraocular muscle,tissue,,fantom,,,OutputType.CAGE,,,
hCAGE UBERON:0006323,+,hCAGE,UBERON:0006323,superior rectus extraocular muscle,tissue,,fantom,,,OutputType.CAGE,,,
hCAGE UBERON:0006659,+,hCAGE,UBERON:0006659,cruciate ligament of knee,tissue,,fantom,,,OutputType.CAGE,,,
hCAGE UBERON:0007023,+,hCAGE,UBERON:0007023,adult organism,primary_cell,,fantom,,,OutputType.CAGE,,,
hCAGE UBERON:0007190,+,hCAGE,UBERON:0007190,paracentral gyrus,tissue,,fantom,,,OutputType.CAGE,,,
hCAGE UBERON:0008198,+,hCAGE,UBERON:0008198,nail plate,tissue,,fantom,,,OutputType.CAGE,,,
hCAGE UBERON:0013777,+,hCAGE,UBERON:0013777,skin of palm of manus,tissue,,fantom,,,OutputType.CAGE,,,
LQhCAGE CL:0000077,-,LQhCAGE,CL:0000077,mesothelial cell,primary_cell,,fantom,,,OutputType.CAGE,,,
LQhCAGE CL:0000136,-,LQhCAGE,CL:0000136,fat cell,primary_cell,,fantom,,,OutputType.CAGE,,,
LQhCAGE CL:0000767,-,LQhCAGE,CL:0000767,basophil,primary_cell,,fantom,,,OutputType.CAGE,,,
LQhCAGE CL:0000771,-,LQhCAGE,CL:0000771,eosinophil,primary_cell,,fantom,,,OutputType.CAGE,,,
LQhCAGE CL:0000775,-,LQhCAGE,CL:0000775,neutrophil,primary_cell,,fantom,,,OutputType.CAGE,,,
LQhCAGE CL:0000784,-,LQhCAGE,CL:0000784,plasmacytoid dendritic cell,primary_cell,,fantom,,,OutputType.CAGE,,,
LQhCAGE CL:0000840,-,LQhCAGE,CL:0000840,immature conventional dendritic cell,primary_cell,,fantom,,,OutputType.CAGE,,,
LQhCAGE CL:0000895,-,LQhCAGE,CL:0000895,"naive thymus-derived CD4-positive, alpha-beta T cell",primary_cell,,fantom,,,OutputType.CAGE,,,
LQhCAGE CL:0002092,-,LQhCAGE,CL:0002092,bone marrow cell,primary_cell,,fantom,,,OutputType.CAGE,,,
LQhCAGE CL:0002166,-,LQhCAGE,CL:0002166,epithelial cell of Malassez,primary_cell,,fantom,,,OutputType.CAGE,,,
LQhCAGE CL:0002167,-,LQhCAGE,CL:0002167,olfactory epithelial cell,primary_cell,,fantom,,,OutputType.CAGE,,,
LQhCAGE CL:0002193,-,LQhCAGE,CL:0002193,myelocyte,primary_cell,,fantom,,,OutputType.CAGE,,,
LQhCAGE CL:0002397,-,LQhCAGE,CL:0002397,"CD14-positive, CD16-positive monocyte",primary_cell,,fantom,,,OutputType.CAGE,,,
LQhCAGE CL:0002677,-,LQhCAGE,CL:0002677,naive regulatory T cell,primary_cell,,fantom,,,OutputType.CAGE,,,
LQhCAGE UBERON:0012168,-,LQhCAGE,UBERON:0012168,umbilical cord blood,primary_cell,,fantom,,,OutputType.CAGE,,,
hCAGE CL:0000047,-,hCAGE,CL:0000047,neuronal stem cell,primary_cell,,fantom,,,OutputType.CAGE,,,
hCAGE CL:0000062,-,hCAGE,CL:0000062,osteoblast,primary_cell,,fantom,,,OutputType.CAGE,,,
hCAGE CL:0000077,-,hCAGE,CL:0000077,mesothelial cell,primary_cell,,fantom,,,OutputType.CAGE,,,
hCAGE CL:0000097,-,hCAGE,CL:0000097,mast cell,primary_cell,,fantom,,,OutputType.CAGE,,,
hCAGE CL:0000134,-,hCAGE,CL:0000134,mesenchymal cell,primary_cell,,fantom,,,OutputType.CAGE,,,
hCAGE CL:0000138,-,hCAGE,CL:0000138,chondrocyte,primary_cell,,fantom,,,OutputType.CAGE,,,
hCAGE CL:0000182,-,hCAGE,CL:0000182,hepatocyte,primary_cell,,fantom,,,OutputType.CAGE,,,
hCAGE CL:0000188,-,hCAGE,CL:0000188,cell of skeletal muscle,primary_cell,,fantom,,,OutputType.CAGE,,,
hCAGE CL:0000214,-,hCAGE,CL:0000214,synovial cell,primary_cell,,fantom,,,OutputType.CAGE,,,
hCAGE CL:0000216,-,hCAGE,CL:0000216,Sertoli cell,primary_cell,,fantom,,,OutputType.CAGE,,,
hCAGE CL:0000235,-,hCAGE,CL:0000235,macrophage,primary_cell,,fantom,,,OutputType.CAGE,,,
hCAGE CL:0000307,-,hCAGE,CL:0000307,tracheal epithelial cell,primary_cell,,fantom,,,OutputType.CAGE,,,
hCAGE CL:0000312,-,hCAGE,CL:0000312,keratinocyte,primary_cell,,fantom,,,OutputType.CAGE,,,
hCAGE CL:0000322,-,hCAGE,CL:0000322,pneumocyte,primary_cell,,fantom,,,OutputType.CAGE,,,
hCAGE CL:0000388,-,hCAGE,CL:0000388,tendon cell,primary_cell,,fantom,,,OutputType.CAGE,,,
hCAGE CL:0000453,-,hCAGE,CL:0000453,Langerhans cell,primary_cell,,fantom,,,OutputType.CAGE,,,
hCAGE CL:0000515,-,hCAGE,CL:0000515,skeletal muscle myoblast,primary_cell,,fantom,,,OutputType.CAGE,,,
hCAGE CL:0000540,-,hCAGE,CL:0000540,neuron,primary_cell,,fantom,,,OutputType.CAGE,,,
hCAGE CL:0000558,-,hCAGE,CL:0000558,reticulocyte,primary_cell,,fantom,,,OutputType.CAGE,,,
hCAGE CL:0000569,-,hCAGE,CL:0000569,cardiac mesenchymal cell,primary_cell,,fantom,,,OutputType.CAGE,,,
hCAGE CL:0000575,-,hCAGE,CL:0000575,corneal epithelial cell,primary_cell,,fantom,,,OutputType.CAGE,,,
hCAGE CL:0000576,-,hCAGE,CL:0000576,monocyte,primary_cell,,fantom,,,OutputType.CAGE,,,
hCAGE CL:0000594,-,hCAGE,CL:0000594,skeletal muscle satellite cell,primary_cell,,fantom,,,OutputType.CAGE,,,
hCAGE CL:0000623,-,hCAGE,CL:0000623,natural killer cell,primary_cell,,fantom,,,OutputType.CAGE,,,
hCAGE CL:0000650,-,hCAGE,CL:0000650,mesangial cell,primary_cell,,fantom,,,OutputType.CAGE,,,
hCAGE CL:0000708,-,hCAGE,CL:0000708,leptomeningeal cell,primary_cell,,fantom,,,OutputType.CAGE,,,
hCAGE CL:0000731,-,hCAGE,CL:0000731,urothelial cell,primary_cell,,fantom,,,OutputType.CAGE,,,
hCAGE CL:0000746,-,hCAGE,CL:0000746,cardiac muscle cell,primary_cell,,fantom,,,OutputType.CAGE,,,
hCAGE CL:0000767,-,hCAGE,CL:0000767,basophil,primary_cell,,fantom,,,OutputType.CAGE,,,
hCAGE CL:0000775,-,hCAGE,CL:0000775,neutrophil,primary_cell,,fantom,,,OutputType.CAGE,,,
hCAGE CL:0000784,-,hCAGE,CL:0000784,plasmacytoid dendritic cell,primary_cell,,fantom,,,OutputType.CAGE,,,
hCAGE CL:0000798,-,hCAGE,CL:0000798,gamma-delta T cell,primary_cell,,fantom,,,OutputType.CAGE,,,
hCAGE CL:0000840,-,hCAGE,CL:0000840,immature conventional dendritic cell,primary_cell,,fantom,,,OutputType.CAGE,,,
hCAGE CL:0001016,-,hCAGE,CL:0001016,immature CD1a-positive Langerhans cell,primary_cell,,fantom,,,OutputType.CAGE,,,
hCAGE CL:0002057,-,hCAGE,CL:0002057,"CD14-positive, CD16-negative classical monocyte",primary_cell,,fantom,,,OutputType.CAGE,,,
hCAGE CL:0002138,-,hCAGE,CL:0002138,endothelial cell of lymphatic vessel,primary_cell,,fantom,,,OutputType.CAGE,,,
hCAGE CL:0002140,-,hCAGE,CL:0002140,acinar cell of sebaceous gland,primary_cell,,fantom,,,OutputType.CAGE,,,
hCAGE CL:0002144,-,hCAGE,CL:0002144,capillary endothelial cell,primary_cell,,fantom,,,OutputType.CAGE,,,
hCAGE CL:0002166,-,hCAGE,CL:0002166,epithelial cell of Malassez,primary_cell,,fantom,,,OutputType.CAGE,,,
hCAGE CL:0002167,-,hCAGE,CL:0002167,olfactory epithelial cell,primary_cell,,fantom,,,OutputType.CAGE,,,
hCAGE CL:0002188,-,hCAGE,CL:0002188,glomerular endothelial cell,primary_cell,,fantom,,,OutputType.CAGE,,,
hCAGE CL:0002224,-,hCAGE,CL:0002224,lens epithelial cell,primary_cell,,fantom,,,OutputType.CAGE,,,
hCAGE CL:0002231,-,hCAGE,CL:0002231,epithelial cell of prostate,primary_cell,,fantom,,,OutputType.CAGE,,,
hCAGE CL:0002252,-,hCAGE,CL:0002252,epithelial cell of esophagus,primary_cell,,fantom,,,OutputType.CAGE,,,
hCAGE CL:0002304,-,hCAGE,CL:0002304,non-pigmented ciliary epithelial cell,primary_cell,,fantom,,,OutputType.CAGE,,,
hCAGE CL:0002306,-,hCAGE,CL:0002306,epithelial cell of proximal tubule,primary_cell,,fantom,,,OutputType.CAGE,,,
hCAGE CL:0002327,-,hCAGE,CL:0002327,mammary gland epithelial cell,primary_cell,,fantom,,,OutputType.CAGE,,,
hCAGE CL:0002328,-,hCAGE,CL:0002328,bronchial epithelial cell,primary_cell,,fantom,,,OutputType.CAGE,,,
hCAGE CL:0002363,-,hCAGE,CL:0002363,keratocyte,primary_cell,,fantom,,,OutputType.CAGE,,,
hCAGE CL:0002367,-,hCAGE,CL:0002367,trabecular meshwork cell,primary_cell,,fantom,,,OutputType.CAGE,,,
hCAGE CL:0002368,-,hCAGE,CL:0002368,respiratory epithelial cell,primary_cell,,fantom,,,OutputType.CAGE,,,
hCAGE CL:0002372,-,hCAGE,CL:0002372,myotube,primary_cell,,fantom,,,OutputType.CAGE,,,
hCAGE CL:0002397,-,hCAGE,CL:0002397,"CD14-positive, CD16-positive monocyte",primary_cell,,fantom,,,OutputType.CAGE,,,
hCAGE CL:0002453,-,hCAGE,CL:0002453,oligodendrocyte precursor cell,primary_cell,,fantom,,,OutputType.CAGE,,,
hCAGE CL:0002504,-,hCAGE,CL:0002504,enteric smooth muscle cell,primary_cell,,fantom,,,OutputType.CAGE,,,
hCAGE CL:0002521,-,hCAGE,CL:0002521,subcutaneous fat cell,primary_cell,,fantom,,,OutputType.CAGE,,,
hCAGE CL:0002536,-,hCAGE,CL:0002536,amniotic epithelial cell,primary_cell,,fantom,,,OutputType.CAGE,,,
hCAGE CL:0002537,-,hCAGE,CL:0002537,amnion mesenchymal stem cell,primary_cell,,fantom,,,OutputType.CAGE,,,
hCAGE CL:0002539,-,hCAGE,CL:0002539,aortic smooth muscle cell,primary_cell,,fantom,,,OutputType.CAGE,,,
hCAGE CL:0002540,-,hCAGE,CL:0002540,mesenchymal stem cell of the bone marrow,primary_cell,,fantom,,,OutputType.CAGE,,,
hCAGE CL:0002543,-,hCAGE,CL:0002543,vein endothelial cell,primary_cell,,fantom,,,OutputType.CAGE,,,
hCAGE CL:0002544,-,hCAGE,CL:0002544,aortic endothelial cell,primary_cell,,fantom,,,OutputType.CAGE,,,
hCAGE CL:0002545,-,hCAGE,CL:0002545,thoracic aorta endothelial cell,primary_cell,,fantom,,,OutputType.CAGE,,,
hCAGE CL:0002547,-,hCAGE,CL:0002547,fibroblast of the aortic adventitia,primary_cell,,fantom,,,OutputType.CAGE,,,
hCAGE CL:0002548,-,hCAGE,CL:0002548,cardiac fibroblast,primary_cell,,fantom,,,OutputType.CAGE,,,
hCAGE CL:0002549,-,hCAGE,CL:0002549,fibroblast of choroid plexus,primary_cell,,fantom,,,OutputType.CAGE,,,
hCAGE CL:0002550,-,hCAGE,CL:0002550,fibroblast of the conjuctiva,primary_cell,,fantom,,,OutputType.CAGE,,,
hCAGE CL:0002551,-,hCAGE,CL:0002551,fibroblast of dermis,primary_cell,,fantom,,,OutputType.CAGE,,,
hCAGE CL:0002552,-,hCAGE,CL:0002552,fibroblast of gingiva,primary_cell,,fantom,,,OutputType.CAGE,,,
hCAGE CL:0002553,-,hCAGE,CL:0002553,lung fibroblast,primary_cell,,fantom,,,OutputType.CAGE,,,
hCAGE CL:0002554,-,hCAGE,CL:0002554,fibroblast of lymphatic vessel,primary_cell,,fantom,,,OutputType.CAGE,,,
hCAGE CL:0002555,-,hCAGE,CL:0002555,fibroblast of mammary gland,primary_cell,,fantom,,,OutputType.CAGE,,,
hCAGE CL:0002556,-,hCAGE,CL:0002556,fibroblast of periodontium,primary_cell,,fantom,,,OutputType.CAGE,,,
hCAGE CL:0002557,-,hCAGE,CL:0002557,fibroblast of pulmonary artery,primary_cell,,fantom,,,OutputType.CAGE,,,
hCAGE CL:0002558,-,hCAGE,CL:0002558,fibroblast of villous mesenchyme,primary_cell,,fantom,,,OutputType.CAGE,,,
hCAGE CL:0002561,-,hCAGE,CL:0002561,outer root sheath cell,primary_cell,,fantom,,,OutputType.CAGE,,,
hCAGE CL:0002563,-,hCAGE,CL:0002563,intestinal epithelial cell,primary_cell,,fantom,,,OutputType.CAGE,,,
hCAGE CL:0002564,-,hCAGE,CL:0002564,nucleus pulposus cell of intervertebral disc,primary_cell,,fantom,,,OutputType.CAGE,,,
hCAGE CL:0002565,-,hCAGE,CL:0002565,iris pigment epithelial cell,primary_cell,,fantom,,,OutputType.CAGE,,,
hCAGE CL:0002566,-,hCAGE,CL:0002566,dark melanocyte,primary_cell,,fantom,,,OutputType.CAGE,,,
hCAGE CL:0002567,-,hCAGE,CL:0002567,light melanocyte,primary_cell,,fantom,,,OutputType.CAGE,,,
hCAGE CL:0002568,-,hCAGE,CL:0002568,mesenchymal stem cell of Wharton's jelly,primary_cell,,fantom,,,OutputType.CAGE,,,
hCAGE CL:0002569,-,hCAGE,CL:0002569,mesenchymal stem cell of umbilical cord,primary_cell,,fantom,,,OutputType.CAGE,,,
hCAGE CL:0002570,-,hCAGE,CL:0002570,mesenchymal stem cell of adipose,primary_cell,,fantom,,,OutputType.CAGE,,,
hCAGE CL:0002571,-,hCAGE,CL:0002571,hepatic mesenchymal stem cell,primary_cell,,fantom,,,OutputType.CAGE,,,
hCAGE CL:0002572,-,hCAGE,CL:0002572,vertebral mesenchymal stem cell,primary_cell,,fantom,,,OutputType.CAGE,,,
hCAGE CL:0002573,-,hCAGE,CL:0002573,Schwann cell,primary_cell,,fantom,,,OutputType.CAGE,,,
hCAGE CL:0002574,-,hCAGE,CL:0002574,stromal cell of pancreas,primary_cell,,fantom,,,OutputType.CAGE,,,
hCAGE CL:0002575,-,hCAGE,CL:0002575,central nervous system pericyte,primary_cell,,fantom,,,OutputType.CAGE,,,
hCAGE CL:0002576,-,hCAGE,CL:0002576,perineural cell,primary_cell,,fantom,,,OutputType.CAGE,,,
hCAGE CL:0002577,-,hCAGE,CL:0002577,placental epithelial cell,primary_cell,,fantom,,,OutputType.CAGE,,,
hCAGE CL:0002579,-,hCAGE,CL:0002579,omentum preadipocyte,primary_cell,,fantom,,,OutputType.CAGE,,,
hCAGE CL:0002580,-,hCAGE,CL:0002580,preadipocyte of the breast,primary_cell,,fantom,,,OutputType.CAGE,,,
hCAGE CL:0002581,-,hCAGE,CL:0002581,perirenal preadipocyte,primary_cell,,fantom,,,OutputType.CAGE,,,
hCAGE CL:0002582,-,hCAGE,CL:0002582,visceral preadipocyte,primary_cell,,fantom,,,OutputType.CAGE,,,
hCAGE CL:0002583,-,hCAGE,CL:0002583,subcutaneous preadipocyte,primary_cell,,fantom,,,OutputType.CAGE,,,
hCAGE CL:0002584,-,hCAGE,CL:0002584,renal cortical epithelial cell,primary_cell,,fantom,,,OutputType.CAGE,,,
hCAGE CL:0002586,-,hCAGE,CL:0002586,retinal pigment epithelial cell,primary_cell,,fantom,,,OutputType.CAGE,,,
hCAGE CL:0002588,-,hCAGE,CL:0002588,smooth muscle cell of the umbilical vein,primary_cell,,fantom,,,OutputType.CAGE,,,
hCAGE CL:0002589,-,hCAGE,CL:0002589,smooth muscle cell of the brachiocephalic vasculature,primary_cell,,fantom,,,OutputType.CAGE,,,
hCAGE CL:0002590,-,hCAGE,CL:0002590,smooth muscle cell of the brain vasculature,primary_cell,,fantom,,,OutputType.CAGE,,,
hCAGE CL:0002591,-,hCAGE,CL:0002591,smooth muscle cell of the pulmonary artery,primary_cell,,fantom,,,OutputType.CAGE,,,
hCAGE CL:0002592,-,hCAGE,CL:0002592,smooth muscle cell of the coronary artery,primary_cell,,fantom,,,OutputType.CAGE,,,
hCAGE CL:0002593,-,hCAGE,CL:0002593,smooth muscle cell of the internal thoracic artery,primary_cell,,fantom,,,OutputType.CAGE,,,
hCAGE CL:0002594,-,hCAGE,CL:0002594,smooth muscle cell of the umbilical artery,primary_cell,,fantom,,,OutputType.CAGE,,,
hCAGE CL:0002595,-,hCAGE,CL:0002595,smooth muscle cell of the subclavian artery,primary_cell,,fantom,,,OutputType.CAGE,,,
hCAGE CL:0002596,-,hCAGE,CL:0002596,smooth muscle cell of the carotid artery,primary_cell,,fantom,,,OutputType.CAGE,,,
hCAGE CL:0002597,-,hCAGE,CL:0002597,smooth muscle cell of bladder,primary_cell,,fantom,,,OutputType.CAGE,,,
hCAGE CL:0002598,-,hCAGE,CL:0002598,bronchial smooth muscle cell,primary_cell,,fantom,,,OutputType.CAGE,,,
hCAGE CL:0002599,-,hCAGE,CL:0002599,smooth muscle cell of the esophagus,primary_cell,,fantom,,,OutputType.CAGE,,,
hCAGE CL:0002600,-,hCAGE,CL:0002600,smooth muscle cell of trachea,primary_cell,,fantom,,,OutputType.CAGE,,,
hCAGE CL:0002601,-,hCAGE,CL:0002601,uterine smooth muscle cell,primary_cell,,fantom,,,OutputType.CAGE,,,
hCAGE CL:0002602,-,hCAGE,CL:0002602,annulus pulposus cell,primary_cell,,fantom,,,OutputType.CAGE,,,
hCAGE CL:0002603,-,hCAGE,CL:0002603,astrocyte of the cerebellum,primary_cell,,fantom,,,OutputType.CAGE,,,
hCAGE CL:0002605,-,hCAGE,CL:0002605,astrocyte of the cerebral cortex,primary_cell,,fantom,,,OutputType.CAGE,,,
hCAGE CL:0002615,-,hCAGE,CL:0002615,adipocyte of omentum tissue,primary_cell,,fantom,,,OutputType.CAGE,,,
hCAGE CL:0002616,-,hCAGE,CL:0002616,perirenal adipocyte cell,primary_cell,,fantom,,,OutputType.CAGE,,,
hCAGE CL:0002617,-,hCAGE,CL:0002617,adipocyte of breast,primary_cell,,fantom,,,OutputType.CAGE,,,
hCAGE CL:0002618,-,hCAGE,CL:0002618,endothelial cell of umbilical vein,primary_cell,,fantom,,,OutputType.CAGE,,,
hCAGE CL:0002620,-,hCAGE,CL:0002620,skin fibroblast,primary_cell,,fantom,,,OutputType.CAGE,,,
hCAGE CL:0002621,-,hCAGE,CL:0002621,gingival epithelial cell,primary_cell,,fantom,,,OutputType.CAGE,,,
hCAGE CL:0002622,-,hCAGE,CL:0002622,prostate stromal cell,primary_cell,,fantom,,,OutputType.CAGE,,,
hCAGE CL:0002623,-,hCAGE,CL:0002623,acinar cell of salivary gland,primary_cell,,fantom,,,OutputType.CAGE,,,
hCAGE CL:0002677,-,hCAGE,CL:0002677,naive regulatory T cell,primary_cell,,fantom,,,OutputType.CAGE,,,
hCAGE CL:1000280,-,hCAGE,CL:1000280,smooth muscle cell of colon,primary_cell,,fantom,,,OutputType.CAGE,,,
hCAGE CL:1000413,-,hCAGE,CL:1000413,endothelial cell of artery,primary_cell,,fantom,,,OutputType.CAGE,,,
hCAGE CL:1000428,-,hCAGE,CL:1000428,stem cell of epidermis,primary_cell,,fantom,,,OutputType.CAGE,,,
hCAGE CL:1000487,-,hCAGE,CL:1000487,smooth muscle cell of prostate,primary_cell,,fantom,,,OutputType.CAGE,,,
hCAGE CL:1000494,-,hCAGE,CL:1000494,nephron tubule epithelial cell,primary_cell,,fantom,,,OutputType.CAGE,,,
hCAGE EFO:0001086,-,hCAGE,EFO:0001086,A549,cell_line,,fantom,,,OutputType.CAGE,,,
hCAGE EFO:0001099,-,hCAGE,EFO:0001099,Caco-2,cell_line,,fantom,,,OutputType.CAGE,,,
hCAGE EFO:0001182,-,hCAGE,EFO:0001182,HEK293,cell_line,,fantom,,,OutputType.CAGE,,,
hCAGE EFO:0001187,-,hCAGE,EFO:0001187,HepG2,cell_line,,fantom,,,OutputType.CAGE,,,
hCAGE EFO:0001253,-,hCAGE,EFO:0001253,THP-1,cell_line,,fantom,,,OutputType.CAGE,,,
hCAGE EFO:0002059,-,hCAGE,EFO:0002059,HT1080,cell_line,,fantom,,,OutputType.CAGE,,,
hCAGE EFO:0002067,-,hCAGE,EFO:0002067,K562,cell_line,,fantom,,,OutputType.CAGE,,,
hCAGE EFO:0002074,-,hCAGE,EFO:0002074,PC-3,cell_line,,fantom,,,OutputType.CAGE,,,
hCAGE EFO:0002101,-,hCAGE,EFO:0002101,A172,cell_line,,fantom,,,OutputType.CAGE,,,
hCAGE EFO:0002179,-,hCAGE,EFO:0002179,G401,cell_line,,fantom,,,OutputType.CAGE,,,
hCAGE EFO:0002285,-,hCAGE,EFO:0002285,NCI-H226,cell_line,,fantom,,,OutputType.CAGE,,,
hCAGE EFO:0002324,-,hCAGE,EFO:0002324,Raji,cell_line,,fantom,,,OutputType.CAGE,,,
hCAGE EFO:0002784,-,hCAGE,EFO:0002784,GM12878,cell_line,,fantom,,,OutputType.CAGE,,,
hCAGE EFO:0002791,-,hCAGE,EFO:0002791,HeLa-S3,cell_line,,fantom,,,OutputType.CAGE,,,
hCAGE EFO:0002793,-,hCAGE,EFO:0002793,HL-60,cell_line,,fantom,,,OutputType.CAGE,,,
hCAGE EFO:0002796,-,hCAGE,EFO:0002796,Jurkat,cell_line,,fantom,,,OutputType.CAGE,,,
hCAGE EFO:0002860,-,hCAGE,EFO:0002860,SK-N-MC,cell_line,,fantom,,,OutputType.CAGE,,,
hCAGE EFO:0003044,-,hCAGE,EFO:0003044,NCI-H460,cell_line,,fantom,,,OutputType.CAGE,,,
hCAGE EFO:0005441,-,hCAGE,EFO:0005441,DU 145,cell_line,,fantom,,,OutputType.CAGE,,,
hCAGE UBERON:0000002,-,hCAGE,UBERON:0000002,uterine cervix,tissue,,fantom,,,OutputType.CAGE,,,
hCAGE UBERON:0000007,-,hCAGE,UBERON:0000007,pituitary gland,tissue,,fantom,,,OutputType.CAGE,,,
hCAGE UBERON:0000014,-,hCAGE,UBERON:0000014,zone of skin,tissue,,fantom,,,OutputType.CAGE,,,
hCAGE UBERON:0000019,-,hCAGE,UBERON:0000019,camera-type eye,tissue,,fantom,,,OutputType.CAGE,,,
hCAGE UBERON:0000029,-,hCAGE,UBERON:0000029,lymph node,tissue,,fantom,,,OutputType.CAGE,,,
hCAGE UBERON:0000057,-,hCAGE,UBERON:0000057,urethra,tissue,,fantom,,,OutputType.CAGE,,,
hCAGE UBERON:0000178,-,hCAGE,UBERON:0000178,blood,primary_cell,,fantom,,,OutputType.CAGE,,,
hCAGE UBERON:0000305,-,hCAGE,UBERON:0000305,amnion,primary_cell,,fantom,,,OutputType.CAGE,,,
hCAGE UBERON:0000310,-,hCAGE,UBERON:0000310,breast,tissue,,fantom,,,OutputType.CAGE,,,
hCAGE UBERON:0000341,-,hCAGE,UBERON:0000341,throat,tissue,,fantom,,,OutputType.CAGE,,,
hCAGE UBERON:0000473,-,hCAGE,UBERON:0000473,testis,tissue,,fantom,,,OutputType.CAGE,,,
hCAGE UBERON:0000920,-,hCAGE,UBERON:0000920,egg chorion,primary_cell,,fantom,,,OutputType.CAGE,,,
hCAGE UBERON:0000941,-,hCAGE,UBERON:0000941,cranial nerve II,tissue,,fantom,,,OutputType.CAGE,,,
hCAGE UBERON:0000945,-,hCAGE,UBERON:0000945,stomach,tissue,,fantom,,,OutputType.CAGE,,,
hCAGE UBERON:0000947,-,hCAGE,UBERON:0000947,aorta,tissue,,fantom,,,OutputType.CAGE,,,
hCAGE UBERON:0000948,-,hCAGE,UBERON:0000948,heart,tissue,,fantom,,,OutputType.CAGE,,,
hCAGE UBERON:0000955,-,hCAGE,UBERON:0000955,brain,tissue,,fantom,,,OutputType.CAGE,,,
hCAGE UBERON:0000966,-,hCAGE,UBERON:0000966,retina,tissue,,fantom,,,OutputType.CAGE,,,
hCAGE UBERON:0000988,-,hCAGE,UBERON:0000988,pons,tissue,,fantom,,,OutputType.CAGE,,,
hCAGE UBERON:0000989,-,hCAGE,UBERON:0000989,penis,tissue,,fantom,,,OutputType.CAGE,,,
hCAGE UBERON:0000992,-,hCAGE,UBERON:0000992,female gonad,tissue,,fantom,,,OutputType.CAGE,,,
hCAGE UBERON:0000995,-,hCAGE,UBERON:0000995,uterus,tissue,,fantom,,,OutputType.CAGE,,,
hCAGE UBERON:0000996,-,hCAGE,UBERON:0000996,vagina,tissue,,fantom,,,OutputType.CAGE,,,
hCAGE UBERON:0000998,-,hCAGE,UBERON:0000998,seminal vesicle,tissue,,fantom,,,OutputType.CAGE,,,
hCAGE UBERON:0001000,-,hCAGE,UBERON:0001000,vas deferens,tissue,,fantom,,,OutputType.CAGE,,,
hCAGE UBERON:0001013,-,hCAGE,UBERON:0001013,adipose tissue,tissue,,fantom,,,OutputType.CAGE,,,
hCAGE UBERON:0001043,-,hCAGE,UBERON:0001043,esophagus,tissue,,fantom,,,OutputType.CAGE,,,
hCAGE UBERON:0001044,-,hCAGE,UBERON:0001044,saliva-secreting gland,tissue,,fantom,,,OutputType.CAGE,,,
hCAGE UBERON:0001052,-,hCAGE,UBERON:0001052,rectum,tissue,,fantom,,,OutputType.CAGE,,,
hCAGE UBERON:0001103,-,hCAGE,UBERON:0001103,diaphragm,tissue,,fantom,,,OutputType.CAGE,,,
hCAGE UBERON:0001134,-,hCAGE,UBERON:0001134,skeletal muscle tissue,tissue,,fantom,,,OutputType.CAGE,,,
hCAGE UBERON:0001135,-,hCAGE,UBERON:0001135,smooth muscle tissue,tissue,,fantom,,,OutputType.CAGE,,,
hCAGE UBERON:0001154,-,hCAGE,UBERON:0001154,vermiform appendix,tissue,,fantom,,,OutputType.CAGE,,,
hCAGE UBERON:0001155,-,hCAGE,UBERON:0001155,colon,tissue,,fantom,,,OutputType.CAGE,,,
hCAGE UBERON:0001255,-,hCAGE,UBERON:0001255,urinary bladder,tissue,,fantom,,,OutputType.CAGE,,,
hCAGE UBERON:0001264,-,hCAGE,UBERON:0001264,pancreas,tissue,,fantom,,,OutputType.CAGE,,,
hCAGE UBERON:0001301,-,hCAGE,UBERON:0001301,epididymis,tissue,,fantom,,,OutputType.CAGE,,,
hCAGE UBERON:0001359,-,hCAGE,UBERON:0001359,cerebrospinal fluid,tissue,,fantom,,,OutputType.CAGE,,,
hCAGE UBERON:0001389,-,hCAGE,UBERON:0001389,soleus muscle,tissue,,fantom,,,OutputType.CAGE,,,
hCAGE UBERON:0001602,-,hCAGE,UBERON:0001602,medial rectus extraocular muscle,tissue,,fantom,,,OutputType.CAGE,,,
hCAGE UBERON:0001603,-,hCAGE,UBERON:0001603,lateral rectus extra-ocular muscle,tissue,,fantom,,,OutputType.CAGE,,,
hCAGE UBERON:0001637,-,hCAGE,UBERON:0001637,artery,tissue,,fantom,,,OutputType.CAGE,,,
hCAGE UBERON:0001638,-,hCAGE,UBERON:0001638,vein,tissue,,fantom,,,OutputType.CAGE,,,
hCAGE UBERON:0001723,-,hCAGE,UBERON:0001723,tongue,tissue,,fantom,,,OutputType.CAGE,,,
hCAGE UBERON:0001736,-,hCAGE,UBERON:0001736,submandibular gland,tissue,,fantom,,,OutputType.CAGE,,,
hCAGE UBERON:0001797,-,hCAGE,UBERON:0001797,vitreous humor,tissue,,fantom,,,OutputType.CAGE,,,
hCAGE UBERON:0001831,-,hCAGE,UBERON:0001831,parotid gland,tissue,,fantom,,,OutputType.CAGE,,,
hCAGE UBERON:0001870,-,hCAGE,UBERON:0001870,frontal cortex,tissue,,fantom,,,OutputType.CAGE,,,
hCAGE UBERON:0001871,-,hCAGE,UBERON:0001871,temporal lobe,tissue,,fantom,,,OutputType.CAGE,,,
hCAGE UBERON:0001872,-,hCAGE,UBERON:0001872,parietal lobe,tissue,,fantom,,,OutputType.CAGE,,,
hCAGE UBERON:0001873,-,hCAGE,UBERON:0001873,caudate nucleus,tissue,,fantom,,,OutputType.CAGE,,,
hCAGE UBERON:0001874,-,hCAGE,UBERON:0001874,putamen,tissue,,fantom,,,OutputType.CAGE,,,
hCAGE UBERON:0001875,-,hCAGE,UBERON:0001875,globus pallidus,tissue,,fantom,,,OutputType.CAGE,,,
hCAGE UBERON:0001876,-,hCAGE,UBERON:0001876,amygdala,tissue,,fantom,,,OutputType.CAGE,,,
hCAGE UBERON:0001882,-,hCAGE,UBERON:0001882,nucleus accumbens,tissue,,fantom,,,OutputType.CAGE,,,
hCAGE UBERON:0001894,-,hCAGE,UBERON:0001894,diencephalon,tissue,,fantom,,,OutputType.CAGE,,,
hCAGE UBERON:0001896,-,hCAGE,UBERON:0001896,medulla oblongata,tissue,,fantom,,,OutputType.CAGE,,,
hCAGE UBERON:0001897,-,hCAGE,UBERON:0001897,dorsal plus ventral thalamus,tissue,,fantom,,,OutputType.CAGE,,,
hCAGE UBERON:0001905,-,hCAGE,UBERON:0001905,pineal body,tissue,,fantom,,,OutputType.CAGE,,,
hCAGE UBERON:0001954,-,hCAGE,UBERON:0001954,Ammon's horn,tissue,,fantom,,,OutputType.CAGE,,,
hCAGE UBERON:0001987,-,hCAGE,UBERON:0001987,placenta,tissue,,fantom,,,OutputType.CAGE,,,
hCAGE UBERON:0002021,-,hCAGE,UBERON:0002021,occipital lobe,tissue,,fantom,,,OutputType.CAGE,,,
hCAGE UBERON:0002022,-,hCAGE,UBERON:0002022,insula,tissue,,fantom,,,OutputType.CAGE,,,
hCAGE UBERON:0002037,-,hCAGE,UBERON:0002037,cerebellum,tissue,,fantom,,,OutputType.CAGE,,,
hCAGE UBERON:0002038,-,hCAGE,UBERON:0002038,substantia nigra,tissue,,fantom,,,OutputType.CAGE,,,
hCAGE UBERON:0002046,-,hCAGE,UBERON:0002046,thyroid gland,tissue,,fantom,,,OutputType.CAGE,,,
hCAGE UBERON:0002048,-,hCAGE,UBERON:0002048,lung,tissue,,fantom,,,OutputType.CAGE,,,
hCAGE UBERON:0002079,-,hCAGE,UBERON:0002079,left cardiac atrium,tissue,,fantom,,,OutputType.CAGE,,,
hCAGE UBERON:0002084,-,hCAGE,UBERON:0002084,heart left ventricle,tissue,,fantom,,,OutputType.CAGE,,,
hCAGE UBERON:0002106,-,hCAGE,UBERON:0002106,spleen,tissue,,fantom,,,OutputType.CAGE,,,
hCAGE UBERON:0002107,-,hCAGE,UBERON:0002107,liver,tissue,,fantom,,,OutputType.CAGE,,,
hCAGE UBERON:0002108,-,hCAGE,UBERON:0002108,small intestine,tissue,,fantom,,,OutputType.CAGE,,,
hCAGE UBERON:0002110,-,hCAGE,UBERON:0002110,gallbladder,tissue,,fantom,,,OutputType.CAGE,,,
hCAGE UBERON:0002113,-,hCAGE,UBERON:0002113,kidney,tissue,,fantom,,,OutputType.CAGE,,,
hCAGE UBERON:0002114,-,hCAGE,UBERON:0002114,duodenum,tissue,,fantom,,,OutputType.CAGE,,,
hCAGE UBERON:0002118,-,hCAGE,UBERON:0002118,right ovary,primary_cell,,fantom,,,OutputType.CAGE,,,
hCAGE UBERON:0002119,-,hCAGE,UBERON:0002119,left ovary,primary_cell,,fantom,,,OutputType.CAGE,,,
hCAGE UBERON:0002134,-,hCAGE,UBERON:0002134,tricuspid valve,tissue,,fantom,,,OutputType.CAGE,,,
hCAGE UBERON:0002135,-,hCAGE,UBERON:0002135,mitral valve,tissue,,fantom,,,OutputType.CAGE,,,
hCAGE UBERON:0002146,-,hCAGE,UBERON:0002146,pulmonary valve,tissue,,fantom,,,OutputType.CAGE,,,
hCAGE UBERON:0002148,-,hCAGE,UBERON:0002148,locus ceruleus,tissue,,fantom,,,OutputType.CAGE,,,
hCAGE UBERON:0002171,-,hCAGE,UBERON:0002171,lower lobe of right lung,tissue,,fantom,,,OutputType.CAGE,,,
hCAGE UBERON:0002240,-,hCAGE,UBERON:0002240,spinal cord,tissue,,fantom,,,OutputType.CAGE,,,
hCAGE UBERON:0002331,-,hCAGE,UBERON:0002331,umbilical cord,tissue,,fantom,,,OutputType.CAGE,,,
hCAGE UBERON:0002336,-,hCAGE,UBERON:0002336,corpus callosum,tissue,,fantom,,,OutputType.CAGE,,,
hCAGE UBERON:0002360,-,hCAGE,UBERON:0002360,meninx,tissue,,fantom,,,OutputType.CAGE,,,
hCAGE UBERON:0002363,-,hCAGE,UBERON:0002363,dura mater,tissue,,fantom,,,OutputType.CAGE,,,
hCAGE UBERON:0002367,-,hCAGE,UBERON:0002367,prostate gland,tissue,,fantom,,,OutputType.CAGE,,,
hCAGE UBERON:0002369,-,hCAGE,UBERON:0002369,adrenal gland,tissue,,fantom,,,OutputType.CAGE,,,
hCAGE UBERON:0002370,-,hCAGE,UBERON:0002370,thymus,tissue,,fantom,,,OutputType.CAGE,,,
hCAGE UBERON:0002371,-,hCAGE,UBERON:0002371,bone marrow,tissue,,fantom,,,OutputType.CAGE,,,
hCAGE UBERON:0002372,-,hCAGE,UBERON:0002372,tonsil,tissue,,fantom,,,OutputType.CAGE,,,
hCAGE UBERON:0002448,-,hCAGE,UBERON:0002448,fungiform papilla,tissue,,fantom,,,OutputType.CAGE,,,
hCAGE UBERON:0002581,-,hCAGE,UBERON:0002581,postcentral gyrus,tissue,,fantom,,,OutputType.CAGE,,,
hCAGE UBERON:0002702,-,hCAGE,UBERON:0002702,middle frontal gyrus,tissue,,fantom,,,OutputType.CAGE,,,
hCAGE UBERON:0002771,-,hCAGE,UBERON:0002771,middle temporal gyrus,tissue,,fantom,,,OutputType.CAGE,,,
hCAGE UBERON:0002902,-,hCAGE,UBERON:0002902,occipital pole,tissue,,fantom,,,OutputType.CAGE,,,
hCAGE UBERON:0003112,-,hCAGE,UBERON:0003112,olfactory region,tissue,,fantom,,,OutputType.CAGE,,,
hCAGE UBERON:0003126,-,hCAGE,UBERON:0003126,trachea,tissue,,fantom,,,OutputType.CAGE,,,
hCAGE UBERON:0003701,-,hCAGE,UBERON:0003701,calcaneal tendon,tissue,,fantom,,,OutputType.CAGE,,,
hCAGE UBERON:0003729,-,hCAGE,UBERON:0003729,mouth mucosa,primary_cell,,fantom,,,OutputType.CAGE,,,
hCAGE UBERON:0004225,-,hCAGE,UBERON:0004225,respiratory system smooth muscle,primary_cell,,fantom,,,OutputType.CAGE,,,
hCAGE UBERON:0005795,-,hCAGE,UBERON:0005795,embryonic uterus,tissue,,fantom,,,OutputType.CAGE,,,
hCAGE UBERON:0006322,-,hCAGE,UBERON:0006322,inferior rectus extraocular muscle,tissue,,fantom,,,OutputType.CAGE,,,
hCAGE UBERON:0006323,-,hCAGE,UBERON:0006323,superior rectus extraocular muscle,tissue,,fantom,,,OutputType.CAGE,,,
hCAGE UBERON:0006659,-,hCAGE,UBERON:0006659,cruciate ligament of knee,tissue,,fantom,,,OutputType.CAGE,,,
hCAGE UBERON:0007023,-,hCAGE,UBERON:0007023,adult organism,primary_cell,,fantom,,,OutputType.CAGE,,,
hCAGE UBERON:0007190,-,hCAGE,UBERON:0007190,paracentral gyrus,tissue,,fantom,,,OutputType.CAGE,,,
hCAGE UBERON:0008198,-,hCAGE,UBERON:0008198,nail plate,tissue,,fantom,,,OutputType.CAGE,,,
hCAGE UBERON:0013777,-,hCAGE,UBERON:0013777,skin of palm of manus,tissue,,fantom,,,OutputType.CAGE,,,
CL:0000047 DNase-seq,.,DNase-seq,CL:0000047,neuronal stem cell,in_vitro_differentiated_cells,embryonic,encode,single,False,OutputType.DNASE,,,
CL:0000084 DNase-seq,.,DNase-seq,CL:0000084,T-cell,primary_cell,adult,encode,paired,False,OutputType.DNASE,,,
CL:0000115 DNase-seq,.,DNase-seq,CL:0000115,endothelial cell,in_vitro_differentiated_cells,adult,encode,paired,False,OutputType.DNASE,,,
CL:0000127 DNase-seq,.,DNase-seq,CL:0000127,astrocyte,primary_cell,unknown,encode,single,False,OutputType.DNASE,,,
CL:0000134 DNase-seq,.,DNase-seq,CL:0000134,mesenchymal stem cell,in_vitro_differentiated_cells,embryonic,encode,paired,False,OutputType.DNASE,,,
CL:0000136 DNase-seq,.,DNase-seq,CL:0000136,adipocyte,in_vitro_differentiated_cells,unknown,encode,paired,False,OutputType.DNASE,,,
CL:0000138 DNase-seq,.,DNase-seq,CL:0000138,chondrocyte,in_vitro_differentiated_cells,embryonic,encode,paired,False,OutputType.DNASE,,,
CL:0000182 DNase-seq,.,DNase-seq,CL:0000182,hepatocyte,in_vitro_differentiated_cells,embryonic,encode,paired,False,OutputType.DNASE,,,
CL:0000187 DNase-seq,.,DNase-seq,CL:0000187,myocyte,in_vitro_differentiated_cells,adult,encode,paired,False,OutputType.DNASE,,,
CL:0000188 DNase-seq,.,DNase-seq,CL:0000188,skeletal muscle cell,primary_cell,unknown,encode,single,False,OutputType.DNASE,,,
CL:0000223 DNase-seq,.,DNase-seq,CL:0000223,endodermal cell,in_vitro_differentiated_cells,embryonic,encode,paired,False,OutputType.DNASE,,,
CL:0000236 DNase-seq,.,DNase-seq,CL:0000236,B cell,primary_cell,adult,encode,paired,False,OutputType.DNASE,,,
CL:0000312 DNase-seq,.,DNase-seq,CL:0000312,keratinocyte,primary_cell,unknown,encode,single,False,OutputType.DNASE,,,
CL:0000351 DNase-seq,.,DNase-seq,CL:0000351,trophoblast cell,primary_cell,embryonic,encode,paired,False,OutputType.DNASE,,,
CL:0000515 DNase-seq,.,DNase-seq,CL:0000515,skeletal muscle myoblast,primary_cell,unknown,encode,paired,False,OutputType.DNASE,,,
CL:0000545 DNase-seq,.,DNase-seq,CL:0000545,T-helper 1 cell,primary_cell,adult,encode,paired,False,OutputType.DNASE,,,
CL:0000546 DNase-seq,.,DNase-seq,CL:0000546,T-helper 2 cell,primary_cell,adult,encode,paired,False,OutputType.DNASE,,,
CL:0000623 DNase-seq,.,DNase-seq,CL:0000623,natural killer cell,primary_cell,adult,encode,paired,False,OutputType.DNASE,,,
CL:0000624 DNase-seq,.,DNase-seq,CL:0000624,"CD4-positive, alpha-beta T cell",primary_cell,adult,encode,paired,False,OutputType.DNASE,,,
CL:0000625 DNase-seq,.,DNase-seq,CL:0000625,"CD8-positive, alpha-beta T cell",primary_cell,adult,encode,paired,False,OutputType.DNASE,,,
CL:0000632 DNase-seq,.,DNase-seq,CL:0000632,hepatic stellate cell,primary_cell,adult,encode,single,False,OutputType.DNASE,,,
CL:0000653 DNase-seq,.,DNase-seq,CL:0000653,glomerular visceral epithelial cell,primary_cell,child,encode,paired,False,OutputType.DNASE,,,
CL:0000679 DNase-seq,.,DNase-seq,CL:0000679,glutamatergic neuron,in_vitro_differentiated_cells,adult,encode,paired,False,OutputType.DNASE,,,
CL:0000706 DNase-seq,.,DNase-seq,CL:0000706,choroid plexus epithelial cell,primary_cell,unknown,encode,single,False,OutputType.DNASE,,,
CL:0000746 DNase-seq,.,DNase-seq,CL:0000746,cardiac muscle cell,primary_cell,unknown,encode,single,False,OutputType.DNASE,,,
CL:0000787 DNase-seq,.,DNase-seq,CL:0000787,memory B cell,primary_cell,adult,encode,paired,False,OutputType.DNASE,,,
CL:0000788 DNase-seq,.,DNase-seq,CL:0000788,naive B cell,primary_cell,unknown,encode,paired,False,OutputType.DNASE,,,
CL:0000792 DNase-seq,.,DNase-seq,CL:0000792,"CD4-positive, CD25-positive, alpha-beta regulatory T cell",primary_cell,adult,encode,paired,False,OutputType.DNASE,,,
CL:0000823 DNase-seq,.,DNase-seq,CL:0000823,immature natural killer cell,primary_cell,unknown,encode,paired,False,OutputType.DNASE,,,
CL:0000837 DNase-seq,.,DNase-seq,CL:0000837,hematopoietic multipotent progenitor cell,in_vitro_differentiated_cells,adult,encode,paired,False,OutputType.DNASE,,,
CL:0000862 DNase-seq,.,DNase-seq,CL:0000862,suppressor macrophage,primary_cell,adult,encode,paired,False,OutputType.DNASE,,,
CL:0000863 DNase-seq,.,DNase-seq,CL:0000863,inflammatory macrophage,primary_cell,adult,encode,paired,False,OutputType.DNASE,,,
CL:0000895 DNase-seq,.,DNase-seq,CL:0000895,"naive thymus-derived CD4-positive, alpha-beta T cell",primary_cell,adult,encode,paired,False,OutputType.DNASE,,,
CL:0000897 DNase-seq,.,DNase-seq,CL:0000897,"CD4-positive, alpha-beta memory T cell",primary_cell,adult,encode,paired,False,OutputType.DNASE,,,
CL:0000899 DNase-seq,.,DNase-seq,CL:0000899,T-helper 17 cell,primary_cell,adult,encode,paired,False,OutputType.DNASE,,,
CL:0000900 DNase-seq,.,DNase-seq,CL:0000900,"naive thymus-derived CD8-positive, alpha-beta T cell",primary_cell,adult,encode,paired,False,OutputType.DNASE,,,
CL:0000904 DNase-seq,.,DNase-seq,CL:0000904,"central memory CD4-positive, alpha-beta T cell",primary_cell,adult,encode,paired,False,OutputType.DNASE,,,
CL:0000905 DNase-seq,.,DNase-seq,CL:0000905,"effector memory CD4-positive, alpha-beta T cell",primary_cell,adult,encode,paired,False,OutputType.DNASE,,,
CL:0000907 DNase-seq,.,DNase-seq,CL:0000907,"central memory CD8-positive, alpha-beta T cell",primary_cell,adult,encode,paired,False,OutputType.DNASE,,,
CL:0000909 DNase-seq,.,DNase-seq,CL:0000909,"CD8-positive, alpha-beta memory T cell",primary_cell,adult,encode,paired,False,OutputType.DNASE,,,
CL:0000913 DNase-seq,.,DNase-seq,CL:0000913,"effector memory CD8-positive, alpha-beta T cell",primary_cell,adult,encode,paired,False,OutputType.DNASE,,,
CL:0001042 DNase-seq,.,DNase-seq,CL:0001042,T-helper 22 cell,primary_cell,adult,encode,paired,False,OutputType.DNASE,,,
CL:0001044 DNase-seq,.,DNase-seq,CL:0001044,"effector CD4-positive, alpha-beta T cell",primary_cell,adult,encode,paired,False,OutputType.DNASE,,,
CL:0001054 DNase-seq,.,DNase-seq,CL:0001054,CD14-positive monocyte,primary_cell,adult,encode,paired,False,OutputType.DNASE,,,
CL:0001059 DNase-seq,.,DNase-seq,CL:0001059,"common myeloid progenitor, CD34-positive",primary_cell,adult,encode,paired,False,OutputType.DNASE,,,
CL:0002038 DNase-seq,.,DNase-seq,CL:0002038,T follicular helper cell,primary_cell,adult,encode,paired,False,OutputType.DNASE,,,
CL:0002061 DNase-seq,.,DNase-seq,CL:0002061,T-helper 9 cell,primary_cell,adult,encode,paired,False,OutputType.DNASE,,,
CL:0002231 DNase-seq,.,DNase-seq,CL:0002231,epithelial cell of prostate,primary_cell,unknown,encode,single,False,OutputType.DNASE,,,
CL:0002252 DNase-seq,.,DNase-seq,CL:0002252,epithelial cell of esophagus,primary_cell,unknown,encode,single,False,OutputType.DNASE,,,
CL:0002304 DNase-seq,.,DNase-seq,CL:0002304,non-pigmented ciliary epithelial cell,primary_cell,unknown,encode,single,False,OutputType.DNASE,,,
CL:0002306 DNase-seq,.,DNase-seq,CL:0002306,epithelial cell of proximal tubule,primary_cell,unknown,encode,single,False,OutputType.DNASE,,,
CL:0002327 DNase-seq,.,DNase-seq,CL:0002327,mammary epithelial cell,primary_cell,adult,encode,paired,False,OutputType.DNASE,,,
CL:0002328 DNase-seq,.,DNase-seq,CL:0002328,bronchial epithelial cell,primary_cell,unknown,encode,single,False,OutputType.DNASE,,,
CL:0002351 DNase-seq,.,DNase-seq,CL:0002351,progenitor cell of endocrine pancreas,in_vitro_differentiated_cells,embryonic,encode,paired,False,OutputType.DNASE,,,
CL:0002372 DNase-seq,.,DNase-seq,CL:0002372,myotube,in_vitro_differentiated_cells,unknown,encode,single,False,OutputType.DNASE,,,
CL:0002518 DNase-seq,.,DNase-seq,CL:0002518,kidney epithelial cell,primary_cell,unknown,encode,single,False,OutputType.DNASE,,,
CL:0002536 DNase-seq,.,DNase-seq,CL:0002536,amniotic epithelial cell,primary_cell,unknown,encode,single,False,OutputType.DNASE,,,
CL:0002547 DNase-seq,.,DNase-seq,CL:0002547,fibroblast of the aortic adventitia,primary_cell,unknown,encode,single,False,OutputType.DNASE,,,
CL:0002548 DNase-seq,.,DNase-seq,CL:0002548,cardiac fibroblast,primary_cell,adult,encode,paired,False,OutputType.DNASE,,,
CL:0002550 DNase-seq,.,DNase-seq,CL:0002550,fibroblast of the conjunctiva,primary_cell,unknown,encode,single,False,OutputType.DNASE,,,
CL:0002551 DNase-seq,.,DNase-seq,CL:0002551,fibroblast of dermis,primary_cell,adult,encode,single,False,OutputType.DNASE,,,
CL:0002552 DNase-seq,.,DNase-seq,CL:0002552,fibroblast of gingiva,primary_cell,unknown,encode,paired,False,OutputType.DNASE,,,
CL:0002553 DNase-seq,.,DNase-seq,CL:0002553,fibroblast of lung,primary_cell,adult,encode,single,False,OutputType.DNASE,,,
CL:0002555 DNase-seq,.,DNase-seq,CL:0002555,fibroblast of mammary gland,primary_cell,unknown,encode,single,False,OutputType.DNASE,,,
CL:0002557 DNase-seq,.,DNase-seq,CL:0002557,fibroblast of pulmonary artery,primary_cell,unknown,encode,single,False,OutputType.DNASE,,,
CL:0002558 DNase-seq,.,DNase-seq,CL:0002558,fibroblast of villous mesenchyme,primary_cell,unknown,encode,single,False,OutputType.DNASE,,,
CL:0002565 DNase-seq,.,DNase-seq,CL:0002565,iris pigment epithelial cell,primary_cell,unknown,encode,single,False,OutputType.DNASE,,,
CL:0002584 DNase-seq,.,DNase-seq,CL:0002584,renal cortical epithelial cell,primary_cell,unknown,encode,single,False,OutputType.DNASE,,,
CL:0002586 DNase-seq,.,DNase-seq,CL:0002586,retinal pigment epithelial cell,primary_cell,unknown,encode,single,False,OutputType.DNASE,,,
CL:0002590 DNase-seq,.,DNase-seq,CL:0002590,smooth muscle cell of the brain vasculature,primary_cell,unknown,encode,single,False,OutputType.DNASE,,,
CL:0002603 DNase-seq,.,DNase-seq,CL:0002603,astrocyte of the cerebellum,primary_cell,unknown,encode,single,False,OutputType.DNASE,,,
CL:0002604 DNase-seq,.,DNase-seq,CL:0002604,astrocyte of the hippocampus,primary_cell,unknown,encode,single,False,OutputType.DNASE,,,
CL:0002606 DNase-seq,.,DNase-seq,CL:0002606,astrocyte of the spinal cord,primary_cell,unknown,encode,single,False,OutputType.DNASE,,,
CL:0002618 DNase-seq,.,DNase-seq,CL:0002618,endothelial cell of umbilical vein,primary_cell,newborn,encode,single,False,OutputType.DNASE,,,
CL:0010001 DNase-seq,.,DNase-seq,CL:0010001,stromal cell of bone marrow,primary_cell,unknown,encode,single,False,OutputType.DNASE,,,
CL:0011012 DNase-seq,.,DNase-seq,CL:0011012,neural crest cell,in_vitro_differentiated_cells,embryonic,encode,paired,False,OutputType.DNASE,,,
CL:0011019 DNase-seq,.,DNase-seq,CL:0011019,mesothelial cell of epicardium,in_vitro_differentiated_cells,embryonic,encode,paired,False,OutputType.DNASE,,,
CL:0011020 DNase-seq,.,DNase-seq,CL:0011020,neural progenitor cell,in_vitro_differentiated_cells,embryonic,encode,paired,False,OutputType.DNASE,,,
CL:0011021 DNase-seq,.,DNase-seq,CL:0011021,fibroblast of upper back skin,primary_cell,embryonic,encode,paired,False,OutputType.DNASE,,,
CL:0011022 DNase-seq,.,DNase-seq,CL:0011022,fibroblast of skin of back,primary_cell,embryonic,encode,paired,False,OutputType.DNASE,,,
CL:1000507 DNase-seq,.,DNase-seq,CL:1000507,kidney tubule cell,primary_cell,adult,encode,paired,False,OutputType.DNASE,,,
CL:1000892 DNase-seq,.,DNase-seq,CL:1000892,kidney capillary endothelial cell,primary_cell,embryonic,encode,paired,False,OutputType.DNASE,,,
CL:1001568 DNase-seq,.,DNase-seq,CL:1001568,pulmonary artery endothelial cell,primary_cell,unknown,encode,single,False,OutputType.DNASE,,,
CL:1001606 DNase-seq,.,DNase-seq,CL:1001606,foreskin keratinocyte,primary_cell,newborn,encode,paired,False,OutputType.DNASE,,,
CL:1001608 DNase-seq,.,DNase-seq,CL:1001608,foreskin fibroblast,primary_cell,newborn,encode,single,False,OutputType.DNASE,,,
CL:2000000 DNase-seq,.,DNase-seq,CL:2000000,epidermal melanocyte,primary_cell,unknown,encode,single,False,OutputType.DNASE,,,
CL:2000010 DNase-seq,.,DNase-seq,CL:2000010,dermis blood vessel endothelial cell,primary_cell,newborn,encode,single,False,OutputType.DNASE,,,
CL:2000013 DNase-seq,.,DNase-seq,CL:2000013,fibroblast of skin of abdomen,primary_cell,embryonic,encode,paired,False,OutputType.DNASE,,,
CL:2000016 DNase-seq,.,DNase-seq,CL:2000016,lung microvascular endothelial cell,primary_cell,unknown,encode,paired,False,OutputType.DNASE,,,
CL:2000017 DNase-seq,.,DNase-seq,CL:2000017,fibroblast of peridontal ligament,primary_cell,unknown,encode,single,False,OutputType.DNASE,,,
CL:2000041 DNase-seq,.,DNase-seq,CL:2000041,dermis microvascular lymphatic vessel endothelial cell,primary_cell,unknown,encode,single,False,OutputType.DNASE,,,
CL:2000043 DNase-seq,.,DNase-seq,CL:2000043,brain pericyte,primary_cell,unknown,encode,single,False,OutputType.DNASE,,,
CL:2000044 DNase-seq,.,DNase-seq,CL:2000044,brain microvascular endothelial cell,primary_cell,unknown,encode,paired,False,OutputType.DNASE,,,
CL:2000045 DNase-seq,.,DNase-seq,CL:2000045,foreskin melanocyte,primary_cell,newborn,encode,single,False,OutputType.DNASE,,,
CLO:0003771 DNase-seq,.,DNase-seq,CLO:0003771,HK-2,cell_line,unknown,encode,paired,False,OutputType.DNASE,,,
CLO:0007045 DNase-seq,.,DNase-seq,CLO:0007045,"Jurkat, Clone E6-1",cell_line,child,encode,single,False,OutputType.DNASE,,,
CLO:0011092 DNase-seq,.,DNase-seq,CLO:0011092,AG20443,cell_line,adult,encode,single,False,OutputType.DNASE,,,
CLO:0016536 DNase-seq,.,DNase-seq,CLO:0016536,GM03348,cell_line,child,encode,single,False,OutputType.DNASE,,,
CLO:0018812 DNase-seq,.,DNase-seq,CLO:0018812,GM04504,cell_line,adult,encode,single,False,OutputType.DNASE,,,
CLO:0018813 DNase-seq,.,DNase-seq,CLO:0018813,GM04503,cell_line,adult,encode,single,False,OutputType.DNASE,,,
CLO:0021511 DNase-seq,.,DNase-seq,CLO:0021511,AG10803,cell_line,adult,encode,single,False,OutputType.DNASE,,,
CLO:0021752 DNase-seq,.,DNase-seq,CLO:0021752,AG09309,cell_line,adult,encode,single,False,OutputType.DNASE,,,
CLO:0021754 DNase-seq,.,DNase-seq,CLO:0021754,AG09319,cell_line,adult,encode,single,False,OutputType.DNASE,,,
CLO:0033902 DNase-seq,.,DNase-seq,CLO:0033902,AG08396,cell_line,adult,encode,single,False,OutputType.DNASE,,,
CLO:0033911 DNase-seq,.,DNase-seq,CLO:0033911,AG08395,cell_line,adult,encode,single,False,OutputType.DNASE,,,
CLO:0034837 DNase-seq,.,DNase-seq,CLO:0034837,AG04449,cell_line,embryonic,encode,single,False,OutputType.DNASE,,,
EFO:0000681 DNase-seq,.,DNase-seq,EFO:0000681,RCC,cell_line,adult,encode,paired,False,OutputType.DNASE,,,
EFO:0001086 DNase-seq,.,DNase-seq,EFO:0001086,A549,cell_line,unknown,encode,single,False,OutputType.DNASE,,,
EFO:0001099 DNase-seq,.,DNase-seq,EFO:0001099,Caco-2,cell_line,adult,encode,paired,False,OutputType.DNASE,,,
EFO:0001187 DNase-seq,.,DNase-seq,EFO:0001187,HepG2,cell_line,child,encode,paired,False,OutputType.DNASE,,,
EFO:0001193 DNase-seq,.,DNase-seq,EFO:0001193,HT-29,cell_line,adult,encode,paired,False,OutputType.DNASE,,,
EFO:0001196 DNase-seq,.,DNase-seq,EFO:0001196,IMR-90,cell_line,embryonic,encode,single,False,OutputType.DNASE,,,
EFO:0001200 DNase-seq,.,DNase-seq,EFO:0001200,MCF 10A,cell_line,adult,encode,paired,False,OutputType.DNASE,,,
EFO:0001203 DNase-seq,.,DNase-seq,EFO:0001203,MCF-7,cell_line,adult,encode,single,False,OutputType.DNASE,,,
EFO:0001221 DNase-seq,.,DNase-seq,EFO:0001221,NCI-H929,cell_line,adult,encode,paired,False,OutputType.DNASE,,,
EFO:0001232 DNase-seq,.,DNase-seq,EFO:0001232,RKO,cell_line,unknown,encode,paired,False,OutputType.DNASE,,,
EFO:0001247 DNase-seq,.,DNase-seq,EFO:0001247,T47D,cell_line,adult,encode,paired,False,OutputType.DNASE,,,
EFO:0002059 DNase-seq,.,DNase-seq,EFO:0002059,HT1080,cell_line,adult,encode,paired,False,OutputType.DNASE,,,
EFO:0002067 DNase-seq,.,DNase-seq,EFO:0002067,K562,cell_line,adult,encode,paired,False,OutputType.DNASE,,,
EFO:0002074 DNase-seq,.,DNase-seq,EFO:0002074,PC-3,cell_line,adult,encode,paired,False,OutputType.DNASE,,,
EFO:0002083 DNase-seq,.,DNase-seq,EFO:0002083,SW480,cell_line,adult,encode,paired,False,OutputType.DNASE,,,
EFO:0002101 DNase-seq,.,DNase-seq,EFO:0002101,A172,cell_line,adult,encode,paired,False,OutputType.DNASE,,,
EFO:0002106 DNase-seq,.,DNase-seq,EFO:0002106,A673,cell_line,child,encode,paired,False,OutputType.DNASE,,,
EFO:0002108 DNase-seq,.,DNase-seq,EFO:0002108,ACHN,cell_line,adult,encode,paired,False,OutputType.DNASE,,,
EFO:0002140 DNase-seq,.,DNase-seq,EFO:0002140,COLO829,cell_line,adult,encode,single,False,OutputType.DNASE,,,
EFO:0002150 DNase-seq,.,DNase-seq,EFO:0002150,Caki2,cell_line,adult,encode,paired,False,OutputType.DNASE,,,
EFO:0002179 DNase-seq,.,DNase-seq,EFO:0002179,G401,cell_line,child,encode,paired,False,OutputType.DNASE,,,
EFO:0002184 DNase-seq,.,DNase-seq,EFO:0002184,H4,cell_line,adult,encode,paired,False,OutputType.DNASE,,,
EFO:0002234 DNase-seq,.,DNase-seq,EFO:0002234,MG63,cell_line,child,encode,paired,False,OutputType.DNASE,,,
EFO:0002246 DNase-seq,.,DNase-seq,EFO:0002246,NAMALWA,cell_line,child,encode,paired,False,OutputType.DNASE,,,
EFO:0002285 DNase-seq,.,DNase-seq,EFO:0002285,NCI-H226,cell_line,adult,encode,paired,False,OutputType.DNASE,,,
EFO:0002322 DNase-seq,.,DNase-seq,EFO:0002322,RPMI8226,cell_line,adult,encode,paired,False,OutputType.DNASE,,,
EFO:0002323 DNase-seq,.,DNase-seq,EFO:0002323,RWPE1,cell_line,adult,encode,single,False,OutputType.DNASE,,,
EFO:0002330 DNase-seq,.,DNase-seq,EFO:0002330,SJSA1,cell_line,adult,encode,paired,False,OutputType.DNASE,,,
EFO:0002713 DNase-seq,.,DNase-seq,EFO:0002713,Panc1,cell_line,adult,encode,single,False,OutputType.DNASE,,,
EFO:0002779 DNase-seq,.,DNase-seq,EFO:0002779,BJ,cell_line,newborn,encode,single,False,OutputType.DNASE,,,
EFO:0002783 DNase-seq,.,DNase-seq,EFO:0002783,GM06990,cell_line,unknown,encode,single,False,OutputType.DNASE,,,
EFO:0002784 DNase-seq,.,DNase-seq,EFO:0002784,GM12878,cell_line,adult,encode,single,False,OutputType.DNASE,,,
EFO:0002785 DNase-seq,.,DNase-seq,EFO:0002785,GM12891,cell_line,unknown,encode,single,False,OutputType.DNASE,,,
EFO:0002788 DNase-seq,.,DNase-seq,EFO:0002788,GM19238,cell_line,unknown,encode,single,False,OutputType.DNASE,,,
EFO:0002789 DNase-seq,.,DNase-seq,EFO:0002789,GM19239,cell_line,unknown,encode,single,False,OutputType.DNASE,,,
EFO:0002790 DNase-seq,.,DNase-seq,EFO:0002790,GM19240,cell_line,unknown,encode,single,False,OutputType.DNASE,,,
EFO:0002791 DNase-seq,.,DNase-seq,EFO:0002791,HeLa-S3,cell_line,adult,encode,paired,False,OutputType.DNASE,,,
EFO:0002793 DNase-seq,.,DNase-seq,EFO:0002793,HL-60,cell_line,adult,encode,paired,False,OutputType.DNASE,,,
EFO:0002798 DNase-seq,.,DNase-seq,EFO:0002798,NB4,cell_line,adult,encode,single,False,OutputType.DNASE,,,
EFO:0002819 DNase-seq,.,DNase-seq,EFO:0002819,Calu3,cell_line,adult,encode,paired,False,OutputType.DNASE,,,
EFO:0002824 DNase-seq,.,DNase-seq,EFO:0002824,HCT116,cell_line,adult,encode,single,False,OutputType.DNASE,,,
EFO:0002847 DNase-seq,.,DNase-seq,EFO:0002847,PC-9,cell_line,unknown,encode,paired,False,OutputType.DNASE,,,
EFO:0002860 DNase-seq,.,DNase-seq,EFO:0002860,SK-N-MC,cell_line,child,encode,single,False,OutputType.DNASE,,,
EFO:0003037 DNase-seq,.,DNase-seq,EFO:0003037,CMK,cell_line,child,encode,single,False,OutputType.DNASE,,,
EFO:0003042 DNase-seq,.,DNase-seq,EFO:0003042,H1,cell_line,embryonic,encode,paired,False,OutputType.DNASE,,,
EFO:0003044 DNase-seq,.,DNase-seq,EFO:0003044,NCI-H460,cell_line,unknown,encode,paired,False,OutputType.DNASE,,,
EFO:0003045 DNase-seq,.,DNase-seq,EFO:0003045,H9,cell_line,embryonic,encode,paired,False,OutputType.DNASE,,,
EFO:0003072 DNase-seq,.,DNase-seq,EFO:0003072,SK-N-SH,cell_line,child,encode,single,False,OutputType.DNASE,,,
EFO:0005236 DNase-seq,.,DNase-seq,EFO:0005236,NT2/D1,cell_line,unknown,encode,single,False,OutputType.DNASE,,,
EFO:0005282 DNase-seq,.,DNase-seq,EFO:0005282,HS-5,cell_line,adult,encode,single,False,OutputType.DNASE,,,
EFO:0005283 DNase-seq,.,DNase-seq,EFO:0005283,HS-27A,cell_line,adult,encode,single,False,OutputType.DNASE,,,
EFO:0005337 DNase-seq,.,DNase-seq,EFO:0005337,GM12864,cell_line,unknown,encode,single,False,OutputType.DNASE,,,
EFO:0005338 DNase-seq,.,DNase-seq,EFO:0005338,GM12865,cell_line,unknown,encode,single,False,OutputType.DNASE,,,
EFO:0005345 DNase-seq,.,DNase-seq,EFO:0005345,GM13976,cell_line,unknown,encode,single,False,OutputType.DNASE,,,
EFO:0005352 DNase-seq,.,DNase-seq,EFO:0005352,GM20000,cell_line,child,encode,single,False,OutputType.DNASE,,,
EFO:0005384 DNase-seq,.,DNase-seq,EFO:0005384,HuH-7,cell_line,adult,encode,single,False,OutputType.DNASE,,,
EFO:0005696 DNase-seq,.,DNase-seq,EFO:0005696,D721Med,cell_line,child,encode,single,False,OutputType.DNASE,,,
EFO:0005697 DNase-seq,.,DNase-seq,EFO:0005697,M059J,cell_line,adult,encode,paired,False,OutputType.DNASE,,,
EFO:0005698 DNase-seq,.,DNase-seq,EFO:0005698,Daoy,cell_line,child,encode,paired,False,OutputType.DNASE,,,
EFO:0005704 DNase-seq,.,DNase-seq,EFO:0005704,HuH-7.5,cell_line,adult,encode,single,False,OutputType.DNASE,,,
EFO:0005707 DNase-seq,.,DNase-seq,EFO:0005707,RCC 7860,cell_line,adult,encode,paired,False,OutputType.DNASE,,,
EFO:0005709 DNase-seq,.,DNase-seq,EFO:0005709,HTR-8/SVneo,cell_line,embryonic,encode,single,False,OutputType.DNASE,,,
EFO:0005710 DNase-seq,.,DNase-seq,EFO:0005710,HFF-Myc,cell_line,newborn,encode,single,False,OutputType.DNASE,,,
EFO:0005712 DNase-seq,.,DNase-seq,EFO:0005712,RPMI7951,cell_line,adult,encode,paired,False,OutputType.DNASE,,,
EFO:0005714 DNase-seq,.,DNase-seq,EFO:0005714,LHCN-M2,cell_line,adult,encode,paired,False,OutputType.DNASE,,,
EFO:0005715 DNase-seq,.,DNase-seq,EFO:0005715,WERI-Rb-1,cell_line,child,encode,paired,False,OutputType.DNASE,,,
EFO:0005719 DNase-seq,.,DNase-seq,EFO:0005719,Karpas-422,cell_line,adult,encode,paired,False,OutputType.DNASE,,,
EFO:0005720 DNase-seq,.,DNase-seq,EFO:0005720,SK-MEL-5,cell_line,adult,encode,paired,False,OutputType.DNASE,,,
EFO:0005721 DNase-seq,.,DNase-seq,EFO:0005721,SK-N-DZ,cell_line,child,encode,paired,False,OutputType.DNASE,,,
EFO:0005722 DNase-seq,.,DNase-seq,EFO:0005722,SJCRH30,cell_line,child,encode,paired,False,OutputType.DNASE,,,
EFO:0005723 DNase-seq,.,DNase-seq,EFO:0005723,GM23248,cell_line,adult,encode,paired,False,OutputType.DNASE,,,
EFO:0005724 DNase-seq,.,DNase-seq,EFO:0005724,MM.1S,cell_line,adult,encode,paired,False,OutputType.DNASE,,,
EFO:0005725 DNase-seq,.,DNase-seq,EFO:0005725,BE2C,cell_line,child,encode,paired,False,OutputType.DNASE,,,
EFO:0005726 DNase-seq,.,DNase-seq,EFO:0005726,LNCaP clone FGC,cell_line,adult,encode,single,False,OutputType.DNASE,,,
EFO:0005901 DNase-seq,.,DNase-seq,EFO:0005901,ELF-1,cell_line,embryonic,encode,paired,False,OutputType.DNASE,,,
EFO:0005903 DNase-seq,.,DNase-seq,EFO:0005903,KBM-7,cell_line,adult,encode,paired,False,OutputType.DNASE,,,
EFO:0005904 DNase-seq,.,DNase-seq,EFO:0005904,H7,cell_line,embryonic,encode,single,False,OutputType.DNASE,,,
EFO:0005913 DNase-seq,.,DNase-seq,EFO:0005913,urothelium cell line,cell_line,child,encode,single,False,OutputType.DNASE,,,
EFO:0006270 DNase-seq,.,DNase-seq,EFO:0006270,AG04450,cell_line,embryonic,encode,single,False,OutputType.DNASE,,,
EFO:0006639 DNase-seq,.,DNase-seq,EFO:0006639,LoVo,cell_line,adult,encode,paired,False,OutputType.DNASE,,,
EFO:0006711 DNase-seq,.,DNase-seq,EFO:0006711,OCI-LY7,cell_line,adult,encode,paired,False,OutputType.DNASE,,,
EFO:0007074 DNase-seq,.,DNase-seq,EFO:0007074,DND-41,cell_line,child,encode,paired,False,OutputType.DNASE,,,
EFO:0007098 DNase-seq,.,DNase-seq,EFO:0007098,iPS DF 6.9,cell_line,newborn,encode,single,False,OutputType.DNASE,,,
EFO:0007598 DNase-seq,.,DNase-seq,EFO:0007598,HAP-1,cell_line,adult,encode,paired,False,OutputType.DNASE,,,
EFO:0007599 DNase-seq,.,DNase-seq,EFO:0007599,L1-S8,cell_line,unknown,encode,paired,False,OutputType.DNASE,,,
EFO:0007600 DNase-seq,.,DNase-seq,EFO:0007600,L1-S8R,cell_line,unknown,encode,paired,False,OutputType.DNASE,,,
EFO:0007610 DNase-seq,.,DNase-seq,EFO:0007610,RWPE2,cell_line,unknown,encode,paired,False,OutputType.DNASE,,,
EFO:0007748 DNase-seq,.,DNase-seq,EFO:0007748,EH,cell_line,newborn,encode,paired,False,OutputType.DNASE,,,
EFO:0007749 DNase-seq,.,DNase-seq,EFO:0007749,EL,cell_line,newborn,encode,paired,False,OutputType.DNASE,,,
EFO:0007750 DNase-seq,.,DNase-seq,EFO:0007750,ELR,cell_line,newborn,encode,paired,False,OutputType.DNASE,,,
EFO:0007950 DNase-seq,.,DNase-seq,EFO:0007950,GM23338,cell_line,adult,encode,paired,False,OutputType.DNASE,,,
EFO:0007952 DNase-seq,.,DNase-seq,EFO:0007952,iPS-NIHi11,cell_line,adult,encode,single,False,OutputType.DNASE,,,
EFO:0009318 DNase-seq,.,DNase-seq,EFO:0009318,HFFc6,cell_line,newborn,encode,paired,False,OutputType.DNASE,,,
EFO:0009500 DNase-seq,.,DNase-seq,EFO:0009500,HCEC 1CT,cell_line,unknown,encode,paired,False,OutputType.DNASE,,,
EFO:0009747 DNase-seq,.,DNase-seq,EFO:0009747,WTC11,cell_line,adult,encode,paired,False,OutputType.DNASE,,,
NTR:0000474 DNase-seq,.,DNase-seq,NTR:0000474,ecto neural progenitor cell,in_vitro_differentiated_cells,embryonic,encode,paired,False,OutputType.DNASE,,,
NTR:0000491 DNase-seq,.,DNase-seq,NTR:0000491,Right ventricle myocardium inferior,tissue,adult,encode,paired,False,OutputType.DNASE,,,
NTR:0000492 DNase-seq,.,DNase-seq,NTR:0000492,Right ventricle myocardium superior,tissue,adult,encode,paired,False,OutputType.DNASE,,,
NTR:0000493 DNase-seq,.,DNase-seq,NTR:0000493,left ventricle myocardium inferior,tissue,adult,encode,paired,False,OutputType.DNASE,,,
NTR:0000494 DNase-seq,.,DNase-seq,NTR:0000494,left ventricle myocardium superior,tissue,adult,encode,paired,False,OutputType.DNASE,,,
NTR:0000512 DNase-seq,.,DNase-seq,NTR:0000512,nephron progenitor cell,in_vitro_differentiated_cells,embryonic,encode,paired,False,OutputType.DNASE,,,
NTR:0000521 DNase-seq,.,DNase-seq,NTR:0000521,fibroblast of skin of left biceps,primary_cell,embryonic,encode,single,False,OutputType.DNASE,,,
NTR:0000522 DNase-seq,.,DNase-seq,NTR:0000522,fibroblast of skin of left quadriceps,primary_cell,embryonic,encode,single,False,OutputType.DNASE,,,
NTR:0000523 DNase-seq,.,DNase-seq,NTR:0000523,fibroblast of skin of right quadriceps,primary_cell,embryonic,encode,paired,False,OutputType.DNASE,,,
NTR:0000524 DNase-seq,.,DNase-seq,NTR:0000524,fibroblast of skin of scalp,primary_cell,embryonic,encode,paired,False,OutputType.DNASE,,,
NTR:0000525 DNase-seq,.,DNase-seq,NTR:0000525,fibroblast of skin of right biceps,primary_cell,embryonic,encode,paired,False,OutputType.DNASE,,,
NTR:0000856 DNase-seq,.,DNase-seq,NTR:0000856,mesendoderm,in_vitro_differentiated_cells,embryonic,encode,single,False,OutputType.DNASE,,,
NTR:0001484 DNase-seq,.,DNase-seq,NTR:0001484,islet precursor cell,in_vitro_differentiated_cells,embryonic,encode,paired,False,OutputType.DNASE,,,
UBERON:0000056 DNase-seq,.,DNase-seq,UBERON:0000056,ureter,tissue,adult,encode,paired,False,OutputType.DNASE,,,
UBERON:0000059 DNase-seq,.,DNase-seq,UBERON:0000059,large intestine,tissue,embryonic,encode,single,False,OutputType.DNASE,,,
UBERON:0000317 DNase-seq,.,DNase-seq,UBERON:0000317,colonic mucosa,tissue,child,encode,paired,False,OutputType.DNASE,,,
UBERON:0000473 DNase-seq,.,DNase-seq,UBERON:0000473,testis,tissue,adult,encode,paired,False,OutputType.DNASE,,,
UBERON:0000945 DNase-seq,.,DNase-seq,UBERON:0000945,stomach,tissue,adult,encode,paired,False,OutputType.DNASE,,,
UBERON:0000947 DNase-seq,.,DNase-seq,UBERON:0000947,aorta,tissue,adult,encode,paired,False,OutputType.DNASE,,,
UBERON:0000948 DNase-seq,.,DNase-seq,UBERON:0000948,heart,tissue,embryonic,encode,paired,False,OutputType.DNASE,,,
UBERON:0000955 DNase-seq,.,DNase-seq,UBERON:0000955,brain,tissue,embryonic,encode,paired,False,OutputType.DNASE,,,
UBERON:0000966 DNase-seq,.,DNase-seq,UBERON:0000966,retina,tissue,embryonic,encode,paired,False,OutputType.DNASE,,,
UBERON:0000970 DNase-seq,.,DNase-seq,UBERON:0000970,eye,tissue,embryonic,encode,paired,False,OutputType.DNASE,,,
UBERON:0000981 DNase-seq,.,DNase-seq,UBERON:0000981,femur,tissue,embryonic,encode,paired,False,OutputType.DNASE,,,
UBERON:0000988 DNase-seq,.,DNase-seq,UBERON:0000988,pons,tissue,adult,encode,paired,False,OutputType.DNASE,,,
UBERON:0000992 DNase-seq,.,DNase-seq,UBERON:0000992,ovary,tissue,adult,encode,paired,False,OutputType.DNASE,,,
UBERON:0000995 DNase-seq,.,DNase-seq,UBERON:0000995,uterus,tissue,adult,encode,paired,False,OutputType.DNASE,,,
UBERON:0001072 DNase-seq,.,DNase-seq,UBERON:0001072,posterior vena cava,tissue,adult,encode,paired,False,OutputType.DNASE,,,
UBERON:0001114 DNase-seq,.,DNase-seq,UBERON:0001114,right lobe of liver,tissue,adult,encode,paired,False,OutputType.DNASE,,,
UBERON:0001115 DNase-seq,.,DNase-seq,UBERON:0001115,left lobe of liver,tissue,adult,encode,paired,False,OutputType.DNASE,,,
UBERON:0001150 DNase-seq,.,DNase-seq,UBERON:0001150,body of pancreas,tissue,adult,encode,paired,False,OutputType.DNASE,,,
UBERON:0001157 DNase-seq,.,DNase-seq,UBERON:0001157,transverse colon,tissue,adult,encode,paired,False,OutputType.DNASE,,,
UBERON:0001159 DNase-seq,.,DNase-seq,UBERON:0001159,sigmoid colon,tissue,adult,encode,paired,False,OutputType.DNASE,,,
UBERON:0001211 DNase-seq,.,DNase-seq,UBERON:0001211,Peyer's patch,tissue,adult,encode,paired,False,OutputType.DNASE,,,
UBERON:0001224 DNase-seq,.,DNase-seq,UBERON:0001224,renal pelvis,tissue,embryonic,encode,single,False,OutputType.DNASE,,,
UBERON:0001264 DNase-seq,.,DNase-seq,UBERON:0001264,pancreas,tissue,adult,encode,paired,False,OutputType.DNASE,,,
UBERON:0001322 DNase-seq,.,DNase-seq,UBERON:0001322,sciatic nerve,tissue,adult,encode,paired,False,OutputType.DNASE,,,
UBERON:0001323 DNase-seq,.,DNase-seq,UBERON:0001323,tibial nerve,tissue,adult,encode,paired,False,OutputType.DNASE,,,
UBERON:0001383 DNase-seq,.,DNase-seq,UBERON:0001383,muscle of leg,tissue,embryonic,encode,single,False,OutputType.DNASE,,,
UBERON:0001496 DNase-seq,.,DNase-seq,UBERON:0001496,ascending aorta,tissue,adult,encode,paired,False,OutputType.DNASE,,,
UBERON:0001499 DNase-seq,.,DNase-seq,UBERON:0001499,muscle of arm,tissue,embryonic,encode,single,False,OutputType.DNASE,,,
UBERON:0001515 DNase-seq,.,DNase-seq,UBERON:0001515,thoracic aorta,tissue,adult,encode,paired,False,OutputType.DNASE,,,
UBERON:0001621 DNase-seq,.,DNase-seq,UBERON:0001621,coronary artery,tissue,adult,encode,paired,False,OutputType.DNASE,,,
UBERON:0001723 DNase-seq,.,DNase-seq,UBERON:0001723,tongue,tissue,embryonic,encode,paired,False,OutputType.DNASE,,,
UBERON:0001774 DNase-seq,.,DNase-seq,UBERON:0001774,muscle of trunk,tissue,embryonic,encode,single,False,OutputType.DNASE,,,
UBERON:0001870 DNase-seq,.,DNase-seq,UBERON:0001870,frontal cortex,tissue,adult,encode,single,False,OutputType.DNASE,,,
UBERON:0001874 DNase-seq,.,DNase-seq,UBERON:0001874,putamen,tissue,adult,encode,paired,False,OutputType.DNASE,,,
UBERON:0001875 DNase-seq,.,DNase-seq,UBERON:0001875,globus pallidus,tissue,adult,encode,paired,False,OutputType.DNASE,,,
UBERON:0001954 DNase-seq,.,DNase-seq,UBERON:0001954,Ammon's horn,tissue,adult,encode,paired,False,OutputType.DNASE,,,
UBERON:0001987 DNase-seq,.,DNase-seq,UBERON:0001987,placenta,tissue,embryonic,encode,paired,False,OutputType.DNASE,,,
UBERON:0002037 DNase-seq,.,DNase-seq,UBERON:0002037,cerebellum,tissue,adult,encode,single,False,OutputType.DNASE,,,
UBERON:0002046 DNase-seq,.,DNase-seq,UBERON:0002046,thyroid gland,tissue,adult,encode,paired,False,OutputType.DNASE,,,
UBERON:0002048 DNase-seq,.,DNase-seq,UBERON:0002048,lung,tissue,embryonic,encode,paired,False,OutputType.DNASE,,,
UBERON:0002078 DNase-seq,.,DNase-seq,UBERON:0002078,right cardiac atrium,tissue,adult,encode,paired,False,OutputType.DNASE,,,
UBERON:0002079 DNase-seq,.,DNase-seq,UBERON:0002079,left cardiac atrium,tissue,adult,encode,paired,False,OutputType.DNASE,,,
UBERON:0002080 DNase-seq,.,DNase-seq,UBERON:0002080,heart right ventricle,tissue,adult,encode,paired,False,OutputType.DNASE,,,
UBERON:0002084 DNase-seq,.,DNase-seq,UBERON:0002084,heart left ventricle,tissue,adult,encode,paired,False,OutputType.DNASE,,,
UBERON:0002099 DNase-seq,.,DNase-seq,UBERON:0002099,cardiac septum,tissue,adult,encode,paired,False,OutputType.DNASE,,,
UBERON:0002106 DNase-seq,.,DNase-seq,UBERON:0002106,spleen,tissue,adult,encode,paired,False,OutputType.DNASE,,,
UBERON:0002107 DNase-seq,.,DNase-seq,UBERON:0002107,liver,tissue,embryonic,encode,paired,False,OutputType.DNASE,,,
UBERON:0002108 DNase-seq,.,DNase-seq,UBERON:0002108,small intestine,tissue,adult,encode,paired,False,OutputType.DNASE,,,
UBERON:0002113 DNase-seq,.,DNase-seq,UBERON:0002113,kidney,tissue,adult,encode,paired,False,OutputType.DNASE,,,
UBERON:0002129 DNase-seq,.,DNase-seq,UBERON:0002129,cerebellar cortex,tissue,adult,encode,paired,False,OutputType.DNASE,,,
UBERON:0002167 DNase-seq,.,DNase-seq,UBERON:0002167,right lung,tissue,embryonic,encode,single,False,OutputType.DNASE,,,
UBERON:0002168 DNase-seq,.,DNase-seq,UBERON:0002168,left lung,tissue,adult,encode,paired,False,OutputType.DNASE,,,
UBERON:0002170 DNase-seq,.,DNase-seq,UBERON:0002170,upper lobe of right lung,tissue,adult,encode,paired,False,OutputType.DNASE,,,
UBERON:0002171 DNase-seq,.,DNase-seq,UBERON:0002171,lower lobe of right lung,tissue,adult,encode,paired,False,OutputType.DNASE,,,
UBERON:0002240 DNase-seq,.,DNase-seq,UBERON:0002240,spinal cord,tissue,embryonic,encode,paired,False,OutputType.DNASE,,,
UBERON:0002324 DNase-seq,.,DNase-seq,UBERON:0002324,muscle of back,tissue,embryonic,encode,single,False,OutputType.DNASE,,,
UBERON:0002331 DNase-seq,.,DNase-seq,UBERON:0002331,umbilical cord,tissue,embryonic,encode,paired,False,OutputType.DNASE,,,
UBERON:0002367 DNase-seq,.,DNase-seq,UBERON:0002367,prostate gland,tissue,adult,encode,paired,False,OutputType.DNASE,,,
UBERON:0002369 DNase-seq,.,DNase-seq,UBERON:0002369,adrenal gland,tissue,adult,encode,paired,False,OutputType.DNASE,,,
UBERON:0002370 DNase-seq,.,DNase-seq,UBERON:0002370,thymus,tissue,embryonic,encode,single,False,OutputType.DNASE,,,
UBERON:0002626 DNase-seq,.,DNase-seq,UBERON:0002626,head of caudate nucleus,tissue,adult,encode,paired,False,OutputType.DNASE,,,
UBERON:0002740 DNase-seq,.,DNase-seq,UBERON:0002740,posterior cingulate gyrus,tissue,adult,encode,paired,False,OutputType.DNASE,,,
UBERON:0003124 DNase-seq,.,DNase-seq,UBERON:0003124,chorion,tissue,unknown,encode,single,False,OutputType.DNASE,,,
UBERON:0003662 DNase-seq,.,DNase-seq,UBERON:0003662,forelimb muscle,tissue,embryonic,encode,single,False,OutputType.DNASE,,,
UBERON:0003663 DNase-seq,.,DNase-seq,UBERON:0003663,hindlimb muscle,tissue,embryonic,encode,single,False,OutputType.DNASE,,,
UBERON:0004264 DNase-seq,.,DNase-seq,UBERON:0004264,lower leg skin,tissue,adult,encode,paired,False,OutputType.DNASE,,,
UBERON:0004538 DNase-seq,.,DNase-seq,UBERON:0004538,left kidney,tissue,embryonic,encode,single,False,OutputType.DNASE,,,
UBERON:0004539 DNase-seq,.,DNase-seq,UBERON:0004539,right kidney,tissue,embryonic,encode,paired,False,OutputType.DNASE,,,
UBERON:0004992 DNase-seq,.,DNase-seq,UBERON:0004992,mucosa of descending colon,tissue,adult,encode,paired,False,OutputType.DNASE,,,
UBERON:0005033 DNase-seq,.,DNase-seq,UBERON:0005033,mucosa of gallbladder,tissue,child,encode,paired,False,OutputType.DNASE,,,
UBERON:0005270 DNase-seq,.,DNase-seq,UBERON:0005270,renal cortex interstitium,tissue,embryonic,encode,single,False,OutputType.DNASE,,,
UBERON:0006631 DNase-seq,.,DNase-seq,UBERON:0006631,right atrium auricular region,tissue,adult,encode,paired,False,OutputType.DNASE,,,
UBERON:0007610 DNase-seq,.,DNase-seq,UBERON:0007610,tibial artery,tissue,adult,encode,paired,False,OutputType.DNASE,,,
UBERON:0008367 DNase-seq,.,DNase-seq,UBERON:0008367,breast epithelium,tissue,adult,encode,paired,False,OutputType.DNASE,,,
UBERON:0008450 DNase-seq,.,DNase-seq,UBERON:0008450,psoas muscle,tissue,adult,encode,paired,False,OutputType.DNASE,,,
UBERON:0008952 DNase-seq,.,DNase-seq,UBERON:0008952,upper lobe of left lung,tissue,adult,encode,paired,False,OutputType.DNASE,,,
UBERON:0008953 DNase-seq,.,DNase-seq,UBERON:0008953,lower lobe of left lung,tissue,adult,encode,paired,False,OutputType.DNASE,,,
UBERON:0008971 DNase-seq,.,DNase-seq,UBERON:0008971,left colon,tissue,adult,encode,paired,False,OutputType.DNASE,,,
UBERON:0009834 DNase-seq,.,DNase-seq,UBERON:0009834,dorsolateral prefrontal cortex,tissue,adult,encode,paired,False,OutputType.DNASE,,,
UBERON:0010414 DNase-seq,.,DNase-seq,UBERON:0010414,omental fat pad,tissue,adult,encode,paired,False,OutputType.DNASE,,,
UBERON:0011907 DNase-seq,.,DNase-seq,UBERON:0011907,gastrocnemius medialis,tissue,adult,encode,paired,False,OutputType.DNASE,,,
UBERON:0015143 DNase-seq,.,DNase-seq,UBERON:0015143,mesenteric fat pad,tissue,adult,encode,paired,False,OutputType.DNASE,,,
UBERON:0018115 DNase-seq,.,DNase-seq,UBERON:0018115,left renal pelvis,tissue,embryonic,encode,single,False,OutputType.DNASE,,,
UBERON:0018116 DNase-seq,.,DNase-seq,UBERON:0018116,right renal pelvis,tissue,embryonic,encode,single,False,OutputType.DNASE,,,
UBERON:0018117 DNase-seq,.,DNase-seq,UBERON:0018117,left renal cortex interstitium,tissue,embryonic,encode,single,False,OutputType.DNASE,,,
UBERON:0018118 DNase-seq,.,DNase-seq,UBERON:0018118,right renal cortex interstitium,tissue,embryonic,encode,single,False,OutputType.DNASE,,,
UBERON:0036149 DNase-seq,.,DNase-seq,UBERON:0036149,suprapubic skin,tissue,adult,encode,paired,False,OutputType.DNASE,,,
UBERON:8300001 DNase-seq,.,DNase-seq,UBERON:8300001,right forelimb,tissue,embryonic,encode,paired,False,OutputType.DNASE,,,
UBERON:8300002 DNase-seq,.,DNase-seq,UBERON:8300002,left forelimb,tissue,embryonic,encode,paired,False,OutputType.DNASE,,,
UBERON:8300003 DNase-seq,.,DNase-seq,UBERON:8300003,right hindlimb,tissue,embryonic,encode,paired,False,OutputType.DNASE,,,
UBERON:8300004 DNase-seq,.,DNase-seq,UBERON:8300004,left hindlimb,tissue,embryonic,encode,paired,False,OutputType.DNASE,,,
CL:0000047 polyA plus RNA-seq,+,polyA plus RNA-seq,CL:0000047,neuronal stem cell,in_vitro_differentiated_cells,embryonic,encode,paired,False,OutputType.RNA_SEQ,,,
CL:0000062 total RNA-seq,+,total RNA-seq,CL:0000062,osteoblast,primary_cell,adult,encode,paired,False,OutputType.RNA_SEQ,,,
CL:0000084 polyA plus RNA-seq,+,polyA plus RNA-seq,CL:0000084,T-cell,primary_cell,adult,encode,paired,False,OutputType.RNA_SEQ,,,
CL:0000084 total RNA-seq,+,total RNA-seq,CL:0000084,T-cell,primary_cell,adult,encode,single,False,OutputType.RNA_SEQ,,,
CL:0000115 total RNA-seq,+,total RNA-seq,CL:0000115,endothelial cell,in_vitro_differentiated_cells,adult,encode,single,False,OutputType.RNA_SEQ,,,
CL:0000127 total RNA-seq,+,total RNA-seq,CL:0000127,astrocyte,primary_cell,unknown,encode,paired,False,OutputType.RNA_SEQ,,,
CL:0000134 polyA plus RNA-seq,+,polyA plus RNA-seq,CL:0000134,mesenchymal stem cell,in_vitro_differentiated_cells,embryonic,encode,paired,False,OutputType.RNA_SEQ,,,
CL:0000137 total RNA-seq,+,total RNA-seq,CL:0000137,osteocyte,in_vitro_differentiated_cells,embryonic,encode,single,False,OutputType.RNA_SEQ,,,
CL:0000138 total RNA-seq,+,total RNA-seq,CL:0000138,chondrocyte,in_vitro_differentiated_cells,embryonic,encode,single,False,OutputType.RNA_SEQ,,,
CL:0000169 total RNA-seq,+,total RNA-seq,CL:0000169,type B pancreatic cell,in_vitro_differentiated_cells,embryonic,encode,single,False,OutputType.RNA_SEQ,,,
CL:0000182 total RNA-seq,+,total RNA-seq,CL:0000182,hepatocyte,in_vitro_differentiated_cells,embryonic,encode,paired,False,OutputType.RNA_SEQ,,,
CL:0000187 total RNA-seq,+,total RNA-seq,CL:0000187,myocyte,in_vitro_differentiated_cells,adult,encode,paired,False,OutputType.RNA_SEQ,,,
CL:0000192 total RNA-seq,+,total RNA-seq,CL:0000192,smooth muscle cell,in_vitro_differentiated_cells,embryonic,encode,paired,False,OutputType.RNA_SEQ,,,
CL:0000221 polyA plus RNA-seq,+,polyA plus RNA-seq,CL:0000221,ectodermal cell,in_vitro_differentiated_cells,embryonic,encode,paired,False,OutputType.RNA_SEQ,,,
CL:0000222 polyA plus RNA-seq,+,polyA plus RNA-seq,CL:0000222,mesodermal cell,in_vitro_differentiated_cells,embryonic,encode,paired,False,OutputType.RNA_SEQ,,,
CL:0000223 polyA plus RNA-seq,+,polyA plus RNA-seq,CL:0000223,endodermal cell,in_vitro_differentiated_cells,embryonic,encode,paired,False,OutputType.RNA_SEQ,,,
CL:0000223 total RNA-seq,+,total RNA-seq,CL:0000223,endodermal cell,in_vitro_differentiated_cells,embryonic,encode,single,False,OutputType.RNA_SEQ,,,
CL:0000236 polyA plus RNA-seq,+,polyA plus RNA-seq,CL:0000236,B cell,primary_cell,adult,encode,paired,False,OutputType.RNA_SEQ,,,
CL:0000236 total RNA-seq,+,total RNA-seq,CL:0000236,B cell,primary_cell,adult,encode,single,False,OutputType.RNA_SEQ,,,
CL:0000307 total RNA-seq,+,total RNA-seq,CL:0000307,tracheal epithelial cell,primary_cell,adult,encode,paired,False,OutputType.RNA_SEQ,,,
CL:0000312 polyA plus RNA-seq,+,polyA plus RNA-seq,CL:0000312,keratinocyte,primary_cell,unknown,encode,paired,False,OutputType.RNA_SEQ,,,
CL:0000346 total RNA-seq,+,total RNA-seq,CL:0000346,hair follicle dermal papilla cell,primary_cell,adult,encode,paired,False,OutputType.RNA_SEQ,,,
CL:0000351 polyA plus RNA-seq,+,polyA plus RNA-seq,CL:0000351,trophoblast cell,in_vitro_differentiated_cells,embryonic,encode,paired,False,OutputType.RNA_SEQ,,,
CL:0000515 polyA plus RNA-seq,+,polyA plus RNA-seq,CL:0000515,skeletal muscle myoblast,primary_cell,unknown,encode,paired,False,OutputType.RNA_SEQ,,,
CL:0000515 total RNA-seq,+,total RNA-seq,CL:0000515,skeletal muscle myoblast,primary_cell,unknown,encode,paired,False,OutputType.RNA_SEQ,,,
CL:0000594 total RNA-seq,+,total RNA-seq,CL:0000594,skeletal muscle satellite cell,primary_cell,adult,encode,paired,False,OutputType.RNA_SEQ,,,
CL:0000623 polyA plus RNA-seq,+,polyA plus RNA-seq,CL:0000623,natural killer cell,primary_cell,adult,encode,paired,False,OutputType.RNA_SEQ,,,
CL:0000623 total RNA-seq,+,total RNA-seq,CL:0000623,natural killer cell,primary_cell,adult,encode,single,False,OutputType.RNA_SEQ,,,
CL:0000624 total RNA-seq,+,total RNA-seq,CL:0000624,"CD4-positive, alpha-beta T cell",primary_cell,adult,encode,single,False,OutputType.RNA_SEQ,,,
CL:0000625 total RNA-seq,+,total RNA-seq,CL:0000625,"CD8-positive, alpha-beta T cell",primary_cell,adult,encode,single,False,OutputType.RNA_SEQ,,,
CL:0000650 total RNA-seq,+,total RNA-seq,CL:0000650,mesangial cell,primary_cell,"unknown,embryonic",encode,paired,False,OutputType.RNA_SEQ,,,
CL:0000679 total RNA-seq,+,total RNA-seq,CL:0000679,glutamatergic neuron,in_vitro_differentiated_cells,adult,encode,single,False,OutputType.RNA_SEQ,,,
CL:0000746 total RNA-seq,+,total RNA-seq,CL:0000746,cardiac muscle cell,in_vitro_differentiated_cells,embryonic,encode,paired,False,OutputType.RNA_SEQ,,,
CL:0000792 total RNA-seq,+,total RNA-seq,CL:0000792,"CD4-positive, CD25-positive, alpha-beta regulatory T cell",primary_cell,adult,encode,single,False,OutputType.RNA_SEQ,,,
CL:0000837 total RNA-seq,+,total RNA-seq,CL:0000837,hematopoietic multipotent progenitor cell,in_vitro_differentiated_cells,unknown,encode,paired,False,OutputType.RNA_SEQ,,,
CL:0000842 total RNA-seq,+,total RNA-seq,CL:0000842,mononuclear cell,primary_cell,adult,encode,paired,False,OutputType.RNA_SEQ,,,
CL:0000895 total RNA-seq,+,total RNA-seq,CL:0000895,"naive thymus-derived CD4-positive, alpha-beta T cell",primary_cell,adult,encode,single,False,OutputType.RNA_SEQ,,,
CL:0000897 total RNA-seq,+,total RNA-seq,CL:0000897,"CD4-positive, alpha-beta memory T cell",primary_cell,adult,encode,single,False,OutputType.RNA_SEQ,,,
CL:0000899 total RNA-seq,+,total RNA-seq,CL:0000899,T-helper 17 cell,primary_cell,adult,encode,single,False,OutputType.RNA_SEQ,,,
CL:0000900 total RNA-seq,+,total RNA-seq,CL:0000900,"naive thymus-derived CD8-positive, alpha-beta T cell",primary_cell,adult,encode,single,False,OutputType.RNA_SEQ,,,
CL:0000909 total RNA-seq,+,total RNA-seq,CL:0000909,"CD8-positive, alpha-beta memory T cell",primary_cell,adult,encode,single,False,OutputType.RNA_SEQ,,,
CL:0001054 polyA plus RNA-seq,+,polyA plus RNA-seq,CL:0001054,CD14-positive monocyte,primary_cell,adult,encode,paired,False,OutputType.RNA_SEQ,,,
CL:0002098 total RNA-seq,+,total RNA-seq,CL:0002098,regular cardiac myocyte,primary_cell,adult,encode,paired,False,OutputType.RNA_SEQ,,,
CL:0002188 total RNA-seq,+,total RNA-seq,CL:0002188,glomerular endothelial cell,primary_cell,embryonic,encode,paired,False,OutputType.RNA_SEQ,,,
CL:0002306 total RNA-seq,+,total RNA-seq,CL:0002306,epithelial cell of proximal tubule,primary_cell,unknown,encode,paired,False,OutputType.RNA_SEQ,,,
CL:0002319 polyA plus RNA-seq,+,polyA plus RNA-seq,CL:0002319,neural cell,in_vitro_differentiated_cells,embryonic,encode,paired,False,OutputType.RNA_SEQ,,,
CL:0002324 polyA plus RNA-seq,+,polyA plus RNA-seq,CL:0002324,myoepithelial cell of mammary gland,primary_cell,adult,encode,paired,False,OutputType.RNA_SEQ,,,
CL:0002326 polyA plus RNA-seq,+,polyA plus RNA-seq,CL:0002326,luminal epithelial cell of mammary gland,primary_cell,adult,encode,paired,False,OutputType.RNA_SEQ,,,
CL:0002327 polyA plus RNA-seq,+,polyA plus RNA-seq,CL:0002327,mammary epithelial cell,primary_cell,adult,encode,paired,False,OutputType.RNA_SEQ,,,
CL:0002327 total RNA-seq,+,total RNA-seq,CL:0002327,mammary epithelial cell,primary_cell,adult,encode,paired,False,OutputType.RNA_SEQ,,,
CL:0002328 total RNA-seq,+,total RNA-seq,CL:0002328,bronchial epithelial cell,primary_cell,adult,encode,paired,False,OutputType.RNA_SEQ,,,
CL:0002351 total RNA-seq,+,total RNA-seq,CL:0002351,progenitor cell of endocrine pancreas,in_vitro_differentiated_cells,embryonic,encode,single,False,OutputType.RNA_SEQ,,,
CL:0002366 total RNA-seq,+,total RNA-seq,CL:0002366,myometrial cell,primary_cell,adult,encode,paired,False,OutputType.RNA_SEQ,,,
CL:0002368 total RNA-seq,+,total RNA-seq,CL:0002368,airway epithelial cell,primary_cell,unknown,encode,paired,False,OutputType.RNA_SEQ,,,
CL:0002372 total RNA-seq,+,total RNA-seq,CL:0002372,myotube,in_vitro_differentiated_cells,unknown,encode,paired,False,OutputType.RNA_SEQ,,,
CL:0002451 polyA plus RNA-seq,+,polyA plus RNA-seq,CL:0002451,mammary stem cell,primary_cell,adult,encode,paired,False,OutputType.RNA_SEQ,,,
CL:0002518 total RNA-seq,+,total RNA-seq,CL:0002518,kidney epithelial cell,primary_cell,"embryonic,newborn",encode,paired,False,OutputType.RNA_SEQ,,,
CL:0002539 total RNA-seq,+,total RNA-seq,CL:0002539,aortic smooth muscle cell,primary_cell,adult,encode,paired,False,OutputType.RNA_SEQ,,,
CL:0002540 total RNA-seq,+,total RNA-seq,CL:0002540,mesenchymal stem cell of the bone marrow,primary_cell,adult,encode,paired,False,OutputType.RNA_SEQ,,,
CL:0002543 total RNA-seq,+,total RNA-seq,CL:0002543,vein endothelial cell,primary_cell,adult,encode,paired,False,OutputType.RNA_SEQ,,,
CL:0002545 total RNA-seq,+,total RNA-seq,CL:0002545,thoracic aorta endothelial cell,primary_cell,adult,encode,paired,False,OutputType.RNA_SEQ,,,
CL:0002547 total RNA-seq,+,total RNA-seq,CL:0002547,fibroblast of the aortic adventitia,primary_cell,adult,encode,paired,False,OutputType.RNA_SEQ,,,
CL:0002551 total RNA-seq,+,total RNA-seq,CL:0002551,fibroblast of dermis,primary_cell,adult,encode,paired,False,OutputType.RNA_SEQ,,,
CL:0002553 polyA plus RNA-seq,+,polyA plus RNA-seq,CL:0002553,fibroblast of lung,primary_cell,adult,encode,paired,False,OutputType.RNA_SEQ,,,
CL:0002553 total RNA-seq,+,total RNA-seq,CL:0002553,fibroblast of lung,primary_cell,adult,encode,paired,False,OutputType.RNA_SEQ,,,
CL:0002558 total RNA-seq,+,total RNA-seq,CL:0002558,fibroblast of villous mesenchyme,primary_cell,newborn,encode,paired,False,OutputType.RNA_SEQ,,,
CL:0002568 total RNA-seq,+,total RNA-seq,CL:0002568,mesenchymal stem cell of Wharton's jelly,primary_cell,newborn,encode,paired,False,OutputType.RNA_SEQ,,,
CL:0002570 total RNA-seq,+,total RNA-seq,CL:0002570,mesenchymal stem cell of adipose,primary_cell,adult,encode,paired,False,OutputType.RNA_SEQ,,,
CL:0002577 total RNA-seq,+,total RNA-seq,CL:0002577,placental epithelial cell,primary_cell,newborn,encode,paired,False,OutputType.RNA_SEQ,,,
CL:0002583 total RNA-seq,+,total RNA-seq,CL:0002583,subcutaneous preadipocyte,primary_cell,adult,encode,paired,False,OutputType.RNA_SEQ,,,
CL:0002584 total RNA-seq,+,total RNA-seq,CL:0002584,renal cortical epithelial cell,primary_cell,adult,encode,paired,False,OutputType.RNA_SEQ,,,
CL:0002591 total RNA-seq,+,total RNA-seq,CL:0002591,smooth muscle cell of the pulmonary artery,primary_cell,adult,encode,paired,False,OutputType.RNA_SEQ,,,
CL:0002592 total RNA-seq,+,total RNA-seq,CL:0002592,smooth muscle cell of the coronary artery,primary_cell,adult,encode,paired,False,OutputType.RNA_SEQ,,,
CL:0002594 total RNA-seq,+,total RNA-seq,CL:0002594,smooth muscle cell of the umbilical artery,primary_cell,newborn,encode,paired,False,OutputType.RNA_SEQ,,,
CL:0002597 total RNA-seq,+,total RNA-seq,CL:0002597,smooth muscle cell of bladder,primary_cell,adult,encode,paired,False,OutputType.RNA_SEQ,,,
CL:0002598 total RNA-seq,+,total RNA-seq,CL:0002598,bronchial smooth muscle cell,primary_cell,adult,encode,paired,False,OutputType.RNA_SEQ,,,
CL:0002600 total RNA-seq,+,total RNA-seq,CL:0002600,smooth muscle cell of trachea,primary_cell,adult,encode,paired,False,OutputType.RNA_SEQ,,,
CL:0002601 total RNA-seq,+,total RNA-seq,CL:0002601,uterine smooth muscle cell,primary_cell,adult,encode,paired,False,OutputType.RNA_SEQ,,,
CL:0002618 polyA plus RNA-seq,+,polyA plus RNA-seq,CL:0002618,endothelial cell of umbilical vein,primary_cell,newborn,encode,paired,False,OutputType.RNA_SEQ,,,
CL:0002618 total RNA-seq,+,total RNA-seq,CL:0002618,endothelial cell of umbilical vein,primary_cell,newborn,encode,single,False,OutputType.RNA_SEQ,,,
CL:0010002 total RNA-seq,+,total RNA-seq,CL:0010002,epithelial cell of umbilical artery,primary_cell,newborn,encode,paired,False,OutputType.RNA_SEQ,,,
CL:0010003 total RNA-seq,+,total RNA-seq,CL:0010003,epithelial cell of alveolus of lung,primary_cell,"unknown,embryonic",encode,paired,False,OutputType.RNA_SEQ,,,
CL:0011012 total RNA-seq,+,total RNA-seq,CL:0011012,neural crest cell,in_vitro_differentiated_cells,embryonic,encode,single,False,OutputType.RNA_SEQ,,,
CL:0011019 total RNA-seq,+,total RNA-seq,CL:0011019,mesothelial cell of epicardium,in_vitro_differentiated_cells,embryonic,encode,single,False,OutputType.RNA_SEQ,,,
CL:0011020 total RNA-seq,+,total RNA-seq,CL:0011020,neural progenitor cell,in_vitro_differentiated_cells,embryonic,encode,paired,False,OutputType.RNA_SEQ,,,
CL:1000458 total RNA-seq,+,total RNA-seq,CL:1000458,melanocyte of skin,primary_cell,adult,encode,paired,False,OutputType.RNA_SEQ,,,
CL:1001568 total RNA-seq,+,total RNA-seq,CL:1001568,pulmonary artery endothelial cell,primary_cell,adult,encode,paired,False,OutputType.RNA_SEQ,,,
CL:1001606 polyA plus RNA-seq,+,polyA plus RNA-seq,CL:1001606,foreskin keratinocyte,primary_cell,newborn,encode,paired,False,OutputType.RNA_SEQ,,,
CL:1001606 total RNA-seq,+,total RNA-seq,CL:1001606,foreskin keratinocyte,primary_cell,newborn,encode,paired,False,OutputType.RNA_SEQ,,,
CL:1001608 polyA plus RNA-seq,+,polyA plus RNA-seq,CL:1001608,foreskin fibroblast,primary_cell,newborn,encode,paired,False,OutputType.RNA_SEQ,,,
CL:2000001 polyA plus RNA-seq,+,polyA plus RNA-seq,CL:2000001,peripheral blood mononuclear cell,primary_cell,adult,encode,paired,False,OutputType.RNA_SEQ,,,
CL:2000007 total RNA-seq,+,total RNA-seq,CL:2000007,articular chondrocyte of knee joint,primary_cell,adult,encode,paired,False,OutputType.RNA_SEQ,,,
CL:2000010 total RNA-seq,+,total RNA-seq,CL:2000010,dermis blood vessel endothelial cell,primary_cell,child,encode,paired,False,OutputType.RNA_SEQ,,,
CL:2000011 total RNA-seq,+,total RNA-seq,CL:2000011,dermis lymphatic vessel endothelial cell,primary_cell,"child,adult",encode,paired,False,OutputType.RNA_SEQ,,,
CL:2000016 total RNA-seq,+,total RNA-seq,CL:2000016,lung microvascular endothelial cell,primary_cell,adult,encode,paired,False,OutputType.RNA_SEQ,,,
CL:2000018 total RNA-seq,+,total RNA-seq,CL:2000018,endothelial cell of coronary artery,primary_cell,adult,encode,paired,False,OutputType.RNA_SEQ,,,
CL:2000040 total RNA-seq,+,total RNA-seq,CL:2000040,bladder microvascular endothelial cell,primary_cell,adult,encode,paired,False,OutputType.RNA_SEQ,,,
CL:2000041 total RNA-seq,+,total RNA-seq,CL:2000041,dermis microvascular lymphatic vessel endothelial cell,primary_cell,adult,encode,paired,False,OutputType.RNA_SEQ,,,
CL:2000045 polyA plus RNA-seq,+,polyA plus RNA-seq,CL:2000045,foreskin melanocyte,primary_cell,newborn,encode,paired,False,OutputType.RNA_SEQ,,,
CL:2000066 total RNA-seq,+,total RNA-seq,CL:2000066,cardiac ventricle fibroblast,primary_cell,"adult,unknown",encode,paired,False,OutputType.RNA_SEQ,,,
CL:2000067 total RNA-seq,+,total RNA-seq,CL:2000067,cardiac atrium fibroblast,primary_cell,child,encode,paired,False,OutputType.RNA_SEQ,,,
CL:2000068 total RNA-seq,+,total RNA-seq,CL:2000068,pericardium fibroblast,primary_cell,"embryonic,unknown",encode,paired,False,OutputType.RNA_SEQ,,,
CL:2000071 total RNA-seq,+,total RNA-seq,CL:2000071,mammary microvascular endothelial cell,primary_cell,adult,encode,paired,False,OutputType.RNA_SEQ,,,
CL:2000078 total RNA-seq,+,total RNA-seq,CL:2000078,placental pericyte,primary_cell,newborn,encode,paired,False,OutputType.RNA_SEQ,,,
CL:2000092 total RNA-seq,+,total RNA-seq,CL:2000092,hair follicular keratinocyte,primary_cell,adult,encode,paired,False,OutputType.RNA_SEQ,,,
CL:2000093 total RNA-seq,+,total RNA-seq,CL:2000093,bronchus fibroblast of lung,primary_cell,unknown,encode,paired,False,OutputType.RNA_SEQ,,,
CL:2000094 total RNA-seq,+,total RNA-seq,CL:2000094,nasal cavity respiratory epithelium epithelial cell of viscerocranial mucosa,primary_cell,adult,encode,paired,False,OutputType.RNA_SEQ,,,
EFO:0001086 polyA plus RNA-seq,+,polyA plus RNA-seq,EFO:0001086,A549,cell_line,adult,encode,paired,False,OutputType.RNA_SEQ,,,
EFO:0001099 total RNA-seq,+,total RNA-seq,EFO:0001099,Caco-2,cell_line,adult,encode,single,False,OutputType.RNA_SEQ,,,
EFO:0001187 polyA plus RNA-seq,+,polyA plus RNA-seq,EFO:0001187,HepG2,cell_line,child,encode,paired,False,OutputType.RNA_SEQ,,,
EFO:0001187 total RNA-seq,+,total RNA-seq,EFO:0001187,HepG2,cell_line,child,encode,paired,False,OutputType.RNA_SEQ,,,
EFO:0001193 total RNA-seq,+,total RNA-seq,EFO:0001193,HT-29,cell_line,adult,encode,paired,False,OutputType.RNA_SEQ,,,
EFO:0001196 polyA plus RNA-seq,+,polyA plus RNA-seq,EFO:0001196,IMR-90,cell_line,embryonic,encode,paired,False,OutputType.RNA_SEQ,,,
EFO:0001196 total RNA-seq,+,total RNA-seq,EFO:0001196,IMR-90,cell_line,embryonic,encode,paired,False,OutputType.RNA_SEQ,,,
EFO:0001200 total RNA-seq,+,total RNA-seq,EFO:0001200,MCF 10A,cell_line,adult,encode,single,False,OutputType.RNA_SEQ,,,
EFO:0001203 polyA plus RNA-seq,+,polyA plus RNA-seq,EFO:0001203,MCF-7,cell_line,adult,encode,paired,False,OutputType.RNA_SEQ,,,
EFO:0001203 total RNA-seq,+,total RNA-seq,EFO:0001203,MCF-7,cell_line,adult,encode,single,False,OutputType.RNA_SEQ,,,
EFO:0002059 polyA plus RNA-seq,+,polyA plus RNA-seq,EFO:0002059,HT1080,cell_line,adult,encode,paired,False,OutputType.RNA_SEQ,,,
EFO:0002059 total RNA-seq,+,total RNA-seq,EFO:0002059,HT1080,cell_line,adult,encode,paired,False,OutputType.RNA_SEQ,,,
EFO:0002067 polyA plus RNA-seq,+,polyA plus RNA-seq,EFO:0002067,K562,cell_line,adult,encode,paired,False,OutputType.RNA_SEQ,,,
EFO:0002067 total RNA-seq,+,total RNA-seq,EFO:0002067,K562,cell_line,adult,encode,paired,False,OutputType.RNA_SEQ,,,
EFO:0002074 total RNA-seq,+,total RNA-seq,EFO:0002074,PC-3,cell_line,adult,encode,paired,False,OutputType.RNA_SEQ,,,
EFO:0002101 total RNA-seq,+,total RNA-seq,EFO:0002101,A172,cell_line,adult,encode,paired,False,OutputType.RNA_SEQ,,,
EFO:0002103 total RNA-seq,+,total RNA-seq,EFO:0002103,A375,cell_line,adult,encode,paired,False,OutputType.RNA_SEQ,,,
EFO:0002106 total RNA-seq,+,total RNA-seq,EFO:0002106,A673,cell_line,child,encode,single,False,OutputType.RNA_SEQ,,,
EFO:0002150 total RNA-seq,+,total RNA-seq,EFO:0002150,Caki2,cell_line,adult,encode,paired,False,OutputType.RNA_SEQ,,,
EFO:0002179 total RNA-seq,+,total RNA-seq,EFO:0002179,G401,cell_line,child,encode,paired,False,OutputType.RNA_SEQ,,,
EFO:0002184 total RNA-seq,+,total RNA-seq,EFO:0002184,H4,cell_line,adult,encode,paired,False,OutputType.RNA_SEQ,,,
EFO:0002234 total RNA-seq,+,total RNA-seq,EFO:0002234,MG63,cell_line,child,encode,paired,False,OutputType.RNA_SEQ,,,
EFO:0002330 total RNA-seq,+,total RNA-seq,EFO:0002330,SJSA1,cell_line,adult,encode,paired,False,OutputType.RNA_SEQ,,,
EFO:0002713 total RNA-seq,+,total RNA-seq,EFO:0002713,Panc1,cell_line,adult,encode,single,False,OutputType.RNA_SEQ,,,
EFO:0002779 polyA plus RNA-seq,+,polyA plus RNA-seq,EFO:0002779,BJ,cell_line,newborn,encode,paired,False,OutputType.RNA_SEQ,,,
EFO:0002784 polyA plus RNA-seq,+,polyA plus RNA-seq,EFO:0002784,GM12878,cell_line,adult,encode,paired,False,OutputType.RNA_SEQ,,,
EFO:0002784 total RNA-seq,+,total RNA-seq,EFO:0002784,GM12878,cell_line,adult,encode,paired,False,OutputType.RNA_SEQ,,,
EFO:0002791 polyA plus RNA-seq,+,polyA plus RNA-seq,EFO:0002791,HeLa-S3,cell_line,adult,encode,paired,False,OutputType.RNA_SEQ,,,
EFO:0002819 total RNA-seq,+,total RNA-seq,EFO:0002819,Calu3,cell_line,adult,encode,single,False,OutputType.RNA_SEQ,,,
EFO:0002824 total RNA-seq,+,total RNA-seq,EFO:0002824,HCT116,cell_line,adult,encode,single,False,OutputType.RNA_SEQ,,,
EFO:0002847 total RNA-seq,+,total RNA-seq,EFO:0002847,PC-9,cell_line,unknown,encode,single,False,OutputType.RNA_SEQ,,,
EFO:0003042 polyA plus RNA-seq,+,polyA plus RNA-seq,EFO:0003042,H1,cell_line,embryonic,encode,paired,False,OutputType.RNA_SEQ,,,
EFO:0003042 total RNA-seq,+,total RNA-seq,EFO:0003042,H1,cell_line,embryonic,encode,single,False,OutputType.RNA_SEQ,,,
EFO:0003044 polyA plus RNA-seq,+,polyA plus RNA-seq,EFO:0003044,NCI-H460,cell_line,unknown,encode,paired,False,OutputType.RNA_SEQ,,,
EFO:0003044 total RNA-seq,+,total RNA-seq,EFO:0003044,NCI-H460,cell_line,unknown,encode,paired,False,OutputType.RNA_SEQ,,,
EFO:0003045 total RNA-seq,+,total RNA-seq,EFO:0003045,H9,cell_line,embryonic,encode,single,False,OutputType.RNA_SEQ,,,
EFO:0003072 polyA plus RNA-seq,+,polyA plus RNA-seq,EFO:0003072,SK-N-SH,cell_line,child,encode,paired,False,OutputType.RNA_SEQ,,,
EFO:0005697 total RNA-seq,+,total RNA-seq,EFO:0005697,M059J,cell_line,adult,encode,paired,False,OutputType.RNA_SEQ,,,
EFO:0005698 total RNA-seq,+,total RNA-seq,EFO:0005698,Daoy,cell_line,child,encode,paired,False,OutputType.RNA_SEQ,,,
EFO:0005712 total RNA-seq,+,total RNA-seq,EFO:0005712,RPMI7951,cell_line,adult,encode,paired,False,OutputType.RNA_SEQ,,,
EFO:0005714 total RNA-seq,+,total RNA-seq,EFO:0005714,LHCN-M2,cell_line,adult,encode,paired,False,OutputType.RNA_SEQ,,,
EFO:0005719 total RNA-seq,+,total RNA-seq,EFO:0005719,Karpas-422,cell_line,adult,encode,paired,False,OutputType.RNA_SEQ,,,
EFO:0005720 polyA plus RNA-seq,+,polyA plus RNA-seq,EFO:0005720,SK-MEL-5,cell_line,adult,encode,paired,False,OutputType.RNA_SEQ,,,
EFO:0005720 total RNA-seq,+,total RNA-seq,EFO:0005720,SK-MEL-5,cell_line,adult,encode,paired,False,OutputType.RNA_SEQ,,,
EFO:0005721 polyA plus RNA-seq,+,polyA plus RNA-seq,EFO:0005721,SK-N-DZ,cell_line,child,encode,paired,False,OutputType.RNA_SEQ,,,
EFO:0005722 total RNA-seq,+,total RNA-seq,EFO:0005722,SJCRH30,cell_line,child,encode,paired,False,OutputType.RNA_SEQ,,,
EFO:0005723 total RNA-seq,+,total RNA-seq,EFO:0005723,GM23248,cell_line,adult,encode,paired,False,OutputType.RNA_SEQ,,,
EFO:0005904 total RNA-seq,+,total RNA-seq,EFO:0005904,H7,cell_line,embryonic,encode,paired,False,OutputType.RNA_SEQ,,,
EFO:0006270 polyA plus RNA-seq,+,polyA plus RNA-seq,EFO:0006270,AG04450,cell_line,embryonic,encode,paired,False,OutputType.RNA_SEQ,,,
EFO:0006711 total RNA-seq,+,total RNA-seq,EFO:0006711,OCI-LY7,cell_line,adult,encode,paired,False,OutputType.RNA_SEQ,,,
EFO:0007089 polyA plus RNA-seq,+,polyA plus RNA-seq,EFO:0007089,HUES64,cell_line,embryonic,encode,paired,False,OutputType.RNA_SEQ,,,
EFO:0007950 total RNA-seq,+,total RNA-seq,EFO:0007950,GM23338,cell_line,adult,encode,paired,False,OutputType.RNA_SEQ,,,
EFO:0009318 total RNA-seq,+,total RNA-seq,EFO:0009318,HFFc6,cell_line,newborn,encode,single,False,OutputType.RNA_SEQ,,,
EFO:0009747 total RNA-seq,+,total RNA-seq,EFO:0009747,WTC11,cell_line,adult,encode,single,False,OutputType.RNA_SEQ,,,
EFO:0030018 polyA plus RNA-seq,+,polyA plus RNA-seq,EFO:0030018,BLaER1,cell_line,unknown,encode,paired,False,OutputType.RNA_SEQ,,,
NTR:0000427 polyA plus RNA-seq,+,polyA plus RNA-seq,NTR:0000427,neurosphere,primary_cell,embryonic,encode,paired,False,OutputType.RNA_SEQ,,,
NTR:0000491 total RNA-seq,+,total RNA-seq,NTR:0000491,Right ventricle myocardium inferior,tissue,adult,encode,single,False,OutputType.RNA_SEQ,,,
NTR:0000492 total RNA-seq,+,total RNA-seq,NTR:0000492,Right ventricle myocardium superior,tissue,adult,encode,single,False,OutputType.RNA_SEQ,,,
NTR:0000493 total RNA-seq,+,total RNA-seq,NTR:0000493,left ventricle myocardium inferior,tissue,adult,encode,single,False,OutputType.RNA_SEQ,,,
NTR:0000494 total RNA-seq,+,total RNA-seq,NTR:0000494,left ventricle myocardium superior,tissue,adult,encode,single,False,OutputType.RNA_SEQ,,,
NTR:0000856 polyA plus RNA-seq,+,polyA plus RNA-seq,NTR:0000856,mesendoderm,in_vitro_differentiated_cells,embryonic,encode,paired,False,OutputType.RNA_SEQ,,,
NTR:0003013 polyA plus RNA-seq,+,polyA plus RNA-seq,NTR:0003013,placental basal plate,tissue,embryonic,encode,paired,False,OutputType.RNA_SEQ,,,
UBERON:0000016 polyA plus RNA-seq,+,polyA plus RNA-seq,UBERON:0000016,endocrine pancreas,tissue,adult,encode,paired,False,OutputType.RNA_SEQ,,,
UBERON:0000019 total RNA-seq,+,total RNA-seq,UBERON:0000019,camera-type eye,tissue,embryonic,encode,paired,False,OutputType.RNA_SEQ,,,
UBERON:0000056 total RNA-seq,+,total RNA-seq,UBERON:0000056,ureter,tissue,adult,encode,single,False,OutputType.RNA_SEQ,,,
UBERON:0000081 total RNA-seq,+,total RNA-seq,UBERON:0000081,metanephros,tissue,embryonic,encode,paired,False,OutputType.RNA_SEQ,,,
UBERON:0000088 polyA plus RNA-seq,+,polyA plus RNA-seq,UBERON:0000088,trophoblast,tissue,embryonic,encode,paired,False,OutputType.RNA_SEQ,,,
UBERON:0000305 polyA plus RNA-seq,+,polyA plus RNA-seq,UBERON:0000305,amnion,tissue,embryonic,encode,paired,False,OutputType.RNA_SEQ,,,
UBERON:0000317 total RNA-seq,+,total RNA-seq,UBERON:0000317,colonic mucosa,tissue,adult,encode,single,False,OutputType.RNA_SEQ,,,
UBERON:0000473 polyA plus RNA-seq,+,polyA plus RNA-seq,UBERON:0000473,testis,tissue,adult,encode,paired,False,OutputType.RNA_SEQ,,,
UBERON:0000473 total RNA-seq,+,total RNA-seq,UBERON:0000473,testis,tissue,adult,encode,paired,False,OutputType.RNA_SEQ,,,
UBERON:0000945 polyA plus RNA-seq,+,polyA plus RNA-seq,UBERON:0000945,stomach,tissue,adult,encode,paired,False,OutputType.RNA_SEQ,,,
UBERON:0000945 total RNA-seq,+,total RNA-seq,UBERON:0000945,stomach,tissue,adult,encode,paired,False,OutputType.RNA_SEQ,,,
UBERON:0000947 polyA plus RNA-seq,+,polyA plus RNA-seq,UBERON:0000947,aorta,tissue,adult,encode,paired,False,OutputType.RNA_SEQ,,,
UBERON:0000947 total RNA-seq,+,total RNA-seq,UBERON:0000947,aorta,tissue,adult,encode,single,False,OutputType.RNA_SEQ,,,
UBERON:0000948 polyA plus RNA-seq,+,polyA plus RNA-seq,UBERON:0000948,heart,tissue,adult,encode,paired,False,OutputType.RNA_SEQ,,,
UBERON:0000948 total RNA-seq,+,total RNA-seq,UBERON:0000948,heart,tissue,adult,encode,paired,False,OutputType.RNA_SEQ,,,
UBERON:0000955 polyA plus RNA-seq,+,polyA plus RNA-seq,UBERON:0000955,brain,tissue,adult,encode,paired,False,OutputType.RNA_SEQ,,,
UBERON:0000992 polyA plus RNA-seq,+,polyA plus RNA-seq,UBERON:0000992,ovary,tissue,adult,encode,paired,False,OutputType.RNA_SEQ,,,
UBERON:0000992 total RNA-seq,+,total RNA-seq,UBERON:0000992,ovary,tissue,adult,encode,paired,False,OutputType.RNA_SEQ,,,
UBERON:0000995 total RNA-seq,+,total RNA-seq,UBERON:0000995,uterus,tissue,adult,encode,paired,False,OutputType.RNA_SEQ,,,
UBERON:0000996 total RNA-seq,+,total RNA-seq,UBERON:0000996,vagina,tissue,adult,encode,paired,False,OutputType.RNA_SEQ,,,
UBERON:0001013 polyA plus RNA-seq,+,polyA plus RNA-seq,UBERON:0001013,adipose tissue,tissue,adult,encode,paired,False,OutputType.RNA_SEQ,,,
UBERON:0001043 polyA plus RNA-seq,+,polyA plus RNA-seq,UBERON:0001043,esophagus,tissue,adult,encode,paired,False,OutputType.RNA_SEQ,,,
UBERON:0001072 total RNA-seq,+,total RNA-seq,UBERON:0001072,posterior vena cava,tissue,adult,encode,single,False,OutputType.RNA_SEQ,,,
UBERON:0001114 total RNA-seq,+,total RNA-seq,UBERON:0001114,right lobe of liver,tissue,adult,encode,paired,False,OutputType.RNA_SEQ,,,
UBERON:0001115 total RNA-seq,+,total RNA-seq,UBERON:0001115,left lobe of liver,tissue,adult,encode,single,False,OutputType.RNA_SEQ,,,
UBERON:0001134 total RNA-seq,+,total RNA-seq,UBERON:0001134,skeletal muscle tissue,tissue,embryonic,encode,paired,False,OutputType.RNA_SEQ,,,
UBERON:0001150 total RNA-seq,+,total RNA-seq,UBERON:0001150,body of pancreas,tissue,adult,encode,paired,False,OutputType.RNA_SEQ,,,
UBERON:0001157 total RNA-seq,+,total RNA-seq,UBERON:0001157,transverse colon,tissue,adult,encode,paired,False,OutputType.RNA_SEQ,,,
UBERON:0001159 polyA plus RNA-seq,+,polyA plus RNA-seq,UBERON:0001159,sigmoid colon,tissue,adult,encode,paired,False,OutputType.RNA_SEQ,,,
UBERON:0001159 total RNA-seq,+,total RNA-seq,UBERON:0001159,sigmoid colon,tissue,adult,encode,paired,False,OutputType.RNA_SEQ,,,
UBERON:0001211 total RNA-seq,+,total RNA-seq,UBERON:0001211,Peyer's patch,tissue,adult,encode,paired,False,OutputType.RNA_SEQ,,,
UBERON:0001255 polyA plus RNA-seq,+,polyA plus RNA-seq,UBERON:0001255,urinary bladder,tissue,child,encode,paired,False,OutputType.RNA_SEQ,,,
UBERON:0001255 total RNA-seq,+,total RNA-seq,UBERON:0001255,urinary bladder,tissue,embryonic,encode,paired,False,OutputType.RNA_SEQ,,,
UBERON:0001264 polyA plus RNA-seq,+,polyA plus RNA-seq,UBERON:0001264,pancreas,tissue,adult,encode,paired,False,OutputType.RNA_SEQ,,,
UBERON:0001264 total RNA-seq,+,total RNA-seq,UBERON:0001264,pancreas,tissue,adult,encode,single,False,OutputType.RNA_SEQ,,,
UBERON:0001322 total RNA-seq,+,total RNA-seq,UBERON:0001322,sciatic nerve,tissue,adult,encode,single,False,OutputType.RNA_SEQ,,,
UBERON:0001323 total RNA-seq,+,total RNA-seq,UBERON:0001323,tibial nerve,tissue,adult,encode,paired,False,OutputType.RNA_SEQ,,,
UBERON:0001383 polyA plus RNA-seq,+,polyA plus RNA-seq,UBERON:0001383,muscle of leg,tissue,embryonic,encode,paired,False,OutputType.RNA_SEQ,,,
UBERON:0001496 total RNA-seq,+,total RNA-seq,UBERON:0001496,ascending aorta,tissue,adult,encode,paired,False,OutputType.RNA_SEQ,,,
UBERON:0001515 total RNA-seq,+,total RNA-seq,UBERON:0001515,thoracic aorta,tissue,adult,encode,paired,False,OutputType.RNA_SEQ,,,
UBERON:0001723 total RNA-seq,+,total RNA-seq,UBERON:0001723,tongue,tissue,embryonic,encode,paired,False,OutputType.RNA_SEQ,,,
UBERON:0001870 total RNA-seq,+,total RNA-seq,UBERON:0001870,frontal cortex,tissue,embryonic,encode,paired,False,OutputType.RNA_SEQ,,,
UBERON:0001871 total RNA-seq,+,total RNA-seq,UBERON:0001871,temporal lobe,tissue,embryonic,encode,paired,False,OutputType.RNA_SEQ,,,
UBERON:0001872 total RNA-seq,+,total RNA-seq,UBERON:0001872,parietal lobe,tissue,embryonic,encode,paired,False,OutputType.RNA_SEQ,,,
UBERON:0001894 total RNA-seq,+,total RNA-seq,UBERON:0001894,diencephalon,tissue,embryonic,encode,paired,False,OutputType.RNA_SEQ,,,
UBERON:0001987 polyA plus RNA-seq,+,polyA plus RNA-seq,UBERON:0001987,placenta,tissue,embryonic,encode,paired,False,OutputType.RNA_SEQ,,,
UBERON:0001987 total RNA-seq,+,total RNA-seq,UBERON:0001987,placenta,tissue,embryonic,encode,single,False,OutputType.RNA_SEQ,,,
UBERON:0002021 total RNA-seq,+,total RNA-seq,UBERON:0002021,occipital lobe,tissue,embryonic,encode,paired,False,OutputType.RNA_SEQ,,,
UBERON:0002037 polyA plus RNA-seq,+,polyA plus RNA-seq,UBERON:0002037,cerebellum,tissue,embryonic,encode,paired,False,OutputType.RNA_SEQ,,,
UBERON:0002037 total RNA-seq,+,total RNA-seq,UBERON:0002037,cerebellum,tissue,embryonic,encode,paired,False,OutputType.RNA_SEQ,,,
UBERON:0002046 total RNA-seq,+,total RNA-seq,UBERON:0002046,thyroid gland,tissue,adult,encode,paired,False,OutputType.RNA_SEQ,,,
UBERON:0002048 polyA plus RNA-seq,+,polyA plus RNA-seq,UBERON:0002048,lung,tissue,adult,encode,paired,False,OutputType.RNA_SEQ,,,
UBERON:0002048 total RNA-seq,+,total RNA-seq,UBERON:0002048,lung,tissue,embryonic,encode,paired,False,OutputType.RNA_SEQ,,,
UBERON:0002078 polyA plus RNA-seq,+,polyA plus RNA-seq,UBERON:0002078,right cardiac atrium,tissue,adult,encode,paired,False,OutputType.RNA_SEQ,,,
UBERON:0002078 total RNA-seq,+,total RNA-seq,UBERON:0002078,right cardiac atrium,tissue,adult,encode,single,False,OutputType.RNA_SEQ,,,
UBERON:0002079 total RNA-seq,+,total RNA-seq,UBERON:0002079,left cardiac atrium,tissue,adult,encode,single,False,OutputType.RNA_SEQ,,,
UBERON:0002080 polyA plus RNA-seq,+,polyA plus RNA-seq,UBERON:0002080,heart right ventricle,tissue,adult,encode,paired,False,OutputType.RNA_SEQ,,,
UBERON:0002080 total RNA-seq,+,total RNA-seq,UBERON:0002080,heart right ventricle,tissue,adult,encode,single,False,OutputType.RNA_SEQ,,,
UBERON:0002084 polyA plus RNA-seq,+,polyA plus RNA-seq,UBERON:0002084,heart left ventricle,tissue,adult,encode,paired,False,OutputType.RNA_SEQ,,,
UBERON:0002084 total RNA-seq,+,total RNA-seq,UBERON:0002084,heart left ventricle,tissue,adult,encode,paired,False,OutputType.RNA_SEQ,,,
UBERON:0002097 total RNA-seq,+,total RNA-seq,UBERON:0002097,skin of body,tissue,embryonic,encode,paired,False,OutputType.RNA_SEQ,,,
UBERON:0002099 total RNA-seq,+,total RNA-seq,UBERON:0002099,cardiac septum,tissue,adult,encode,single,False,OutputType.RNA_SEQ,,,
UBERON:0002106 polyA plus RNA-seq,+,polyA plus RNA-seq,UBERON:0002106,spleen,tissue,adult,encode,paired,False,OutputType.RNA_SEQ,,,
UBERON:0002106 total RNA-seq,+,total RNA-seq,UBERON:0002106,spleen,tissue,adult,encode,paired,False,OutputType.RNA_SEQ,,,
UBERON:0002107 polyA plus RNA-seq,+,polyA plus RNA-seq,UBERON:0002107,liver,tissue,child,encode,paired,False,OutputType.RNA_SEQ,,,
UBERON:0002107 total RNA-seq,+,total RNA-seq,UBERON:0002107,liver,tissue,embryonic,encode,paired,False,OutputType.RNA_SEQ,,,
UBERON:0002108 polyA plus RNA-seq,+,polyA plus RNA-seq,UBERON:0002108,small intestine,tissue,adult,encode,paired,False,OutputType.RNA_SEQ,,,
UBERON:0002113 polyA plus RNA-seq,+,polyA plus RNA-seq,UBERON:0002113,kidney,tissue,adult,encode,paired,False,OutputType.RNA_SEQ,,,
UBERON:0002113 total RNA-seq,+,total RNA-seq,UBERON:0002113,kidney,tissue,adult,encode,single,False,OutputType.RNA_SEQ,,,
UBERON:0002168 total RNA-seq,+,total RNA-seq,UBERON:0002168,left lung,tissue,adult,encode,single,False,OutputType.RNA_SEQ,,,
UBERON:0002170 total RNA-seq,+,total RNA-seq,UBERON:0002170,upper lobe of right lung,tissue,adult,encode,single,False,OutputType.RNA_SEQ,,,
UBERON:0002171 total RNA-seq,+,total RNA-seq,UBERON:0002171,lower lobe of right lung,tissue,adult,encode,single,False,OutputType.RNA_SEQ,,,
UBERON:0002190 total RNA-seq,+,total RNA-seq,UBERON:0002190,subcutaneous adipose tissue,tissue,adult,encode,paired,False,OutputType.RNA_SEQ,,,
UBERON:0002240 polyA plus RNA-seq,+,polyA plus RNA-seq,UBERON:0002240,spinal cord,tissue,embryonic,encode,paired,False,OutputType.RNA_SEQ,,,
UBERON:0002240 total RNA-seq,+,total RNA-seq,UBERON:0002240,spinal cord,tissue,embryonic,encode,paired,False,OutputType.RNA_SEQ,,,
UBERON:0002331 total RNA-seq,+,total RNA-seq,UBERON:0002331,umbilical cord,tissue,embryonic,encode,paired,False,OutputType.RNA_SEQ,,,
UBERON:0002367 total RNA-seq,+,total RNA-seq,UBERON:0002367,prostate gland,tissue,adult,encode,paired,False,OutputType.RNA_SEQ,,,
UBERON:0002369 polyA plus RNA-seq,+,polyA plus RNA-seq,UBERON:0002369,adrenal gland,tissue,adult,encode,paired,False,OutputType.RNA_SEQ,,,
UBERON:0002369 total RNA-seq,+,total RNA-seq,UBERON:0002369,adrenal gland,tissue,adult,encode,paired,False,OutputType.RNA_SEQ,,,
UBERON:0002370 polyA plus RNA-seq,+,polyA plus RNA-seq,UBERON:0002370,thymus,tissue,embryonic,encode,paired,False,OutputType.RNA_SEQ,,,
UBERON:0002469 total RNA-seq,+,total RNA-seq,UBERON:0002469,esophagus mucosa,tissue,adult,encode,single,False,OutputType.RNA_SEQ,,,
UBERON:0003124 polyA plus RNA-seq,+,polyA plus RNA-seq,UBERON:0003124,chorion,tissue,embryonic,encode,paired,False,OutputType.RNA_SEQ,,,
UBERON:0004264 total RNA-seq,+,total RNA-seq,UBERON:0004264,lower leg skin,tissue,adult,encode,paired,False,OutputType.RNA_SEQ,,,
UBERON:0004550 total RNA-seq,+,total RNA-seq,UBERON:0004550,gastroesophageal sphincter,tissue,adult,encode,paired,False,OutputType.RNA_SEQ,,,
UBERON:0004648 total RNA-seq,+,total RNA-seq,UBERON:0004648,esophagus muscularis mucosa,tissue,adult,encode,paired,False,OutputType.RNA_SEQ,,,
UBERON:0004992 total RNA-seq,+,total RNA-seq,UBERON:0004992,mucosa of descending colon,tissue,adult,encode,single,False,OutputType.RNA_SEQ,,,
UBERON:0005033 total RNA-seq,+,total RNA-seq,UBERON:0005033,mucosa of gallbladder,tissue,child,encode,single,False,OutputType.RNA_SEQ,,,
UBERON:0006631 total RNA-seq,+,total RNA-seq,UBERON:0006631,right atrium auricular region,tissue,adult,encode,paired,False,OutputType.RNA_SEQ,,,
UBERON:0006920 total RNA-seq,+,total RNA-seq,UBERON:0006920,esophagus squamous epithelium,tissue,adult,encode,paired,False,OutputType.RNA_SEQ,,,
UBERON:0007106 polyA plus RNA-seq,+,polyA plus RNA-seq,UBERON:0007106,chorionic villus,tissue,embryonic,encode,paired,False,OutputType.RNA_SEQ,,,
UBERON:0008367 total RNA-seq,+,total RNA-seq,UBERON:0008367,breast epithelium,tissue,adult,encode,paired,False,OutputType.RNA_SEQ,,,
UBERON:0008450 polyA plus RNA-seq,+,polyA plus RNA-seq,UBERON:0008450,psoas muscle,tissue,adult,encode,paired,False,OutputType.RNA_SEQ,,,
UBERON:0008450 total RNA-seq,+,total RNA-seq,UBERON:0008450,psoas muscle,tissue,adult,encode,single,False,OutputType.RNA_SEQ,,,
UBERON:0008952 total RNA-seq,+,total RNA-seq,UBERON:0008952,upper lobe of left lung,tissue,adult,encode,paired,False,OutputType.RNA_SEQ,,,
UBERON:0008953 total RNA-seq,+,total RNA-seq,UBERON:0008953,lower lobe of left lung,tissue,adult,encode,single,False,OutputType.RNA_SEQ,,,
UBERON:0008971 total RNA-seq,+,total RNA-seq,UBERON:0008971,left colon,tissue,adult,encode,single,False,OutputType.RNA_SEQ,,,
UBERON:0009834 total RNA-seq,+,total RNA-seq,UBERON:0009834,dorsolateral prefrontal cortex,tissue,adult,encode,single,False,OutputType.RNA_SEQ,,,
UBERON:0010414 total RNA-seq,+,total RNA-seq,UBERON:0010414,omental fat pad,tissue,adult,encode,paired,False,OutputType.RNA_SEQ,,,
UBERON:0011907 total RNA-seq,+,total RNA-seq,UBERON:0011907,gastrocnemius medialis,tissue,adult,encode,paired,False,OutputType.RNA_SEQ,,,
UBERON:0015143 total RNA-seq,+,total RNA-seq,UBERON:0015143,mesenteric fat pad,tissue,adult,encode,single,False,OutputType.RNA_SEQ,,,
UBERON:0036149 total RNA-seq,+,total RNA-seq,UBERON:0036149,suprapubic skin,tissue,adult,encode,paired,False,OutputType.RNA_SEQ,,,
UBERON:1000010 polyA plus RNA-seq,+,polyA plus RNA-seq,UBERON:1000010,mole,tissue,unknown,encode,paired,False,OutputType.RNA_SEQ,,,
CL:0000047 polyA plus RNA-seq,-,polyA plus RNA-seq,CL:0000047,neuronal stem cell,in_vitro_differentiated_cells,embryonic,encode,paired,False,OutputType.RNA_SEQ,,,
CL:0000062 total RNA-seq,-,total RNA-seq,CL:0000062,osteoblast,primary_cell,adult,encode,paired,False,OutputType.RNA_SEQ,,,
CL:0000084 polyA plus RNA-seq,-,polyA plus RNA-seq,CL:0000084,T-cell,primary_cell,adult,encode,paired,False,OutputType.RNA_SEQ,,,
CL:0000084 total RNA-seq,-,total RNA-seq,CL:0000084,T-cell,primary_cell,adult,encode,single,False,OutputType.RNA_SEQ,,,
CL:0000115 total RNA-seq,-,total RNA-seq,CL:0000115,endothelial cell,in_vitro_differentiated_cells,adult,encode,single,False,OutputType.RNA_SEQ,,,
CL:0000127 total RNA-seq,-,total RNA-seq,CL:0000127,astrocyte,primary_cell,unknown,encode,paired,False,OutputType.RNA_SEQ,,,
CL:0000134 polyA plus RNA-seq,-,polyA plus RNA-seq,CL:0000134,mesenchymal stem cell,in_vitro_differentiated_cells,embryonic,encode,paired,False,OutputType.RNA_SEQ,,,
CL:0000137 total RNA-seq,-,total RNA-seq,CL:0000137,osteocyte,in_vitro_differentiated_cells,embryonic,encode,single,False,OutputType.RNA_SEQ,,,
CL:0000138 total RNA-seq,-,total RNA-seq,CL:0000138,chondrocyte,in_vitro_differentiated_cells,embryonic,encode,single,False,OutputType.RNA_SEQ,,,
CL:0000169 total RNA-seq,-,total RNA-seq,CL:0000169,type B pancreatic cell,in_vitro_differentiated_cells,embryonic,encode,single,False,OutputType.RNA_SEQ,,,
CL:0000182 total RNA-seq,-,total RNA-seq,CL:0000182,hepatocyte,in_vitro_differentiated_cells,embryonic,encode,paired,False,OutputType.RNA_SEQ,,,
CL:0000187 total RNA-seq,-,total RNA-seq,CL:0000187,myocyte,in_vitro_differentiated_cells,adult,encode,paired,False,OutputType.RNA_SEQ,,,
CL:0000192 total RNA-seq,-,total RNA-seq,CL:0000192,smooth muscle cell,in_vitro_differentiated_cells,embryonic,encode,paired,False,OutputType.RNA_SEQ,,,
CL:0000221 polyA plus RNA-seq,-,polyA plus RNA-seq,CL:0000221,ectodermal cell,in_vitro_differentiated_cells,embryonic,encode,paired,False,OutputType.RNA_SEQ,,,
CL:0000222 polyA plus RNA-seq,-,polyA plus RNA-seq,CL:0000222,mesodermal cell,in_vitro_differentiated_cells,embryonic,encode,paired,False,OutputType.RNA_SEQ,,,
CL:0000223 polyA plus RNA-seq,-,polyA plus RNA-seq,CL:0000223,endodermal cell,in_vitro_differentiated_cells,embryonic,encode,paired,False,OutputType.RNA_SEQ,,,
CL:0000223 total RNA-seq,-,total RNA-seq,CL:0000223,endodermal cell,in_vitro_differentiated_cells,embryonic,encode,single,False,OutputType.RNA_SEQ,,,
CL:0000236 polyA plus RNA-seq,-,polyA plus RNA-seq,CL:0000236,B cell,primary_cell,adult,encode,paired,False,OutputType.RNA_SEQ,,,
CL:0000236 total RNA-seq,-,total RNA-seq,CL:0000236,B cell,primary_cell,adult,encode,single,False,OutputType.RNA_SEQ,,,
CL:0000307 total RNA-seq,-,total RNA-seq,CL:0000307,tracheal epithelial cell,primary_cell,adult,encode,paired,False,OutputType.RNA_SEQ,,,
CL:0000312 polyA plus RNA-seq,-,polyA plus RNA-seq,CL:0000312,keratinocyte,primary_cell,unknown,encode,paired,False,OutputType.RNA_SEQ,,,
CL:0000346 total RNA-seq,-,total RNA-seq,CL:0000346,hair follicle dermal papilla cell,primary_cell,adult,encode,paired,False,OutputType.RNA_SEQ,,,
CL:0000351 polyA plus RNA-seq,-,polyA plus RNA-seq,CL:0000351,trophoblast cell,in_vitro_differentiated_cells,embryonic,encode,paired,False,OutputType.RNA_SEQ,,,
CL:0000515 polyA plus RNA-seq,-,polyA plus RNA-seq,CL:0000515,skeletal muscle myoblast,primary_cell,unknown,encode,paired,False,OutputType.RNA_SEQ,,,
CL:0000515 total RNA-seq,-,total RNA-seq,CL:0000515,skeletal muscle myoblast,primary_cell,unknown,encode,paired,False,OutputType.RNA_SEQ,,,
CL:0000594 total RNA-seq,-,total RNA-seq,CL:0000594,skeletal muscle satellite cell,primary_cell,adult,encode,paired,False,OutputType.RNA_SEQ,,,
CL:0000623 polyA plus RNA-seq,-,polyA plus RNA-seq,CL:0000623,natural killer cell,primary_cell,adult,encode,paired,False,OutputType.RNA_SEQ,,,
CL:0000623 total RNA-seq,-,total RNA-seq,CL:0000623,natural killer cell,primary_cell,adult,encode,single,False,OutputType.RNA_SEQ,,,
CL:0000624 total RNA-seq,-,total RNA-seq,CL:0000624,"CD4-positive, alpha-beta T cell",primary_cell,adult,encode,single,False,OutputType.RNA_SEQ,,,
CL:0000625 total RNA-seq,-,total RNA-seq,CL:0000625,"CD8-positive, alpha-beta T cell",primary_cell,adult,encode,single,False,OutputType.RNA_SEQ,,,
CL:0000650 total RNA-seq,-,total RNA-seq,CL:0000650,mesangial cell,primary_cell,"unknown,embryonic",encode,paired,False,OutputType.RNA_SEQ,,,
CL:0000679 total RNA-seq,-,total RNA-seq,CL:0000679,glutamatergic neuron,in_vitro_differentiated_cells,adult,encode,single,False,OutputType.RNA_SEQ,,,
CL:0000746 total RNA-seq,-,total RNA-seq,CL:0000746,cardiac muscle cell,in_vitro_differentiated_cells,embryonic,encode,paired,False,OutputType.RNA_SEQ,,,
CL:0000792 total RNA-seq,-,total RNA-seq,CL:0000792,"CD4-positive, CD25-positive, alpha-beta regulatory T cell",primary_cell,adult,encode,single,False,OutputType.RNA_SEQ,,,
CL:0000837 total RNA-seq,-,total RNA-seq,CL:0000837,hematopoietic multipotent progenitor cell,in_vitro_differentiated_cells,unknown,encode,paired,False,OutputType.RNA_SEQ,,,
CL:0000842 total RNA-seq,-,total RNA-seq,CL:0000842,mononuclear cell,primary_cell,adult,encode,paired,False,OutputType.RNA_SEQ,,,
CL:0000895 total RNA-seq,-,total RNA-seq,CL:0000895,"naive thymus-derived CD4-positive, alpha-beta T cell",primary_cell,adult,encode,single,False,OutputType.RNA_SEQ,,,
CL:0000897 total RNA-seq,-,total RNA-seq,CL:0000897,"CD4-positive, alpha-beta memory T cell",primary_cell,adult,encode,single,False,OutputType.RNA_SEQ,,,
CL:0000899 total RNA-seq,-,total RNA-seq,CL:0000899,T-helper 17 cell,primary_cell,adult,encode,single,False,OutputType.RNA_SEQ,,,
CL:0000900 total RNA-seq,-,total RNA-seq,CL:0000900,"naive thymus-derived CD8-positive, alpha-beta T cell",primary_cell,adult,encode,single,False,OutputType.RNA_SEQ,,,
CL:0000909 total RNA-seq,-,total RNA-seq,CL:0000909,"CD8-positive, alpha-beta memory T cell",primary_cell,adult,encode,single,False,OutputType.RNA_SEQ,,,
CL:0001054 polyA plus RNA-seq,-,polyA plus RNA-seq,CL:0001054,CD14-positive monocyte,primary_cell,adult,encode,paired,False,OutputType.RNA_SEQ,,,
CL:0002098 total RNA-seq,-,total RNA-seq,CL:0002098,regular cardiac myocyte,primary_cell,adult,encode,paired,False,OutputType.RNA_SEQ,,,
CL:0002188 total RNA-seq,-,total RNA-seq,CL:0002188,glomerular endothelial cell,primary_cell,embryonic,encode,paired,False,OutputType.RNA_SEQ,,,
CL:0002306 total RNA-seq,-,total RNA-seq,CL:0002306,epithelial cell of proximal tubule,primary_cell,unknown,encode,paired,False,OutputType.RNA_SEQ,,,
CL:0002319 polyA plus RNA-seq,-,polyA plus RNA-seq,CL:0002319,neural cell,in_vitro_differentiated_cells,embryonic,encode,paired,False,OutputType.RNA_SEQ,,,
CL:0002324 polyA plus RNA-seq,-,polyA plus RNA-seq,CL:0002324,myoepithelial cell of mammary gland,primary_cell,adult,encode,paired,False,OutputType.RNA_SEQ,,,
CL:0002326 polyA plus RNA-seq,-,polyA plus RNA-seq,CL:0002326,luminal epithelial cell of mammary gland,primary_cell,adult,encode,paired,False,OutputType.RNA_SEQ,,,
CL:0002327 polyA plus RNA-seq,-,polyA plus RNA-seq,CL:0002327,mammary epithelial cell,primary_cell,adult,encode,paired,False,OutputType.RNA_SEQ,,,
CL:0002327 total RNA-seq,-,total RNA-seq,CL:0002327,mammary epithelial cell,primary_cell,adult,encode,paired,False,OutputType.RNA_SEQ,,,
CL:0002328 total RNA-seq,-,total RNA-seq,CL:0002328,bronchial epithelial cell,primary_cell,adult,encode,paired,False,OutputType.RNA_SEQ,,,
CL:0002351 total RNA-seq,-,total RNA-seq,CL:0002351,progenitor cell of endocrine pancreas,in_vitro_differentiated_cells,embryonic,encode,single,False,OutputType.RNA_SEQ,,,
CL:0002366 total RNA-seq,-,total RNA-seq,CL:0002366,myometrial cell,primary_cell,adult,encode,paired,False,OutputType.RNA_SEQ,,,
CL:0002368 total RNA-seq,-,total RNA-seq,CL:0002368,airway epithelial cell,primary_cell,unknown,encode,paired,False,OutputType.RNA_SEQ,,,
CL:0002372 total RNA-seq,-,total RNA-seq,CL:0002372,myotube,in_vitro_differentiated_cells,unknown,encode,paired,False,OutputType.RNA_SEQ,,,
CL:0002451 polyA plus RNA-seq,-,polyA plus RNA-seq,CL:0002451,mammary stem cell,primary_cell,adult,encode,paired,False,OutputType.RNA_SEQ,,,
CL:0002518 total RNA-seq,-,total RNA-seq,CL:0002518,kidney epithelial cell,primary_cell,"embryonic,newborn",encode,paired,False,OutputType.RNA_SEQ,,,
CL:0002539 total RNA-seq,-,total RNA-seq,CL:0002539,aortic smooth muscle cell,primary_cell,adult,encode,paired,False,OutputType.RNA_SEQ,,,
CL:0002540 total RNA-seq,-,total RNA-seq,CL:0002540,mesenchymal stem cell of the bone marrow,primary_cell,adult,encode,paired,False,OutputType.RNA_SEQ,,,
CL:0002543 total RNA-seq,-,total RNA-seq,CL:0002543,vein endothelial cell,primary_cell,adult,encode,paired,False,OutputType.RNA_SEQ,,,
CL:0002545 total RNA-seq,-,total RNA-seq,CL:0002545,thoracic aorta endothelial cell,primary_cell,adult,encode,paired,False,OutputType.RNA_SEQ,,,
CL:0002547 total RNA-seq,-,total RNA-seq,CL:0002547,fibroblast of the aortic adventitia,primary_cell,adult,encode,paired,False,OutputType.RNA_SEQ,,,
CL:0002551 total RNA-seq,-,total RNA-seq,CL:0002551,fibroblast of dermis,primary_cell,adult,encode,paired,False,OutputType.RNA_SEQ,,,
CL:0002553 polyA plus RNA-seq,-,polyA plus RNA-seq,CL:0002553,fibroblast of lung,primary_cell,adult,encode,paired,False,OutputType.RNA_SEQ,,,
CL:0002553 total RNA-seq,-,total RNA-seq,CL:0002553,fibroblast of lung,primary_cell,adult,encode,paired,False,OutputType.RNA_SEQ,,,
CL:0002558 total RNA-seq,-,total RNA-seq,CL:0002558,fibroblast of villous mesenchyme,primary_cell,newborn,encode,paired,False,OutputType.RNA_SEQ,,,
CL:0002568 total RNA-seq,-,total RNA-seq,CL:0002568,mesenchymal stem cell of Wharton's jelly,primary_cell,newborn,encode,paired,False,OutputType.RNA_SEQ,,,
CL:0002570 total RNA-seq,-,total RNA-seq,CL:0002570,mesenchymal stem cell of adipose,primary_cell,adult,encode,paired,False,OutputType.RNA_SEQ,,,
CL:0002577 total RNA-seq,-,total RNA-seq,CL:0002577,placental epithelial cell,primary_cell,newborn,encode,paired,False,OutputType.RNA_SEQ,,,
CL:0002583 total RNA-seq,-,total RNA-seq,CL:0002583,subcutaneous preadipocyte,primary_cell,adult,encode,paired,False,OutputType.RNA_SEQ,,,
CL:0002584 total RNA-seq,-,total RNA-seq,CL:0002584,renal cortical epithelial cell,primary_cell,adult,encode,paired,False,OutputType.RNA_SEQ,,,
CL:0002591 total RNA-seq,-,total RNA-seq,CL:0002591,smooth muscle cell of the pulmonary artery,primary_cell,adult,encode,paired,False,OutputType.RNA_SEQ,,,
CL:0002592 total RNA-seq,-,total RNA-seq,CL:0002592,smooth muscle cell of the coronary artery,primary_cell,adult,encode,paired,False,OutputType.RNA_SEQ,,,
CL:0002594 total RNA-seq,-,total RNA-seq,CL:0002594,smooth muscle cell of the umbilical artery,primary_cell,newborn,encode,paired,False,OutputType.RNA_SEQ,,,
CL:0002597 total RNA-seq,-,total RNA-seq,CL:0002597,smooth muscle cell of bladder,primary_cell,adult,encode,paired,False,OutputType.RNA_SEQ,,,
CL:0002598 total RNA-seq,-,total RNA-seq,CL:0002598,bronchial smooth muscle cell,primary_cell,adult,encode,paired,False,OutputType.RNA_SEQ,,,
CL:0002600 total RNA-seq,-,total RNA-seq,CL:0002600,smooth muscle cell of trachea,primary_cell,adult,encode,paired,False,OutputType.RNA_SEQ,,,
CL:0002601 total RNA-seq,-,total RNA-seq,CL:0002601,uterine smooth muscle cell,primary_cell,adult,encode,paired,False,OutputType.RNA_SEQ,,,
CL:0002618 polyA plus RNA-seq,-,polyA plus RNA-seq,CL:0002618,endothelial cell of umbilical vein,primary_cell,newborn,encode,paired,False,OutputType.RNA_SEQ,,,
CL:0002618 total RNA-seq,-,total RNA-seq,CL:0002618,endothelial cell of umbilical vein,primary_cell,newborn,encode,single,False,OutputType.RNA_SEQ,,,
CL:0010002 total RNA-seq,-,total RNA-seq,CL:0010002,epithelial cell of umbilical artery,primary_cell,newborn,encode,paired,False,OutputType.RNA_SEQ,,,
CL:0010003 total RNA-seq,-,total RNA-seq,CL:0010003,epithelial cell of alveolus of lung,primary_cell,"unknown,embryonic",encode,paired,False,OutputType.RNA_SEQ,,,
CL:0011012 total RNA-seq,-,total RNA-seq,CL:0011012,neural crest cell,in_vitro_differentiated_cells,embryonic,encode,single,False,OutputType.RNA_SEQ,,,
CL:0011019 total RNA-seq,-,total RNA-seq,CL:0011019,mesothelial cell of epicardium,in_vitro_differentiated_cells,embryonic,encode,single,False,OutputType.RNA_SEQ,,,
CL:0011020 total RNA-seq,-,total RNA-seq,CL:0011020,neural progenitor cell,in_vitro_differentiated_cells,embryonic,encode,paired,False,OutputType.RNA_SEQ,,,
CL:1000458 total RNA-seq,-,total RNA-seq,CL:1000458,melanocyte of skin,primary_cell,adult,encode,paired,False,OutputType.RNA_SEQ,,,
CL:1001568 total RNA-seq,-,total RNA-seq,CL:1001568,pulmonary artery endothelial cell,primary_cell,adult,encode,paired,False,OutputType.RNA_SEQ,,,
CL:1001606 polyA plus RNA-seq,-,polyA plus RNA-seq,CL:1001606,foreskin keratinocyte,primary_cell,newborn,encode,paired,False,OutputType.RNA_SEQ,,,
CL:1001606 total RNA-seq,-,total RNA-seq,CL:1001606,foreskin keratinocyte,primary_cell,newborn,encode,paired,False,OutputType.RNA_SEQ,,,
CL:1001608 polyA plus RNA-seq,-,polyA plus RNA-seq,CL:1001608,foreskin fibroblast,primary_cell,newborn,encode,paired,False,OutputType.RNA_SEQ,,,
CL:2000001 polyA plus RNA-seq,-,polyA plus RNA-seq,CL:2000001,peripheral blood mononuclear cell,primary_cell,adult,encode,paired,False,OutputType.RNA_SEQ,,,
CL:2000007 total RNA-seq,-,total RNA-seq,CL:2000007,articular chondrocyte of knee joint,primary_cell,adult,encode,paired,False,OutputType.RNA_SEQ,,,
CL:2000010 total RNA-seq,-,total RNA-seq,CL:2000010,dermis blood vessel endothelial cell,primary_cell,child,encode,paired,False,OutputType.RNA_SEQ,,,
CL:2000011 total RNA-seq,-,total RNA-seq,CL:2000011,dermis lymphatic vessel endothelial cell,primary_cell,"child,adult",encode,paired,False,OutputType.RNA_SEQ,,,
CL:2000016 total RNA-seq,-,total RNA-seq,CL:2000016,lung microvascular endothelial cell,primary_cell,adult,encode,paired,False,OutputType.RNA_SEQ,,,
CL:2000018 total RNA-seq,-,total RNA-seq,CL:2000018,endothelial cell of coronary artery,primary_cell,adult,encode,paired,False,OutputType.RNA_SEQ,,,
CL:2000040 total RNA-seq,-,total RNA-seq,CL:2000040,bladder microvascular endothelial cell,primary_cell,adult,encode,paired,False,OutputType.RNA_SEQ,,,
CL:2000041 total RNA-seq,-,total RNA-seq,CL:2000041,dermis microvascular lymphatic vessel endothelial cell,primary_cell,adult,encode,paired,False,OutputType.RNA_SEQ,,,
CL:2000045 polyA plus RNA-seq,-,polyA plus RNA-seq,CL:2000045,foreskin melanocyte,primary_cell,newborn,encode,paired,False,OutputType.RNA_SEQ,,,
CL:2000066 total RNA-seq,-,total RNA-seq,CL:2000066,cardiac ventricle fibroblast,primary_cell,"adult,unknown",encode,paired,False,OutputType.RNA_SEQ,,,
CL:2000067 total RNA-seq,-,total RNA-seq,CL:2000067,cardiac atrium fibroblast,primary_cell,child,encode,paired,False,OutputType.RNA_SEQ,,,
CL:2000068 total RNA-seq,-,total RNA-seq,CL:2000068,pericardium fibroblast,primary_cell,"embryonic,unknown",encode,paired,False,OutputType.RNA_SEQ,,,
CL:2000071 total RNA-seq,-,total RNA-seq,CL:2000071,mammary microvascular endothelial cell,primary_cell,adult,encode,paired,False,OutputType.RNA_SEQ,,,
CL:2000078 total RNA-seq,-,total RNA-seq,CL:2000078,placental pericyte,primary_cell,newborn,encode,paired,False,OutputType.RNA_SEQ,,,
CL:2000092 total RNA-seq,-,total RNA-seq,CL:2000092,hair follicular keratinocyte,primary_cell,adult,encode,paired,False,OutputType.RNA_SEQ,,,
CL:2000093 total RNA-seq,-,total RNA-seq,CL:2000093,bronchus fibroblast of lung,primary_cell,unknown,encode,paired,False,OutputType.RNA_SEQ,,,
CL:2000094 total RNA-seq,-,total RNA-seq,CL:2000094,nasal cavity respiratory epithelium epithelial cell of viscerocranial mucosa,primary_cell,adult,encode,paired,False,OutputType.RNA_SEQ,,,
EFO:0001086 polyA plus RNA-seq,-,polyA plus RNA-seq,EFO:0001086,A549,cell_line,adult,encode,paired,False,OutputType.RNA_SEQ,,,
EFO:0001099 total RNA-seq,-,total RNA-seq,EFO:0001099,Caco-2,cell_line,adult,encode,single,False,OutputType.RNA_SEQ,,,
EFO:0001187 polyA plus RNA-seq,-,polyA plus RNA-seq,EFO:0001187,HepG2,cell_line,child,encode,paired,False,OutputType.RNA_SEQ,,,
EFO:0001187 total RNA-seq,-,total RNA-seq,EFO:0001187,HepG2,cell_line,child,encode,paired,False,OutputType.RNA_SEQ,,,
EFO:0001193 total RNA-seq,-,total RNA-seq,EFO:0001193,HT-29,cell_line,adult,encode,paired,False,OutputType.RNA_SEQ,,,
EFO:0001196 polyA plus RNA-seq,-,polyA plus RNA-seq,EFO:0001196,IMR-90,cell_line,embryonic,encode,paired,False,OutputType.RNA_SEQ,,,
EFO:0001196 total RNA-seq,-,total RNA-seq,EFO:0001196,IMR-90,cell_line,embryonic,encode,paired,False,OutputType.RNA_SEQ,,,
EFO:0001200 total RNA-seq,-,total RNA-seq,EFO:0001200,MCF 10A,cell_line,adult,encode,single,False,OutputType.RNA_SEQ,,,
EFO:0001203 polyA plus RNA-seq,-,polyA plus RNA-seq,EFO:0001203,MCF-7,cell_line,adult,encode,paired,False,OutputType.RNA_SEQ,,,
EFO:0001203 total RNA-seq,-,total RNA-seq,EFO:0001203,MCF-7,cell_line,adult,encode,single,False,OutputType.RNA_SEQ,,,
EFO:0002059 polyA plus RNA-seq,-,polyA plus RNA-seq,EFO:0002059,HT1080,cell_line,adult,encode,paired,False,OutputType.RNA_SEQ,,,
EFO:0002059 total RNA-seq,-,total RNA-seq,EFO:0002059,HT1080,cell_line,adult,encode,paired,False,OutputType.RNA_SEQ,,,
EFO:0002067 polyA plus RNA-seq,-,polyA plus RNA-seq,EFO:0002067,K562,cell_line,adult,encode,paired,False,OutputType.RNA_SEQ,,,
EFO:0002067 total RNA-seq,-,total RNA-seq,EFO:0002067,K562,cell_line,adult,encode,paired,False,OutputType.RNA_SEQ,,,
EFO:0002074 total RNA-seq,-,total RNA-seq,EFO:0002074,PC-3,cell_line,adult,encode,paired,False,OutputType.RNA_SEQ,,,
EFO:0002101 total RNA-seq,-,total RNA-seq,EFO:0002101,A172,cell_line,adult,encode,paired,False,OutputType.RNA_SEQ,,,
EFO:0002103 total RNA-seq,-,total RNA-seq,EFO:0002103,A375,cell_line,adult,encode,paired,False,OutputType.RNA_SEQ,,,
EFO:0002106 total RNA-seq,-,total RNA-seq,EFO:0002106,A673,cell_line,child,encode,single,False,OutputType.RNA_SEQ,,,
EFO:0002150 total RNA-seq,-,total RNA-seq,EFO:0002150,Caki2,cell_line,adult,encode,paired,False,OutputType.RNA_SEQ,,,
EFO:0002179 total RNA-seq,-,total RNA-seq,EFO:0002179,G401,cell_line,child,encode,paired,False,OutputType.RNA_SEQ,,,
EFO:0002184 total RNA-seq,-,total RNA-seq,EFO:0002184,H4,cell_line,adult,encode,paired,False,OutputType.RNA_SEQ,,,
EFO:0002234 total RNA-seq,-,total RNA-seq,EFO:0002234,MG63,cell_line,child,encode,paired,False,OutputType.RNA_SEQ,,,
EFO:0002330 total RNA-seq,-,total RNA-seq,EFO:0002330,SJSA1,cell_line,adult,encode,paired,False,OutputType.RNA_SEQ,,,
EFO:0002713 total RNA-seq,-,total RNA-seq,EFO:0002713,Panc1,cell_line,adult,encode,single,False,OutputType.RNA_SEQ,,,
EFO:0002779 polyA plus RNA-seq,-,polyA plus RNA-seq,EFO:0002779,BJ,cell_line,newborn,encode,paired,False,OutputType.RNA_SEQ,,,
EFO:0002784 polyA plus RNA-seq,-,polyA plus RNA-seq,EFO:0002784,GM12878,cell_line,adult,encode,paired,False,OutputType.RNA_SEQ,,,
EFO:0002784 total RNA-seq,-,total RNA-seq,EFO:0002784,GM12878,cell_line,adult,encode,paired,False,OutputType.RNA_SEQ,,,
EFO:0002791 polyA plus RNA-seq,-,polyA plus RNA-seq,EFO:0002791,HeLa-S3,cell_line,adult,encode,paired,False,OutputType.RNA_SEQ,,,
EFO:0002819 total RNA-seq,-,total RNA-seq,EFO:0002819,Calu3,cell_line,adult,encode,single,False,OutputType.RNA_SEQ,,,
EFO:0002824 total RNA-seq,-,total RNA-seq,EFO:0002824,HCT116,cell_line,adult,encode,single,False,OutputType.RNA_SEQ,,,
EFO:0002847 total RNA-seq,-,total RNA-seq,EFO:0002847,PC-9,cell_line,unknown,encode,single,False,OutputType.RNA_SEQ,,,
EFO:0003042 polyA plus RNA-seq,-,polyA plus RNA-seq,EFO:0003042,H1,cell_line,embryonic,encode,paired,False,OutputType.RNA_SEQ,,,
EFO:0003042 total RNA-seq,-,total RNA-seq,EFO:0003042,H1,cell_line,embryonic,encode,single,False,OutputType.RNA_SEQ,,,
EFO:0003044 polyA plus RNA-seq,-,polyA plus RNA-seq,EFO:0003044,NCI-H460,cell_line,unknown,encode,paired,False,OutputType.RNA_SEQ,,,
EFO:0003044 total RNA-seq,-,total RNA-seq,EFO:0003044,NCI-H460,cell_line,unknown,encode,paired,False,OutputType.RNA_SEQ,,,
EFO:0003045 total RNA-seq,-,total RNA-seq,EFO:0003045,H9,cell_line,embryonic,encode,single,False,OutputType.RNA_SEQ,,,
EFO:0003072 polyA plus RNA-seq,-,polyA plus RNA-seq,EFO:0003072,SK-N-SH,cell_line,child,encode,paired,False,OutputType.RNA_SEQ,,,
EFO:0005697 total RNA-seq,-,total RNA-seq,EFO:0005697,M059J,cell_line,adult,encode,paired,False,OutputType.RNA_SEQ,,,
EFO:0005698 total RNA-seq,-,total RNA-seq,EFO:0005698,Daoy,cell_line,child,encode,paired,False,OutputType.RNA_SEQ,,,
EFO:0005712 total RNA-seq,-,total RNA-seq,EFO:0005712,RPMI7951,cell_line,adult,encode,paired,False,OutputType.RNA_SEQ,,,
EFO:0005714 total RNA-seq,-,total RNA-seq,EFO:0005714,LHCN-M2,cell_line,adult,encode,paired,False,OutputType.RNA_SEQ,,,
EFO:0005719 total RNA-seq,-,total RNA-seq,EFO:0005719,Karpas-422,cell_line,adult,encode,paired,False,OutputType.RNA_SEQ,,,
EFO:0005720 polyA plus RNA-seq,-,polyA plus RNA-seq,EFO:0005720,SK-MEL-5,cell_line,adult,encode,paired,False,OutputType.RNA_SEQ,,,
EFO:0005720 total RNA-seq,-,total RNA-seq,EFO:0005720,SK-MEL-5,cell_line,adult,encode,paired,False,OutputType.RNA_SEQ,,,
EFO:0005721 polyA plus RNA-seq,-,polyA plus RNA-seq,EFO:0005721,SK-N-DZ,cell_line,child,encode,paired,False,OutputType.RNA_SEQ,,,
EFO:0005722 total RNA-seq,-,total RNA-seq,EFO:0005722,SJCRH30,cell_line,child,encode,paired,False,OutputType.RNA_SEQ,,,
EFO:0005723 total RNA-seq,-,total RNA-seq,EFO:0005723,GM23248,cell_line,adult,encode,paired,False,OutputType.RNA_SEQ,,,
EFO:0005904 total RNA-seq,-,total RNA-seq,EFO:0005904,H7,cell_line,embryonic,encode,paired,False,OutputType.RNA_SEQ,,,
EFO:0006270 polyA plus RNA-seq,-,polyA plus RNA-seq,EFO:0006270,AG04450,cell_line,embryonic,encode,paired,False,OutputType.RNA_SEQ,,,
EFO:0006711 total RNA-seq,-,total RNA-seq,EFO:0006711,OCI-LY7,cell_line,adult,encode,paired,False,OutputType.RNA_SEQ,,,
EFO:0007089 polyA plus RNA-seq,-,polyA plus RNA-seq,EFO:0007089,HUES64,cell_line,embryonic,encode,paired,False,OutputType.RNA_SEQ,,,
EFO:0007950 total RNA-seq,-,total RNA-seq,EFO:0007950,GM23338,cell_line,adult,encode,paired,False,OutputType.RNA_SEQ,,,
EFO:0009318 total RNA-seq,-,total RNA-seq,EFO:0009318,HFFc6,cell_line,newborn,encode,single,False,OutputType.RNA_SEQ,,,
EFO:0009747 total RNA-seq,-,total RNA-seq,EFO:0009747,WTC11,cell_line,adult,encode,single,False,OutputType.RNA_SEQ,,,
EFO:0030018 polyA plus RNA-seq,-,polyA plus RNA-seq,EFO:0030018,BLaER1,cell_line,unknown,encode,paired,False,OutputType.RNA_SEQ,,,
NTR:0000427 polyA plus RNA-seq,-,polyA plus RNA-seq,NTR:0000427,neurosphere,primary_cell,embryonic,encode,paired,False,OutputType.RNA_SEQ,,,
NTR:0000491 total RNA-seq,-,total RNA-seq,NTR:0000491,Right ventricle myocardium inferior,tissue,adult,encode,single,False,OutputType.RNA_SEQ,,,
NTR:0000492 total RNA-seq,-,total RNA-seq,NTR:0000492,Right ventricle myocardium superior,tissue,adult,encode,single,False,OutputType.RNA_SEQ,,,
NTR:0000493 total RNA-seq,-,total RNA-seq,NTR:0000493,left ventricle myocardium inferior,tissue,adult,encode,single,False,OutputType.RNA_SEQ,,,
NTR:0000494 total RNA-seq,-,total RNA-seq,NTR:0000494,left ventricle myocardium superior,tissue,adult,encode,single,False,OutputType.RNA_SEQ,,,
NTR:0000856 polyA plus RNA-seq,-,polyA plus RNA-seq,NTR:0000856,mesendoderm,in_vitro_differentiated_cells,embryonic,encode,paired,False,OutputType.RNA_SEQ,,,
NTR:0003013 polyA plus RNA-seq,-,polyA plus RNA-seq,NTR:0003013,placental basal plate,tissue,embryonic,encode,paired,False,OutputType.RNA_SEQ,,,
UBERON:0000016 polyA plus RNA-seq,-,polyA plus RNA-seq,UBERON:0000016,endocrine pancreas,tissue,adult,encode,paired,False,OutputType.RNA_SEQ,,,
UBERON:0000019 total RNA-seq,-,total RNA-seq,UBERON:0000019,camera-type eye,tissue,embryonic,encode,paired,False,OutputType.RNA_SEQ,,,
UBERON:0000056 total RNA-seq,-,total RNA-seq,UBERON:0000056,ureter,tissue,adult,encode,single,False,OutputType.RNA_SEQ,,,
UBERON:0000081 total RNA-seq,-,total RNA-seq,UBERON:0000081,metanephros,tissue,embryonic,encode,paired,False,OutputType.RNA_SEQ,,,
UBERON:0000088 polyA plus RNA-seq,-,polyA plus RNA-seq,UBERON:0000088,trophoblast,tissue,embryonic,encode,paired,False,OutputType.RNA_SEQ,,,
UBERON:0000305 polyA plus RNA-seq,-,polyA plus RNA-seq,UBERON:0000305,amnion,tissue,embryonic,encode,paired,False,OutputType.RNA_SEQ,,,
UBERON:0000317 total RNA-seq,-,total RNA-seq,UBERON:0000317,colonic mucosa,tissue,adult,encode,single,False,OutputType.RNA_SEQ,,,
UBERON:0000473 polyA plus RNA-seq,-,polyA plus RNA-seq,UBERON:0000473,testis,tissue,adult,encode,paired,False,OutputType.RNA_SEQ,,,
UBERON:0000473 total RNA-seq,-,total RNA-seq,UBERON:0000473,testis,tissue,adult,encode,paired,False,OutputType.RNA_SEQ,,,
UBERON:0000945 polyA plus RNA-seq,-,polyA plus RNA-seq,UBERON:0000945,stomach,tissue,adult,encode,paired,False,OutputType.RNA_SEQ,,,
UBERON:0000945 total RNA-seq,-,total RNA-seq,UBERON:0000945,stomach,tissue,adult,encode,paired,False,OutputType.RNA_SEQ,,,
UBERON:0000947 polyA plus RNA-seq,-,polyA plus RNA-seq,UBERON:0000947,aorta,tissue,adult,encode,paired,False,OutputType.RNA_SEQ,,,
UBERON:0000947 total RNA-seq,-,total RNA-seq,UBERON:0000947,aorta,tissue,adult,encode,single,False,OutputType.RNA_SEQ,,,
UBERON:0000948 polyA plus RNA-seq,-,polyA plus RNA-seq,UBERON:0000948,heart,tissue,adult,encode,paired,False,OutputType.RNA_SEQ,,,
UBERON:0000948 total RNA-seq,-,total RNA-seq,UBERON:0000948,heart,tissue,adult,encode,paired,False,OutputType.RNA_SEQ,,,
UBERON:0000955 polyA plus RNA-seq,-,polyA plus RNA-seq,UBERON:0000955,brain,tissue,adult,encode,paired,False,OutputType.RNA_SEQ,,,
UBERON:0000992 polyA plus RNA-seq,-,polyA plus RNA-seq,UBERON:0000992,ovary,tissue,adult,encode,paired,False,OutputType.RNA_SEQ,,,
UBERON:0000992 total RNA-seq,-,total RNA-seq,UBERON:0000992,ovary,tissue,adult,encode,paired,False,OutputType.RNA_SEQ,,,
UBERON:0000995 total RNA-seq,-,total RNA-seq,UBERON:0000995,uterus,tissue,adult,encode,paired,False,OutputType.RNA_SEQ,,,
UBERON:0000996 total RNA-seq,-,total RNA-seq,UBERON:0000996,vagina,tissue,adult,encode,paired,False,OutputType.RNA_SEQ,,,
UBERON:0001013 polyA plus RNA-seq,-,polyA plus RNA-seq,UBERON:0001013,adipose tissue,tissue,adult,encode,paired,False,OutputType.RNA_SEQ,,,
UBERON:0001043 polyA plus RNA-seq,-,polyA plus RNA-seq,UBERON:0001043,esophagus,tissue,adult,encode,paired,False,OutputType.RNA_SEQ,,,
UBERON:0001072 total RNA-seq,-,total RNA-seq,UBERON:0001072,posterior vena cava,tissue,adult,encode,single,False,OutputType.RNA_SEQ,,,
UBERON:0001114 total RNA-seq,-,total RNA-seq,UBERON:0001114,right lobe of liver,tissue,adult,encode,paired,False,OutputType.RNA_SEQ,,,
UBERON:0001115 total RNA-seq,-,total RNA-seq,UBERON:0001115,left lobe of liver,tissue,adult,encode,single,False,OutputType.RNA_SEQ,,,
UBERON:0001134 total RNA-seq,-,total RNA-seq,UBERON:0001134,skeletal muscle tissue,tissue,embryonic,encode,paired,False,OutputType.RNA_SEQ,,,
UBERON:0001150 total RNA-seq,-,total RNA-seq,UBERON:0001150,body of pancreas,tissue,adult,encode,paired,False,OutputType.RNA_SEQ,,,
UBERON:0001157 total RNA-seq,-,total RNA-seq,UBERON:0001157,transverse colon,tissue,adult,encode,paired,False,OutputType.RNA_SEQ,,,
UBERON:0001159 polyA plus RNA-seq,-,polyA plus RNA-seq,UBERON:0001159,sigmoid colon,tissue,adult,encode,paired,False,OutputType.RNA_SEQ,,,
UBERON:0001159 total RNA-seq,-,total RNA-seq,UBERON:0001159,sigmoid colon,tissue,adult,encode,paired,False,OutputType.RNA_SEQ,,,
UBERON:0001211 total RNA-seq,-,total RNA-seq,UBERON:0001211,Peyer's patch,tissue,adult,encode,paired,False,OutputType.RNA_SEQ,,,
UBERON:0001255 polyA plus RNA-seq,-,polyA plus RNA-seq,UBERON:0001255,urinary bladder,tissue,child,encode,paired,False,OutputType.RNA_SEQ,,,
UBERON:0001255 total RNA-seq,-,total RNA-seq,UBERON:0001255,urinary bladder,tissue,embryonic,encode,paired,False,OutputType.RNA_SEQ,,,
UBERON:0001264 polyA plus RNA-seq,-,polyA plus RNA-seq,UBERON:0001264,pancreas,tissue,adult,encode,paired,False,OutputType.RNA_SEQ,,,
UBERON:0001264 total RNA-seq,-,total RNA-seq,UBERON:0001264,pancreas,tissue,adult,encode,single,False,OutputType.RNA_SEQ,,,
UBERON:0001322 total RNA-seq,-,total RNA-seq,UBERON:0001322,sciatic nerve,tissue,adult,encode,single,False,OutputType.RNA_SEQ,,,
UBERON:0001323 total RNA-seq,-,total RNA-seq,UBERON:0001323,tibial nerve,tissue,adult,encode,paired,False,OutputType.RNA_SEQ,,,
UBERON:0001383 polyA plus RNA-seq,-,polyA plus RNA-seq,UBERON:0001383,muscle of leg,tissue,embryonic,encode,paired,False,OutputType.RNA_SEQ,,,
UBERON:0001496 total RNA-seq,-,total RNA-seq,UBERON:0001496,ascending aorta,tissue,adult,encode,paired,False,OutputType.RNA_SEQ,,,
UBERON:0001515 total RNA-seq,-,total RNA-seq,UBERON:0001515,thoracic aorta,tissue,adult,encode,paired,False,OutputType.RNA_SEQ,,,
UBERON:0001723 total RNA-seq,-,total RNA-seq,UBERON:0001723,tongue,tissue,embryonic,encode,paired,False,OutputType.RNA_SEQ,,,
UBERON:0001870 total RNA-seq,-,total RNA-seq,UBERON:0001870,frontal cortex,tissue,embryonic,encode,paired,False,OutputType.RNA_SEQ,,,
UBERON:0001871 total RNA-seq,-,total RNA-seq,UBERON:0001871,temporal lobe,tissue,embryonic,encode,paired,False,OutputType.RNA_SEQ,,,
UBERON:0001872 total RNA-seq,-,total RNA-seq,UBERON:0001872,parietal lobe,tissue,embryonic,encode,paired,False,OutputType.RNA_SEQ,,,
UBERON:0001894 total RNA-seq,-,total RNA-seq,UBERON:0001894,diencephalon,tissue,embryonic,encode,paired,False,OutputType.RNA_SEQ,,,
UBERON:0001987 polyA plus RNA-seq,-,polyA plus RNA-seq,UBERON:0001987,placenta,tissue,embryonic,encode,paired,False,OutputType.RNA_SEQ,,,
UBERON:0001987 total RNA-seq,-,total RNA-seq,UBERON:0001987,placenta,tissue,embryonic,encode,single,False,OutputType.RNA_SEQ,,,
UBERON:0002021 total RNA-seq,-,total RNA-seq,UBERON:0002021,occipital lobe,tissue,embryonic,encode,paired,False,OutputType.RNA_SEQ,,,
UBERON:0002037 polyA plus RNA-seq,-,polyA plus RNA-seq,UBERON:0002037,cerebellum,tissue,embryonic,encode,paired,False,OutputType.RNA_SEQ,,,
UBERON:0002037 total RNA-seq,-,total RNA-seq,UBERON:0002037,cerebellum,tissue,embryonic,encode,paired,False,OutputType.RNA_SEQ,,,
UBERON:0002046 total RNA-seq,-,total RNA-seq,UBERON:0002046,thyroid gland,tissue,adult,encode,paired,False,OutputType.RNA_SEQ,,,
UBERON:0002048 polyA plus RNA-seq,-,polyA plus RNA-seq,UBERON:0002048,lung,tissue,adult,encode,paired,False,OutputType.RNA_SEQ,,,
UBERON:0002048 total RNA-seq,-,total RNA-seq,UBERON:0002048,lung,tissue,embryonic,encode,paired,False,OutputType.RNA_SEQ,,,
UBERON:0002078 polyA plus RNA-seq,-,polyA plus RNA-seq,UBERON:0002078,right cardiac atrium,tissue,adult,encode,paired,False,OutputType.RNA_SEQ,,,
UBERON:0002078 total RNA-seq,-,total RNA-seq,UBERON:0002078,right cardiac atrium,tissue,adult,encode,single,False,OutputType.RNA_SEQ,,,
UBERON:0002079 total RNA-seq,-,total RNA-seq,UBERON:0002079,left cardiac atrium,tissue,adult,encode,single,False,OutputType.RNA_SEQ,,,
UBERON:0002080 polyA plus RNA-seq,-,polyA plus RNA-seq,UBERON:0002080,heart right ventricle,tissue,adult,encode,paired,False,OutputType.RNA_SEQ,,,
UBERON:0002080 total RNA-seq,-,total RNA-seq,UBERON:0002080,heart right ventricle,tissue,adult,encode,single,False,OutputType.RNA_SEQ,,,
UBERON:0002084 polyA plus RNA-seq,-,polyA plus RNA-seq,UBERON:0002084,heart left ventricle,tissue,adult,encode,paired,False,OutputType.RNA_SEQ,,,
UBERON:0002084 total RNA-seq,-,total RNA-seq,UBERON:0002084,heart left ventricle,tissue,adult,encode,paired,False,OutputType.RNA_SEQ,,,
UBERON:0002097 total RNA-seq,-,total RNA-seq,UBERON:0002097,skin of body,tissue,embryonic,encode,paired,False,OutputType.RNA_SEQ,,,
UBERON:0002099 total RNA-seq,-,total RNA-seq,UBERON:0002099,cardiac septum,tissue,adult,encode,single,False,OutputType.RNA_SEQ,,,
UBERON:0002106 polyA plus RNA-seq,-,polyA plus RNA-seq,UBERON:0002106,spleen,tissue,adult,encode,paired,False,OutputType.RNA_SEQ,,,
UBERON:0002106 total RNA-seq,-,total RNA-seq,UBERON:0002106,spleen,tissue,adult,encode,paired,False,OutputType.RNA_SEQ,,,
UBERON:0002107 polyA plus RNA-seq,-,polyA plus RNA-seq,UBERON:0002107,liver,tissue,child,encode,paired,False,OutputType.RNA_SEQ,,,
UBERON:0002107 total RNA-seq,-,total RNA-seq,UBERON:0002107,liver,tissue,embryonic,encode,paired,False,OutputType.RNA_SEQ,,,
UBERON:0002108 polyA plus RNA-seq,-,polyA plus RNA-seq,UBERON:0002108,small intestine,tissue,adult,encode,paired,False,OutputType.RNA_SEQ,,,
UBERON:0002113 polyA plus RNA-seq,-,polyA plus RNA-seq,UBERON:0002113,kidney,tissue,adult,encode,paired,False,OutputType.RNA_SEQ,,,
UBERON:0002113 total RNA-seq,-,total RNA-seq,UBERON:0002113,kidney,tissue,adult,encode,single,False,OutputType.RNA_SEQ,,,
UBERON:0002168 total RNA-seq,-,total RNA-seq,UBERON:0002168,left lung,tissue,adult,encode,single,False,OutputType.RNA_SEQ,,,
UBERON:0002170 total RNA-seq,-,total RNA-seq,UBERON:0002170,upper lobe of right lung,tissue,adult,encode,single,False,OutputType.RNA_SEQ,,,
UBERON:0002171 total RNA-seq,-,total RNA-seq,UBERON:0002171,lower lobe of right lung,tissue,adult,encode,single,False,OutputType.RNA_SEQ,,,
UBERON:0002190 total RNA-seq,-,total RNA-seq,UBERON:0002190,subcutaneous adipose tissue,tissue,adult,encode,paired,False,OutputType.RNA_SEQ,,,
UBERON:0002240 polyA plus RNA-seq,-,polyA plus RNA-seq,UBERON:0002240,spinal cord,tissue,embryonic,encode,paired,False,OutputType.RNA_SEQ,,,
UBERON:0002240 total RNA-seq,-,total RNA-seq,UBERON:0002240,spinal cord,tissue,embryonic,encode,paired,False,OutputType.RNA_SEQ,,,
UBERON:0002331 total RNA-seq,-,total RNA-seq,UBERON:0002331,umbilical cord,tissue,embryonic,encode,paired,False,OutputType.RNA_SEQ,,,
UBERON:0002367 total RNA-seq,-,total RNA-seq,UBERON:0002367,prostate gland,tissue,adult,encode,paired,False,OutputType.RNA_SEQ,,,
UBERON:0002369 polyA plus RNA-seq,-,polyA plus RNA-seq,UBERON:0002369,adrenal gland,tissue,adult,encode,paired,False,OutputType.RNA_SEQ,,,
UBERON:0002369 total RNA-seq,-,total RNA-seq,UBERON:0002369,adrenal gland,tissue,adult,encode,paired,False,OutputType.RNA_SEQ,,,
UBERON:0002370 polyA plus RNA-seq,-,polyA plus RNA-seq,UBERON:0002370,thymus,tissue,embryonic,encode,paired,False,OutputType.RNA_SEQ,,,
UBERON:0002469 total RNA-seq,-,total RNA-seq,UBERON:0002469,esophagus mucosa,tissue,adult,encode,single,False,OutputType.RNA_SEQ,,,
UBERON:0003124 polyA plus RNA-seq,-,polyA plus RNA-seq,UBERON:0003124,chorion,tissue,embryonic,encode,paired,False,OutputType.RNA_SEQ,,,
UBERON:0004264 total RNA-seq,-,total RNA-seq,UBERON:0004264,lower leg skin,tissue,adult,encode,paired,False,OutputType.RNA_SEQ,,,
UBERON:0004550 total RNA-seq,-,total RNA-seq,UBERON:0004550,gastroesophageal sphincter,tissue,adult,encode,paired,False,OutputType.RNA_SEQ,,,
UBERON:0004648 total RNA-seq,-,total RNA-seq,UBERON:0004648,esophagus muscularis mucosa,tissue,adult,encode,paired,False,OutputType.RNA_SEQ,,,
UBERON:0004992 total RNA-seq,-,total RNA-seq,UBERON:0004992,mucosa of descending colon,tissue,adult,encode,single,False,OutputType.RNA_SEQ,,,
UBERON:0005033 total RNA-seq,-,total RNA-seq,UBERON:0005033,mucosa of gallbladder,tissue,child,encode,single,False,OutputType.RNA_SEQ,,,
UBERON:0006631 total RNA-seq,-,total RNA-seq,UBERON:0006631,right atrium auricular region,tissue,adult,encode,paired,False,OutputType.RNA_SEQ,,,
UBERON:0006920 total RNA-seq,-,total RNA-seq,UBERON:0006920,esophagus squamous epithelium,tissue,adult,encode,paired,False,OutputType.RNA_SEQ,,,
UBERON:0007106 polyA plus RNA-seq,-,polyA plus RNA-seq,UBERON:0007106,chorionic villus,tissue,embryonic,encode,paired,False,OutputType.RNA_SEQ,,,
UBERON:0008367 total RNA-seq,-,total RNA-seq,UBERON:0008367,breast epithelium,tissue,adult,encode,paired,False,OutputType.RNA_SEQ,,,
UBERON:0008450 polyA plus RNA-seq,-,polyA plus RNA-seq,UBERON:0008450,psoas muscle,tissue,adult,encode,paired,False,OutputType.RNA_SEQ,,,
UBERON:0008450 total RNA-seq,-,total RNA-seq,UBERON:0008450,psoas muscle,tissue,adult,encode,single,False,OutputType.RNA_SEQ,,,
UBERON:0008952 total RNA-seq,-,total RNA-seq,UBERON:0008952,upper lobe of left lung,tissue,adult,encode,paired,False,OutputType.RNA_SEQ,,,
UBERON:0008953 total RNA-seq,-,total RNA-seq,UBERON:0008953,lower lobe of left lung,tissue,adult,encode,single,False,OutputType.RNA_SEQ,,,
UBERON:0008971 total RNA-seq,-,total RNA-seq,UBERON:0008971,left colon,tissue,adult,encode,single,False,OutputType.RNA_SEQ,,,
UBERON:0009834 total RNA-seq,-,total RNA-seq,UBERON:0009834,dorsolateral prefrontal cortex,tissue,adult,encode,single,False,OutputType.RNA_SEQ,,,
UBERON:0010414 total RNA-seq,-,total RNA-seq,UBERON:0010414,omental fat pad,tissue,adult,encode,paired,False,OutputType.RNA_SEQ,,,
UBERON:0011907 total RNA-seq,-,total RNA-seq,UBERON:0011907,gastrocnemius medialis,tissue,adult,encode,paired,False,OutputType.RNA_SEQ,,,
UBERON:0015143 total RNA-seq,-,total RNA-seq,UBERON:0015143,mesenteric fat pad,tissue,adult,encode,single,False,OutputType.RNA_SEQ,,,
UBERON:0036149 total RNA-seq,-,total RNA-seq,UBERON:0036149,suprapubic skin,tissue,adult,encode,paired,False,OutputType.RNA_SEQ,,,
UBERON:1000010 polyA plus RNA-seq,-,polyA plus RNA-seq,UBERON:1000010,mole,tissue,unknown,encode,paired,False,OutputType.RNA_SEQ,,,
CL:0000100 total RNA-seq,.,total RNA-seq,CL:0000100,motor neuron,in_vitro_differentiated_cells,adult,encode,paired,False,OutputType.RNA_SEQ,,,
CL:0000121 polyA plus RNA-seq,.,polyA plus RNA-seq,CL:0000121,Purkinje cell,primary_cell,child,encode,single,False,OutputType.RNA_SEQ,,,
CL:0000182 polyA plus RNA-seq,.,polyA plus RNA-seq,CL:0000182,hepatocyte,in_vitro_differentiated_cells,embryonic,encode,single,False,OutputType.RNA_SEQ,,,
CL:0000187 polyA plus RNA-seq,.,polyA plus RNA-seq,CL:0000187,myocyte,in_vitro_differentiated_cells,adult,encode,paired,False,OutputType.RNA_SEQ,,,
CL:0000192 polyA plus RNA-seq,.,polyA plus RNA-seq,CL:0000192,smooth muscle cell,in_vitro_differentiated_cells,embryonic,encode,single,False,OutputType.RNA_SEQ,,,
CL:0000312 polyA plus RNA-seq,.,polyA plus RNA-seq,CL:0000312,keratinocyte,primary_cell,unknown,encode,paired,False,OutputType.RNA_SEQ,,,
CL:0000515 polyA plus RNA-seq,.,polyA plus RNA-seq,CL:0000515,skeletal muscle myoblast,primary_cell,unknown,encode,paired,False,OutputType.RNA_SEQ,,,
CL:0000624 polyA plus RNA-seq,.,polyA plus RNA-seq,CL:0000624,"CD4-positive, alpha-beta T cell",primary_cell,adult,encode,paired,False,OutputType.RNA_SEQ,,,
CL:0000625 polyA plus RNA-seq,.,polyA plus RNA-seq,CL:0000625,"CD8-positive, alpha-beta T cell",primary_cell,adult,encode,paired,False,OutputType.RNA_SEQ,,,
CL:0000746 polyA plus RNA-seq,.,polyA plus RNA-seq,CL:0000746,cardiac muscle cell,in_vitro_differentiated_cells,embryonic,encode,single,False,OutputType.RNA_SEQ,,,
CL:0000788 polyA plus RNA-seq,.,polyA plus RNA-seq,CL:0000788,naive B cell,primary_cell,unknown,encode,paired,False,OutputType.RNA_SEQ,,,
CL:0000792 polyA plus RNA-seq,.,polyA plus RNA-seq,CL:0000792,"CD4-positive, CD25-positive, alpha-beta regulatory T cell",primary_cell,unknown,encode,paired,False,OutputType.RNA_SEQ,,,
CL:0000823 polyA plus RNA-seq,.,polyA plus RNA-seq,CL:0000823,immature natural killer cell,primary_cell,unknown,encode,paired,False,OutputType.RNA_SEQ,,,
CL:0000895 polyA plus RNA-seq,.,polyA plus RNA-seq,CL:0000895,"naive thymus-derived CD4-positive, alpha-beta T cell",primary_cell,unknown,encode,paired,False,OutputType.RNA_SEQ,,,
CL:0000897 polyA plus RNA-seq,.,polyA plus RNA-seq,CL:0000897,"CD4-positive, alpha-beta memory T cell",primary_cell,unknown,encode,paired,False,OutputType.RNA_SEQ,,,
CL:0000900 polyA plus RNA-seq,.,polyA plus RNA-seq,CL:0000900,"naive thymus-derived CD8-positive, alpha-beta T cell",primary_cell,unknown,encode,paired,False,OutputType.RNA_SEQ,,,
CL:0000909 polyA plus RNA-seq,.,polyA plus RNA-seq,CL:0000909,"CD8-positive, alpha-beta memory T cell",primary_cell,unknown,encode,paired,False,OutputType.RNA_SEQ,,,
CL:0001053 polyA plus RNA-seq,.,polyA plus RNA-seq,CL:0001053,IgD-negative memory B cell,primary_cell,unknown,encode,paired,False,OutputType.RNA_SEQ,,,
CL:0001054 polyA plus RNA-seq,.,polyA plus RNA-seq,CL:0001054,CD14-positive monocyte,primary_cell,unknown,encode,paired,False,OutputType.RNA_SEQ,,,
CL:0001059 polyA plus RNA-seq,.,polyA plus RNA-seq,CL:0001059,"common myeloid progenitor, CD34-positive",primary_cell,adult,encode,paired,False,OutputType.RNA_SEQ,,,
CL:0002553 polyA plus RNA-seq,.,polyA plus RNA-seq,CL:0002553,fibroblast of lung,primary_cell,unknown,encode,paired,False,OutputType.RNA_SEQ,,,
CL:0002618 polyA plus RNA-seq,.,polyA plus RNA-seq,CL:0002618,endothelial cell of umbilical vein,primary_cell,newborn,encode,paired,False,OutputType.RNA_SEQ,,,
CL:0011022 polyA plus RNA-seq,.,polyA plus RNA-seq,CL:0011022,fibroblast of skin of back,primary_cell,embryonic,encode,single,False,OutputType.RNA_SEQ,,,
CL:2000013 polyA plus RNA-seq,.,polyA plus RNA-seq,CL:2000013,fibroblast of skin of abdomen,primary_cell,embryonic,encode,single,False,OutputType.RNA_SEQ,,,
CLO:0007045 polyA plus RNA-seq,.,polyA plus RNA-seq,CLO:0007045,"Jurkat, Clone E6-1",cell_line,child,encode,single,False,OutputType.RNA_SEQ,,,
EFO:0000572 gtex Cells_EBV-transformed_lymphocytes polyA plus RNA-seq,.,polyA plus RNA-seq,EFO:0000572,lymphoblast,tissue,adult,gtex,paired,False,OutputType.RNA_SEQ,Cells_EBV-transformed_lymphocytes,,
EFO:0001187 polyA plus RNA-seq,.,polyA plus RNA-seq,EFO:0001187,HepG2,cell_line,child,encode,paired,False,OutputType.RNA_SEQ,,,
EFO:0001203 polyA plus RNA-seq,.,polyA plus RNA-seq,EFO:0001203,MCF-7,cell_line,adult,encode,paired,False,OutputType.RNA_SEQ,,,
EFO:0002009 gtex Cells_Cultured_fibroblasts polyA plus RNA-seq,.,polyA plus RNA-seq,EFO:0002009,fibroblast derived cell line,tissue,adult,gtex,paired,False,OutputType.RNA_SEQ,Cells_Cultured_fibroblasts,,
EFO:0002067 polyA plus RNA-seq,.,polyA plus RNA-seq,EFO:0002067,K562,cell_line,adult,encode,paired,False,OutputType.RNA_SEQ,,,
EFO:0002713 polyA plus RNA-seq,.,polyA plus RNA-seq,EFO:0002713,Panc1,cell_line,adult,encode,single,False,OutputType.RNA_SEQ,,,
EFO:0002784 polyA plus RNA-seq,.,polyA plus RNA-seq,EFO:0002784,GM12878,cell_line,adult,encode,paired,False,OutputType.RNA_SEQ,,,
EFO:0002785 polyA plus RNA-seq,.,polyA plus RNA-seq,EFO:0002785,GM12891,cell_line,unknown,encode,paired,False,OutputType.RNA_SEQ,,,
EFO:0002786 polyA plus RNA-seq,.,polyA plus RNA-seq,EFO:0002786,GM12892,cell_line,unknown,encode,paired,False,OutputType.RNA_SEQ,,,
EFO:0002791 polyA plus RNA-seq,.,polyA plus RNA-seq,EFO:0002791,HeLa-S3,cell_line,adult,encode,paired,False,OutputType.RNA_SEQ,,,
EFO:0002824 polyA plus RNA-seq,.,polyA plus RNA-seq,EFO:0002824,HCT116,cell_line,adult,encode,paired,False,OutputType.RNA_SEQ,,,
EFO:0003042 polyA plus RNA-seq,.,polyA plus RNA-seq,EFO:0003042,H1,cell_line,embryonic,encode,paired,False,OutputType.RNA_SEQ,,,
EFO:0003072 polyA plus RNA-seq,.,polyA plus RNA-seq,EFO:0003072,SK-N-SH,cell_line,child,encode,single,False,OutputType.RNA_SEQ,,,
EFO:0005234 polyA plus RNA-seq,.,polyA plus RNA-seq,EFO:0005234,PFSK-1,cell_line,child,encode,single,False,OutputType.RNA_SEQ,,,
EFO:0005237 polyA plus RNA-seq,.,polyA plus RNA-seq,EFO:0005237,U-87 MG,cell_line,adult,encode,single,False,OutputType.RNA_SEQ,,,
EFO:0005714 polyA plus RNA-seq,.,polyA plus RNA-seq,EFO:0005714,LHCN-M2,cell_line,adult,encode,paired,False,OutputType.RNA_SEQ,,,
EFO:0005723 polyA plus RNA-seq,.,polyA plus RNA-seq,EFO:0005723,GM23248,cell_line,adult,encode,single,False,OutputType.RNA_SEQ,,,
EFO:0005725 polyA plus RNA-seq,.,polyA plus RNA-seq,EFO:0005725,BE2C,cell_line,child,encode,single,False,OutputType.RNA_SEQ,,,
EFO:0007950 polyA plus RNA-seq,.,polyA plus RNA-seq,EFO:0007950,GM23338,cell_line,adult,encode,single,False,OutputType.RNA_SEQ,,,
EFO:0009747 total RNA-seq,.,total RNA-seq,EFO:0009747,WTC11,cell_line,adult,encode,paired,False,OutputType.RNA_SEQ,,,
NTR:0000524 polyA plus RNA-seq,.,polyA plus RNA-seq,NTR:0000524,fibroblast of skin of scalp,primary_cell,embryonic,encode,single,False,OutputType.RNA_SEQ,,,
UBERON:0000007 gtex Pituitary polyA plus RNA-seq,.,polyA plus RNA-seq,UBERON:0000007,pituitary gland,tissue,adult,gtex,paired,False,OutputType.RNA_SEQ,Pituitary,,
UBERON:0000059 polyA plus RNA-seq,.,polyA plus RNA-seq,UBERON:0000059,large intestine,tissue,embryonic,encode,paired,False,OutputType.RNA_SEQ,,,
UBERON:0000458 gtex Cervix_Endocervix polyA plus RNA-seq,.,polyA plus RNA-seq,UBERON:0000458,endocervix,tissue,adult,gtex,paired,False,OutputType.RNA_SEQ,Cervix_Endocervix,,
UBERON:0000473 gtex Testis polyA plus RNA-seq,.,polyA plus RNA-seq,UBERON:0000473,testis,tissue,adult,gtex,paired,False,OutputType.RNA_SEQ,Testis,,
UBERON:0000473 polyA plus RNA-seq,.,polyA plus RNA-seq,UBERON:0000473,testis,tissue,embryonic,encode,single,False,OutputType.RNA_SEQ,,,
UBERON:0000945 gtex Stomach polyA plus RNA-seq,.,polyA plus RNA-seq,UBERON:0000945,stomach,tissue,adult,gtex,paired,False,OutputType.RNA_SEQ,Stomach,,
UBERON:0000945 polyA plus RNA-seq,.,polyA plus RNA-seq,UBERON:0000945,stomach,tissue,embryonic,encode,single,False,OutputType.RNA_SEQ,,,
UBERON:0000948 polyA plus RNA-seq,.,polyA plus RNA-seq,UBERON:0000948,heart,tissue,embryonic,encode,single,False,OutputType.RNA_SEQ,,,
UBERON:0000992 gtex Ovary polyA plus RNA-seq,.,polyA plus RNA-seq,UBERON:0000992,ovary,tissue,adult,gtex,paired,False,OutputType.RNA_SEQ,Ovary,,
UBERON:0000992 polyA plus RNA-seq,.,polyA plus RNA-seq,UBERON:0000992,ovary,tissue,embryonic,encode,single,False,OutputType.RNA_SEQ,,,
UBERON:0000995 gtex Uterus polyA plus RNA-seq,.,polyA plus RNA-seq,UBERON:0000995,uterus,tissue,adult,gtex,paired,False,OutputType.RNA_SEQ,Uterus,,
UBERON:0000996 gtex Vagina polyA plus RNA-seq,.,polyA plus RNA-seq,UBERON:0000996,vagina,tissue,adult,gtex,paired,False,OutputType.RNA_SEQ,Vagina,,
UBERON:0001114 gtex Liver polyA plus RNA-seq,.,polyA plus RNA-seq,UBERON:0001114,right lobe of liver,tissue,adult,gtex,paired,False,OutputType.RNA_SEQ,Liver,,
UBERON:0001150 gtex Pancreas polyA plus RNA-seq,.,polyA plus RNA-seq,UBERON:0001150,body of pancreas,tissue,adult,gtex,paired,False,OutputType.RNA_SEQ,Pancreas,,
UBERON:0001157 gtex Colon_Transverse polyA plus RNA-seq,.,polyA plus RNA-seq,UBERON:0001157,transverse colon,tissue,adult,gtex,paired,False,OutputType.RNA_SEQ,Colon_Transverse,,
UBERON:0001159 gtex Colon_Sigmoid polyA plus RNA-seq,.,polyA plus RNA-seq,UBERON:0001159,sigmoid colon,tissue,adult,gtex,paired,False,OutputType.RNA_SEQ,Colon_Sigmoid,,
UBERON:0001211 gtex Small_Intestine_Terminal_Ileum polyA plus RNA-seq,.,polyA plus RNA-seq,UBERON:0001211,Peyer's patch,tissue,adult,gtex,paired,False,OutputType.RNA_SEQ,Small_Intestine_Terminal_Ileum,,
UBERON:0001224 polyA plus RNA-seq,.,polyA plus RNA-seq,UBERON:0001224,renal pelvis,tissue,embryonic,encode,single,False,OutputType.RNA_SEQ,,,
UBERON:0001225 gtex Kidney_Cortex polyA plus RNA-seq,.,polyA plus RNA-seq,UBERON:0001225,cortex of kidney,tissue,adult,gtex,paired,False,OutputType.RNA_SEQ,Kidney_Cortex,,
UBERON:0001255 gtex Bladder polyA plus RNA-seq,.,polyA plus RNA-seq,UBERON:0001255,urinary bladder,tissue,adult,gtex,paired,False,OutputType.RNA_SEQ,Bladder,,
UBERON:0001293 gtex Kidney_Medulla polyA plus RNA-seq,.,polyA plus RNA-seq,UBERON:0001293,outer medulla of kidney,tissue,adult,gtex,paired,False,OutputType.RNA_SEQ,Kidney_Medulla,,
UBERON:0001323 gtex Nerve_Tibial polyA plus RNA-seq,.,polyA plus RNA-seq,UBERON:0001323,tibial nerve,tissue,adult,gtex,paired,False,OutputType.RNA_SEQ,Nerve_Tibial,,
UBERON:0001383 polyA plus RNA-seq,.,polyA plus RNA-seq,UBERON:0001383,muscle of leg,tissue,embryonic,encode,single,False,OutputType.RNA_SEQ,,,
UBERON:0001496 gtex Artery_Aorta polyA plus RNA-seq,.,polyA plus RNA-seq,UBERON:0001496,ascending aorta,tissue,adult,gtex,paired,False,OutputType.RNA_SEQ,Artery_Aorta,,
UBERON:0001499 polyA plus RNA-seq,.,polyA plus RNA-seq,UBERON:0001499,muscle of arm,tissue,embryonic,encode,paired,False,OutputType.RNA_SEQ,,,
UBERON:0001621 gtex Artery_Coronary polyA plus RNA-seq,.,polyA plus RNA-seq,UBERON:0001621,coronary artery,tissue,adult,gtex,paired,False,OutputType.RNA_SEQ,Artery_Coronary,,
UBERON:0001774 polyA plus RNA-seq,.,polyA plus RNA-seq,UBERON:0001774,muscle of trunk,tissue,embryonic,encode,paired,False,OutputType.RNA_SEQ,,,
UBERON:0001870 gtex Brain_Cortex polyA plus RNA-seq,.,polyA plus RNA-seq,UBERON:0001870,frontal cortex,tissue,adult,gtex,paired,False,OutputType.RNA_SEQ,Brain_Cortex,,
UBERON:0001873 gtex Brain_Caudate_basal_ganglia polyA plus RNA-seq,.,polyA plus RNA-seq,UBERON:0001873,caudate nucleus,tissue,adult,gtex,paired,False,OutputType.RNA_SEQ,Brain_Caudate_basal_ganglia,,
UBERON:0001874 gtex Brain_Putamen_basal_ganglia polyA plus RNA-seq,.,polyA plus RNA-seq,UBERON:0001874,putamen,tissue,adult,gtex,paired,False,OutputType.RNA_SEQ,Brain_Putamen_basal_ganglia,,
UBERON:0001876 gtex Brain_Amygdala polyA plus RNA-seq,.,polyA plus RNA-seq,UBERON:0001876,amygdala,tissue,adult,gtex,paired,False,OutputType.RNA_SEQ,Brain_Amygdala,,
UBERON:0001882 gtex Brain_Nucleus_accumbens_basal_ganglia polyA plus RNA-seq,.,polyA plus RNA-seq,UBERON:0001882,nucleus accumbens,tissue,adult,gtex,paired,False,OutputType.RNA_SEQ,Brain_Nucleus_accumbens_basal_ganglia,,
UBERON:0001898 gtex Brain_Hypothalamus polyA plus RNA-seq,.,polyA plus RNA-seq,UBERON:0001898,hypothalamus,tissue,adult,gtex,paired,False,OutputType.RNA_SEQ,Brain_Hypothalamus,,
UBERON:0001954 gtex Brain_Hippocampus polyA plus RNA-seq,.,polyA plus RNA-seq,UBERON:0001954,Ammon's horn,tissue,adult,gtex,paired,False,OutputType.RNA_SEQ,Brain_Hippocampus,,
UBERON:0002037 gtex Brain_Cerebellum polyA plus RNA-seq,.,polyA plus RNA-seq,UBERON:0002037,cerebellum,tissue,adult,gtex,paired,False,OutputType.RNA_SEQ,Brain_Cerebellum,,
UBERON:0002038 gtex Brain_Substantia_nigra polyA plus RNA-seq,.,polyA plus RNA-seq,UBERON:0002038,substantia nigra,tissue,adult,gtex,paired,False,OutputType.RNA_SEQ,Brain_Substantia_nigra,,
UBERON:0002046 gtex Thyroid polyA plus RNA-seq,.,polyA plus RNA-seq,UBERON:0002046,thyroid gland,tissue,adult,gtex,paired,False,OutputType.RNA_SEQ,Thyroid,,
UBERON:0002106 gtex Spleen polyA plus RNA-seq,.,polyA plus RNA-seq,UBERON:0002106,spleen,tissue,adult,gtex,paired,False,OutputType.RNA_SEQ,Spleen,,
UBERON:0002106 polyA plus RNA-seq,.,polyA plus RNA-seq,UBERON:0002106,spleen,tissue,embryonic,encode,single,False,OutputType.RNA_SEQ,,,
UBERON:0002107 polyA plus RNA-seq,.,polyA plus RNA-seq,UBERON:0002107,liver,tissue,"child,adult",encode,single,False,OutputType.RNA_SEQ,,,
UBERON:0002108 polyA plus RNA-seq,.,polyA plus RNA-seq,UBERON:0002108,small intestine,tissue,embryonic,encode,paired,False,OutputType.RNA_SEQ,,,
UBERON:0002113 polyA plus RNA-seq,.,polyA plus RNA-seq,UBERON:0002113,kidney,tissue,embryonic,encode,single,False,OutputType.RNA_SEQ,,,
UBERON:0002167 polyA plus RNA-seq,.,polyA plus RNA-seq,UBERON:0002167,right lung,tissue,embryonic,encode,single,False,OutputType.RNA_SEQ,,,
UBERON:0002168 polyA plus RNA-seq,.,polyA plus RNA-seq,UBERON:0002168,left lung,tissue,embryonic,encode,single,False,OutputType.RNA_SEQ,,,
UBERON:0002190 gtex Adipose_Subcutaneous polyA plus RNA-seq,.,polyA plus RNA-seq,UBERON:0002190,subcutaneous adipose tissue,tissue,adult,gtex,paired,False,OutputType.RNA_SEQ,Adipose_Subcutaneous,,
UBERON:0002240 polyA plus RNA-seq,.,polyA plus RNA-seq,UBERON:0002240,spinal cord,tissue,embryonic,encode,single,False,OutputType.RNA_SEQ,,,
UBERON:0002245 gtex Brain_Cerebellar_Hemisphere polyA plus RNA-seq,.,polyA plus RNA-seq,UBERON:0002245,cerebellar hemisphere,tissue,adult,gtex,paired,False,OutputType.RNA_SEQ,Brain_Cerebellar_Hemisphere,,
UBERON:0002324 polyA plus RNA-seq,.,polyA plus RNA-seq,UBERON:0002324,muscle of back,tissue,embryonic,encode,single,False,OutputType.RNA_SEQ,,,
UBERON:0002367 gtex Prostate polyA plus RNA-seq,.,polyA plus RNA-seq,UBERON:0002367,prostate gland,tissue,adult,gtex,paired,False,OutputType.RNA_SEQ,Prostate,,
UBERON:0002369 gtex Adrenal_Gland polyA plus RNA-seq,.,polyA plus RNA-seq,UBERON:0002369,adrenal gland,tissue,adult,gtex,paired,False,OutputType.RNA_SEQ,Adrenal_Gland,,
UBERON:0002369 polyA plus RNA-seq,.,polyA plus RNA-seq,UBERON:0002369,adrenal gland,tissue,embryonic,encode,single,False,OutputType.RNA_SEQ,,,
UBERON:0002370 polyA plus RNA-seq,.,polyA plus RNA-seq,UBERON:0002370,thymus,tissue,embryonic,encode,single,False,OutputType.RNA_SEQ,,,
UBERON:0003662 polyA plus RNA-seq,.,polyA plus RNA-seq,UBERON:0003662,forelimb muscle,tissue,embryonic,encode,single,False,OutputType.RNA_SEQ,,,
UBERON:0003663 polyA plus RNA-seq,.,polyA plus RNA-seq,UBERON:0003663,hindlimb muscle,tissue,embryonic,encode,single,False,OutputType.RNA_SEQ,,,
UBERON:0003889 gtex Fallopian_Tube polyA plus RNA-seq,.,polyA plus RNA-seq,UBERON:0003889,fallopian tube,tissue,adult,gtex,paired,False,OutputType.RNA_SEQ,Fallopian_Tube,,
UBERON:0004264 gtex Skin_Sun_Exposed_Lower_leg polyA plus RNA-seq,.,polyA plus RNA-seq,UBERON:0004264,lower leg skin,tissue,adult,gtex,paired,False,OutputType.RNA_SEQ,Skin_Sun_Exposed_Lower_leg,,
UBERON:0004538 polyA plus RNA-seq,.,polyA plus RNA-seq,UBERON:0004538,left kidney,tissue,embryonic,encode,single,False,OutputType.RNA_SEQ,,,
UBERON:0004550 gtex Esophagus_Gastroesophageal_Junction polyA plus RNA-seq,.,polyA plus RNA-seq,UBERON:0004550,gastroesophageal sphincter,tissue,adult,gtex,paired,False,OutputType.RNA_SEQ,Esophagus_Gastroesophageal_Junction,,
UBERON:0004648 gtex Esophagus_Muscularis polyA plus RNA-seq,.,polyA plus RNA-seq,UBERON:0004648,esophagus muscularis mucosa,tissue,adult,gtex,paired,False,OutputType.RNA_SEQ,Esophagus_Muscularis,,
UBERON:0005270 polyA plus RNA-seq,.,polyA plus RNA-seq,UBERON:0005270,renal cortex interstitium,tissue,embryonic,encode,single,False,OutputType.RNA_SEQ,,,
UBERON:0006330 gtex Minor_Salivary_Gland polyA plus RNA-seq,.,polyA plus RNA-seq,UBERON:0006330,anterior lingual gland,tissue,adult,gtex,paired,False,OutputType.RNA_SEQ,Minor_Salivary_Gland,,
UBERON:0006469 gtex Brain_Spinal_cord_cervical_c-1 polyA plus RNA-seq,.,polyA plus RNA-seq,UBERON:0006469,C1 segment of cervical spinal cord,tissue,adult,gtex,paired,False,OutputType.RNA_SEQ,Brain_Spinal_cord_cervical_c-1,,
UBERON:0006566 gtex Heart_Left_Ventricle polyA plus RNA-seq,.,polyA plus RNA-seq,UBERON:0006566,left ventricle myocardium,tissue,adult,gtex,paired,False,OutputType.RNA_SEQ,Heart_Left_Ventricle,,
UBERON:0006631 gtex Heart_Atrial_Appendage polyA plus RNA-seq,.,polyA plus RNA-seq,UBERON:0006631,right atrium auricular region,tissue,adult,gtex,paired,False,OutputType.RNA_SEQ,Heart_Atrial_Appendage,,
UBERON:0006920 gtex Esophagus_Mucosa polyA plus RNA-seq,.,polyA plus RNA-seq,UBERON:0006920,esophagus squamous epithelium,tissue,adult,gtex,paired,False,OutputType.RNA_SEQ,Esophagus_Mucosa,,
UBERON:0007610 gtex Artery_Tibial polyA plus RNA-seq,.,polyA plus RNA-seq,UBERON:0007610,tibial artery,tissue,adult,gtex,paired,False,OutputType.RNA_SEQ,Artery_Tibial,,
UBERON:0008367 gtex Breast_Mammary_Tissue polyA plus RNA-seq,.,polyA plus RNA-seq,UBERON:0008367,breast epithelium,tissue,adult,gtex,paired,False,OutputType.RNA_SEQ,Breast_Mammary_Tissue,,
UBERON:0008952 gtex Lung polyA plus RNA-seq,.,polyA plus RNA-seq,UBERON:0008952,upper lobe of left lung,tissue,adult,gtex,paired,False,OutputType.RNA_SEQ,Lung,,
UBERON:0009834 gtex Brain_Frontal_Cortex_BA9 polyA plus RNA-seq,.,polyA plus RNA-seq,UBERON:0009834,dorsolateral prefrontal cortex,tissue,adult,gtex,paired,False,OutputType.RNA_SEQ,Brain_Frontal_Cortex_BA9,,
UBERON:0009835 gtex Brain_Anterior_cingulate_cortex_BA24 polyA plus RNA-seq,.,polyA plus RNA-seq,UBERON:0009835,anterior cingulate cortex,tissue,adult,gtex,paired,False,OutputType.RNA_SEQ,Brain_Anterior_cingulate_cortex_BA24,,
UBERON:0010414 gtex Adipose_Visceral_Omentum polyA plus RNA-seq,.,polyA plus RNA-seq,UBERON:0010414,omental fat pad,tissue,adult,gtex,paired,False,OutputType.RNA_SEQ,Adipose_Visceral_Omentum,,
UBERON:0011907 gtex Muscle_Skeletal polyA plus RNA-seq,.,polyA plus RNA-seq,UBERON:0011907,gastrocnemius medialis,tissue,adult,gtex,paired,False,OutputType.RNA_SEQ,Muscle_Skeletal,,
UBERON:0012249 gtex Cervix_Ectocervix polyA plus RNA-seq,.,polyA plus RNA-seq,UBERON:0012249,ectocervix,tissue,adult,gtex,paired,False,OutputType.RNA_SEQ,Cervix_Ectocervix,,
UBERON:0013756 gtex Whole_Blood polyA plus RNA-seq,.,polyA plus RNA-seq,UBERON:0013756,venous blood,tissue,adult,gtex,paired,False,OutputType.RNA_SEQ,Whole_Blood,,
UBERON:0018115 polyA plus RNA-seq,.,polyA plus RNA-seq,UBERON:0018115,left renal pelvis,tissue,embryonic,encode,single,False,OutputType.RNA_SEQ,,,
UBERON:0018116 polyA plus RNA-seq,.,polyA plus RNA-seq,UBERON:0018116,right renal pelvis,tissue,embryonic,encode,single,False,OutputType.RNA_SEQ,,,
UBERON:0018117 polyA plus RNA-seq,.,polyA plus RNA-seq,UBERON:0018117,left renal cortex interstitium,tissue,embryonic,encode,single,False,OutputType.RNA_SEQ,,,
UBERON:0018118 polyA plus RNA-seq,.,polyA plus RNA-seq,UBERON:0018118,right renal cortex interstitium,tissue,embryonic,encode,single,False,OutputType.RNA_SEQ,,,
UBERON:0036149 gtex Skin_Not_Sun_Exposed_Suprapubic polyA plus RNA-seq,.,polyA plus RNA-seq,UBERON:0036149,suprapubic skin,tissue,adult,gtex,paired,False,OutputType.RNA_SEQ,Skin_Not_Sun_Exposed_Suprapubic,,
CL:0000047 Histone ChIP-seq H2AFZ,.,Histone ChIP-seq,CL:0000047,neuronal stem cell,in_vitro_differentiated_cells,embryonic,encode,single,False,OutputType.CHIP_HISTONE,,H2AFZ,
CL:0000047 Histone ChIP-seq H2AK5ac,.,Histone ChIP-seq,CL:0000047,neuronal stem cell,in_vitro_differentiated_cells,embryonic,encode,single,False,OutputType.CHIP_HISTONE,,H2AK5ac,
CL:0000047 Histone ChIP-seq H2BK5ac,.,Histone ChIP-seq,CL:0000047,neuronal stem cell,in_vitro_differentiated_cells,embryonic,encode,single,False,OutputType.CHIP_HISTONE,,H2BK5ac,
CL:0000047 Histone ChIP-seq H3K18ac,.,Histone ChIP-seq,CL:0000047,neuronal stem cell,in_vitro_differentiated_cells,embryonic,encode,single,False,OutputType.CHIP_HISTONE,,H3K18ac,
CL:0000047 Histone ChIP-seq H3K27ac,.,Histone ChIP-seq,CL:0000047,neuronal stem cell,in_vitro_differentiated_cells,embryonic,encode,single,False,OutputType.CHIP_HISTONE,,H3K27ac,
CL:0000047 Histone ChIP-seq H3K27me3,.,Histone ChIP-seq,CL:0000047,neuronal stem cell,in_vitro_differentiated_cells,embryonic,encode,single,False,OutputType.CHIP_HISTONE,,H3K27me3,
CL:0000047 Histone ChIP-seq H3K36me3,.,Histone ChIP-seq,CL:0000047,neuronal stem cell,in_vitro_differentiated_cells,embryonic,encode,single,False,OutputType.CHIP_HISTONE,,H3K36me3,
CL:0000047 Histone ChIP-seq H3K4me1,.,Histone ChIP-seq,CL:0000047,neuronal stem cell,in_vitro_differentiated_cells,embryonic,encode,single,False,OutputType.CHIP_HISTONE,,H3K4me1,
CL:0000047 Histone ChIP-seq H3K4me2,.,Histone ChIP-seq,CL:0000047,neuronal stem cell,in_vitro_differentiated_cells,embryonic,encode,single,False,OutputType.CHIP_HISTONE,,H3K4me2,
CL:0000047 Histone ChIP-seq H3K4me3,.,Histone ChIP-seq,CL:0000047,neuronal stem cell,in_vitro_differentiated_cells,embryonic,encode,single,False,OutputType.CHIP_HISTONE,,H3K4me3,
CL:0000047 Histone ChIP-seq H3K9me3,.,Histone ChIP-seq,CL:0000047,neuronal stem cell,in_vitro_differentiated_cells,embryonic,encode,single,False,OutputType.CHIP_HISTONE,,H3K9me3,
CL:0000062 Histone ChIP-seq H2AFZ,.,Histone ChIP-seq,CL:0000062,osteoblast,primary_cell,unknown,encode,single,False,OutputType.CHIP_HISTONE,,H2AFZ,
CL:0000062 Histone ChIP-seq H3K27ac,.,Histone ChIP-seq,CL:0000062,osteoblast,primary_cell,unknown,encode,single,False,OutputType.CHIP_HISTONE,,H3K27ac,
CL:0000062 Histone ChIP-seq H3K27me3,.,Histone ChIP-seq,CL:0000062,osteoblast,primary_cell,unknown,encode,single,False,OutputType.CHIP_HISTONE,,H3K27me3,
CL:0000062 Histone ChIP-seq H3K36me3,.,Histone ChIP-seq,CL:0000062,osteoblast,primary_cell,unknown,encode,single,False,OutputType.CHIP_HISTONE,,H3K36me3,
CL:0000062 Histone ChIP-seq H3K4me1,.,Histone ChIP-seq,CL:0000062,osteoblast,primary_cell,unknown,encode,single,False,OutputType.CHIP_HISTONE,,H3K4me1,
CL:0000062 Histone ChIP-seq H3K4me2,.,Histone ChIP-seq,CL:0000062,osteoblast,primary_cell,unknown,encode,single,False,OutputType.CHIP_HISTONE,,H3K4me2,
CL:0000062 Histone ChIP-seq H3K4me3,.,Histone ChIP-seq,CL:0000062,osteoblast,primary_cell,unknown,encode,single,False,OutputType.CHIP_HISTONE,,H3K4me3,
CL:0000062 Histone ChIP-seq H3K79me2,.,Histone ChIP-seq,CL:0000062,osteoblast,primary_cell,unknown,encode,single,False,OutputType.CHIP_HISTONE,,H3K79me2,
CL:0000062 Histone ChIP-seq H4K20me1,.,Histone ChIP-seq,CL:0000062,osteoblast,primary_cell,unknown,encode,single,False,OutputType.CHIP_HISTONE,,H4K20me1,
CL:0000084 Histone ChIP-seq H3K27ac,.,Histone ChIP-seq,CL:0000084,T-cell,primary_cell,adult,encode,single,False,OutputType.CHIP_HISTONE,,H3K27ac,
CL:0000084 Histone ChIP-seq H3K27me3,.,Histone ChIP-seq,CL:0000084,T-cell,primary_cell,adult,encode,single,False,OutputType.CHIP_HISTONE,,H3K27me3,
CL:0000084 Histone ChIP-seq H3K36me3,.,Histone ChIP-seq,CL:0000084,T-cell,primary_cell,adult,encode,single,False,OutputType.CHIP_HISTONE,,H3K36me3,
CL:0000084 Histone ChIP-seq H3K4me1,.,Histone ChIP-seq,CL:0000084,T-cell,primary_cell,adult,encode,single,False,OutputType.CHIP_HISTONE,,H3K4me1,
CL:0000084 Histone ChIP-seq H3K4me3,.,Histone ChIP-seq,CL:0000084,T-cell,primary_cell,adult,encode,single,False,OutputType.CHIP_HISTONE,,H3K4me3,
CL:0000084 Histone ChIP-seq H3K9me3,.,Histone ChIP-seq,CL:0000084,T-cell,primary_cell,adult,encode,single,False,OutputType.CHIP_HISTONE,,H3K9me3,
CL:0000100 Histone ChIP-seq H3K27ac,.,Histone ChIP-seq,CL:0000100,motor neuron,in_vitro_differentiated_cells,adult,encode,paired,False,OutputType.CHIP_HISTONE,,H3K27ac,
CL:0000100 Histone ChIP-seq H3K4me1,.,Histone ChIP-seq,CL:0000100,motor neuron,in_vitro_differentiated_cells,adult,encode,paired,False,OutputType.CHIP_HISTONE,,H3K4me1,
CL:0000100 Histone ChIP-seq H3K4me3,.,Histone ChIP-seq,CL:0000100,motor neuron,in_vitro_differentiated_cells,adult,encode,paired,False,OutputType.CHIP_HISTONE,,H3K4me3,
CL:0000127 Histone ChIP-seq H2AFZ,.,Histone ChIP-seq,CL:0000127,astrocyte,primary_cell,unknown,encode,single,False,OutputType.CHIP_HISTONE,,H2AFZ,
CL:0000127 Histone ChIP-seq H3K27ac,.,Histone ChIP-seq,CL:0000127,astrocyte,primary_cell,unknown,encode,single,False,OutputType.CHIP_HISTONE,,H3K27ac,
CL:0000127 Histone ChIP-seq H3K27me3,.,Histone ChIP-seq,CL:0000127,astrocyte,primary_cell,unknown,encode,single,False,OutputType.CHIP_HISTONE,,H3K27me3,
CL:0000127 Histone ChIP-seq H3K36me3,.,Histone ChIP-seq,CL:0000127,astrocyte,primary_cell,unknown,encode,single,False,OutputType.CHIP_HISTONE,,H3K36me3,
CL:0000127 Histone ChIP-seq H3K4me1,.,Histone ChIP-seq,CL:0000127,astrocyte,primary_cell,unknown,encode,single,False,OutputType.CHIP_HISTONE,,H3K4me1,
CL:0000127 Histone ChIP-seq H3K4me2,.,Histone ChIP-seq,CL:0000127,astrocyte,primary_cell,unknown,encode,single,False,OutputType.CHIP_HISTONE,,H3K4me2,
CL:0000127 Histone ChIP-seq H3K4me3,.,Histone ChIP-seq,CL:0000127,astrocyte,primary_cell,unknown,encode,single,False,OutputType.CHIP_HISTONE,,H3K4me3,
CL:0000127 Histone ChIP-seq H3K79me2,.,Histone ChIP-seq,CL:0000127,astrocyte,primary_cell,unknown,encode,single,False,OutputType.CHIP_HISTONE,,H3K79me2,
CL:0000127 Histone ChIP-seq H3K9ac,.,Histone ChIP-seq,CL:0000127,astrocyte,primary_cell,unknown,encode,single,False,OutputType.CHIP_HISTONE,,H3K9ac,
CL:0000127 Histone ChIP-seq H4K20me1,.,Histone ChIP-seq,CL:0000127,astrocyte,primary_cell,unknown,encode,single,False,OutputType.CHIP_HISTONE,,H4K20me1,
CL:0000134 Histone ChIP-seq H2BK120ac,.,Histone ChIP-seq,CL:0000134,mesenchymal stem cell,in_vitro_differentiated_cells,embryonic,encode,single,False,OutputType.CHIP_HISTONE,,H2BK120ac,
CL:0000134 Histone ChIP-seq H2BK12ac,.,Histone ChIP-seq,CL:0000134,mesenchymal stem cell,in_vitro_differentiated_cells,embryonic,encode,single,False,OutputType.CHIP_HISTONE,,H2BK12ac,
CL:0000134 Histone ChIP-seq H3K14ac,.,Histone ChIP-seq,CL:0000134,mesenchymal stem cell,in_vitro_differentiated_cells,embryonic,encode,single,False,OutputType.CHIP_HISTONE,,H3K14ac,
CL:0000134 Histone ChIP-seq H3K18ac,.,Histone ChIP-seq,CL:0000134,mesenchymal stem cell,in_vitro_differentiated_cells,embryonic,encode,single,False,OutputType.CHIP_HISTONE,,H3K18ac,
CL:0000134 Histone ChIP-seq H3K27ac,.,Histone ChIP-seq,CL:0000134,mesenchymal stem cell,in_vitro_differentiated_cells,embryonic,encode,single,False,OutputType.CHIP_HISTONE,,H3K27ac,
CL:0000134 Histone ChIP-seq H3K27me3,.,Histone ChIP-seq,CL:0000134,mesenchymal stem cell,primary_cell,adult,encode,single,False,OutputType.CHIP_HISTONE,,H3K27me3,
CL:0000134 Histone ChIP-seq H3K36me3,.,Histone ChIP-seq,CL:0000134,mesenchymal stem cell,primary_cell,adult,encode,single,False,OutputType.CHIP_HISTONE,,H3K36me3,
CL:0000134 Histone ChIP-seq H3K4ac,.,Histone ChIP-seq,CL:0000134,mesenchymal stem cell,in_vitro_differentiated_cells,embryonic,encode,single,False,OutputType.CHIP_HISTONE,,H3K4ac,
CL:0000134 Histone ChIP-seq H3K4me1,.,Histone ChIP-seq,CL:0000134,mesenchymal stem cell,primary_cell,adult,encode,single,False,OutputType.CHIP_HISTONE,,H3K4me1,
CL:0000134 Histone ChIP-seq H3K4me3,.,Histone ChIP-seq,CL:0000134,mesenchymal stem cell,primary_cell,adult,encode,single,False,OutputType.CHIP_HISTONE,,H3K4me3,
CL:0000134 Histone ChIP-seq H3K9ac,.,Histone ChIP-seq,CL:0000134,mesenchymal stem cell,primary_cell,adult,encode,single,False,OutputType.CHIP_HISTONE,,H3K9ac,
CL:0000134 Histone ChIP-seq H3K9me3,.,Histone ChIP-seq,CL:0000134,mesenchymal stem cell,primary_cell,adult,encode,single,False,OutputType.CHIP_HISTONE,,H3K9me3,
CL:0000134 Histone ChIP-seq H4K8ac,.,Histone ChIP-seq,CL:0000134,mesenchymal stem cell,in_vitro_differentiated_cells,embryonic,encode,single,False,OutputType.CHIP_HISTONE,,H4K8ac,
CL:0000134 Histone ChIP-seq H4K91ac,.,Histone ChIP-seq,CL:0000134,mesenchymal stem cell,in_vitro_differentiated_cells,embryonic,encode,single,False,OutputType.CHIP_HISTONE,,H4K91ac,
CL:0000136 Histone ChIP-seq H3K27me3,.,Histone ChIP-seq,CL:0000136,adipocyte,in_vitro_differentiated_cells,adult,encode,single,False,OutputType.CHIP_HISTONE,,H3K27me3,
CL:0000136 Histone ChIP-seq H3K36me3,.,Histone ChIP-seq,CL:0000136,adipocyte,in_vitro_differentiated_cells,adult,encode,single,False,OutputType.CHIP_HISTONE,,H3K36me3,
CL:0000136 Histone ChIP-seq H3K4me1,.,Histone ChIP-seq,CL:0000136,adipocyte,in_vitro_differentiated_cells,adult,encode,single,False,OutputType.CHIP_HISTONE,,H3K4me1,
CL:0000136 Histone ChIP-seq H3K4me3,.,Histone ChIP-seq,CL:0000136,adipocyte,in_vitro_differentiated_cells,adult,encode,single,False,OutputType.CHIP_HISTONE,,H3K4me3,
CL:0000136 Histone ChIP-seq H3K9ac,.,Histone ChIP-seq,CL:0000136,adipocyte,in_vitro_differentiated_cells,adult,encode,single,False,OutputType.CHIP_HISTONE,,H3K9ac,
CL:0000136 Histone ChIP-seq H3K9me3,.,Histone ChIP-seq,CL:0000136,adipocyte,in_vitro_differentiated_cells,adult,encode,single,False,OutputType.CHIP_HISTONE,,H3K9me3,
CL:0000182 Histone ChIP-seq H2AFZ,.,Histone ChIP-seq,CL:0000182,hepatocyte,in_vitro_differentiated_cells,embryonic,encode,single,False,OutputType.CHIP_HISTONE,,H2AFZ,
CL:0000182 Histone ChIP-seq H3K27ac,.,Histone ChIP-seq,CL:0000182,hepatocyte,in_vitro_differentiated_cells,embryonic,encode,single,False,OutputType.CHIP_HISTONE,,H3K27ac,
CL:0000182 Histone ChIP-seq H3K4me1,.,Histone ChIP-seq,CL:0000182,hepatocyte,in_vitro_differentiated_cells,embryonic,encode,single,False,OutputType.CHIP_HISTONE,,H3K4me1,
CL:0000182 Histone ChIP-seq H3K4me2,.,Histone ChIP-seq,CL:0000182,hepatocyte,in_vitro_differentiated_cells,embryonic,encode,single,False,OutputType.CHIP_HISTONE,,H3K4me2,
CL:0000182 Histone ChIP-seq H3K4me3,.,Histone ChIP-seq,CL:0000182,hepatocyte,in_vitro_differentiated_cells,embryonic,encode,single,False,OutputType.CHIP_HISTONE,,H3K4me3,
CL:0000182 Histone ChIP-seq H3K79me2,.,Histone ChIP-seq,CL:0000182,hepatocyte,in_vitro_differentiated_cells,embryonic,encode,single,False,OutputType.CHIP_HISTONE,,H3K79me2,
CL:0000182 Histone ChIP-seq H3K9ac,.,Histone ChIP-seq,CL:0000182,hepatocyte,in_vitro_differentiated_cells,embryonic,encode,single,False,OutputType.CHIP_HISTONE,,H3K9ac,
CL:0000188 Histone ChIP-seq H3K4me3,.,Histone ChIP-seq,CL:0000188,skeletal muscle cell,primary_cell,unknown,encode,single,False,OutputType.CHIP_HISTONE,,H3K4me3,
CL:0000192 Histone ChIP-seq H2AFZ,.,Histone ChIP-seq,CL:0000192,smooth muscle cell,in_vitro_differentiated_cells,embryonic,encode,single,False,OutputType.CHIP_HISTONE,,H2AFZ,
CL:0000192 Histone ChIP-seq H3K27ac,.,Histone ChIP-seq,CL:0000192,smooth muscle cell,in_vitro_differentiated_cells,embryonic,encode,single,False,OutputType.CHIP_HISTONE,,H3K27ac,
CL:0000192 Histone ChIP-seq H3K27me3,.,Histone ChIP-seq,CL:0000192,smooth muscle cell,in_vitro_differentiated_cells,embryonic,encode,single,False,OutputType.CHIP_HISTONE,,H3K27me3,
CL:0000192 Histone ChIP-seq H3K4me1,.,Histone ChIP-seq,CL:0000192,smooth muscle cell,in_vitro_differentiated_cells,embryonic,encode,single,False,OutputType.CHIP_HISTONE,,H3K4me1,
CL:0000192 Histone ChIP-seq H3K4me2,.,Histone ChIP-seq,CL:0000192,smooth muscle cell,in_vitro_differentiated_cells,embryonic,encode,single,False,OutputType.CHIP_HISTONE,,H3K4me2,
CL:0000192 Histone ChIP-seq H3K4me3,.,Histone ChIP-seq,CL:0000192,smooth muscle cell,in_vitro_differentiated_cells,embryonic,encode,single,False,OutputType.CHIP_HISTONE,,H3K4me3,
CL:0000192 Histone ChIP-seq H3K79me2,.,Histone ChIP-seq,CL:0000192,smooth muscle cell,in_vitro_differentiated_cells,embryonic,encode,single,False,OutputType.CHIP_HISTONE,,H3K79me2,
CL:0000192 Histone ChIP-seq H3K9ac,.,Histone ChIP-seq,CL:0000192,smooth muscle cell,in_vitro_differentiated_cells,embryonic,encode,single,False,OutputType.CHIP_HISTONE,,H3K9ac,
CL:0000192 Histone ChIP-seq H4K20me1,.,Histone ChIP-seq,CL:0000192,smooth muscle cell,in_vitro_differentiated_cells,embryonic,encode,single,False,OutputType.CHIP_HISTONE,,H4K20me1,
CL:0000221 Histone ChIP-seq H3K27me3,.,Histone ChIP-seq,CL:0000221,ectodermal cell,in_vitro_differentiated_cells,embryonic,encode,single,False,OutputType.CHIP_HISTONE,,H3K27me3,
CL:0000221 Histone ChIP-seq H3K36me3,.,Histone ChIP-seq,CL:0000221,ectodermal cell,in_vitro_differentiated_cells,embryonic,encode,single,False,OutputType.CHIP_HISTONE,,H3K36me3,
CL:0000221 Histone ChIP-seq H3K4me1,.,Histone ChIP-seq,CL:0000221,ectodermal cell,in_vitro_differentiated_cells,embryonic,encode,single,False,OutputType.CHIP_HISTONE,,H3K4me1,
CL:0000221 Histone ChIP-seq H3K4me3,.,Histone ChIP-seq,CL:0000221,ectodermal cell,in_vitro_differentiated_cells,embryonic,encode,single,False,OutputType.CHIP_HISTONE,,H3K4me3,
CL:0000222 Histone ChIP-seq H3K27ac,.,Histone ChIP-seq,CL:0000222,mesodermal cell,in_vitro_differentiated_cells,embryonic,encode,single,False,OutputType.CHIP_HISTONE,,H3K27ac,
CL:0000222 Histone ChIP-seq H3K36me3,.,Histone ChIP-seq,CL:0000222,mesodermal cell,in_vitro_differentiated_cells,embryonic,encode,single,False,OutputType.CHIP_HISTONE,,H3K36me3,
CL:0000222 Histone ChIP-seq H3K4me1,.,Histone ChIP-seq,CL:0000222,mesodermal cell,in_vitro_differentiated_cells,embryonic,encode,single,False,OutputType.CHIP_HISTONE,,H3K4me1,
CL:0000222 Histone ChIP-seq H3K4me3,.,Histone ChIP-seq,CL:0000222,mesodermal cell,in_vitro_differentiated_cells,embryonic,encode,single,False,OutputType.CHIP_HISTONE,,H3K4me3,
CL:0000222 Histone ChIP-seq H3K9me3,.,Histone ChIP-seq,CL:0000222,mesodermal cell,in_vitro_differentiated_cells,embryonic,encode,single,False,OutputType.CHIP_HISTONE,,H3K9me3,
CL:0000223 Histone ChIP-seq H3K27ac,.,Histone ChIP-seq,CL:0000223,endodermal cell,in_vitro_differentiated_cells,embryonic,encode,single,False,OutputType.CHIP_HISTONE,,H3K27ac,
CL:0000223 Histone ChIP-seq H3K27me3,.,Histone ChIP-seq,CL:0000223,endodermal cell,in_vitro_differentiated_cells,embryonic,encode,single,False,OutputType.CHIP_HISTONE,,H3K27me3,
CL:0000223 Histone ChIP-seq H3K36me3,.,Histone ChIP-seq,CL:0000223,endodermal cell,in_vitro_differentiated_cells,embryonic,encode,single,False,OutputType.CHIP_HISTONE,,H3K36me3,
CL:0000223 Histone ChIP-seq H3K4me1,.,Histone ChIP-seq,CL:0000223,endodermal cell,in_vitro_differentiated_cells,embryonic,encode,single,False,OutputType.CHIP_HISTONE,,H3K4me1,
CL:0000223 Histone ChIP-seq H3K4me3,.,Histone ChIP-seq,CL:0000223,endodermal cell,in_vitro_differentiated_cells,embryonic,encode,single,False,OutputType.CHIP_HISTONE,,H3K4me3,
CL:0000223 Histone ChIP-seq H3K9me3,.,Histone ChIP-seq,CL:0000223,endodermal cell,in_vitro_differentiated_cells,embryonic,encode,single,False,OutputType.CHIP_HISTONE,,H3K9me3,
CL:0000236 Histone ChIP-seq H2AFZ,.,Histone ChIP-seq,CL:0000236,B cell,primary_cell,adult,encode,single,False,OutputType.CHIP_HISTONE,,H2AFZ,
CL:0000236 Histone ChIP-seq H3K27ac,.,Histone ChIP-seq,CL:0000236,B cell,primary_cell,adult,encode,single,False,OutputType.CHIP_HISTONE,,H3K27ac,
CL:0000236 Histone ChIP-seq H3K27me3,.,Histone ChIP-seq,CL:0000236,B cell,primary_cell,adult,encode,single,False,OutputType.CHIP_HISTONE,,H3K27me3,
CL:0000236 Histone ChIP-seq H3K36me3,.,Histone ChIP-seq,CL:0000236,B cell,primary_cell,adult,encode,single,False,OutputType.CHIP_HISTONE,,H3K36me3,
CL:0000236 Histone ChIP-seq H3K4me1,.,Histone ChIP-seq,CL:0000236,B cell,primary_cell,adult,encode,single,False,OutputType.CHIP_HISTONE,,H3K4me1,
CL:0000236 Histone ChIP-seq H3K4me2,.,Histone ChIP-seq,CL:0000236,B cell,primary_cell,adult,encode,single,False,OutputType.CHIP_HISTONE,,H3K4me2,
CL:0000236 Histone ChIP-seq H3K4me3,.,Histone ChIP-seq,CL:0000236,B cell,primary_cell,adult,encode,single,False,OutputType.CHIP_HISTONE,,H3K4me3,
CL:0000236 Histone ChIP-seq H3K79me2,.,Histone ChIP-seq,CL:0000236,B cell,primary_cell,adult,encode,single,False,OutputType.CHIP_HISTONE,,H3K79me2,
CL:0000236 Histone ChIP-seq H3K9ac,.,Histone ChIP-seq,CL:0000236,B cell,primary_cell,adult,encode,single,False,OutputType.CHIP_HISTONE,,H3K9ac,
CL:0000236 Histone ChIP-seq H3K9me3,.,Histone ChIP-seq,CL:0000236,B cell,primary_cell,adult,encode,single,False,OutputType.CHIP_HISTONE,,H3K9me3,
CL:0000312 Histone ChIP-seq H2AFZ,.,Histone ChIP-seq,CL:0000312,keratinocyte,primary_cell,unknown,encode,single,False,OutputType.CHIP_HISTONE,,H2AFZ,
CL:0000312 Histone ChIP-seq H3K27ac,.,Histone ChIP-seq,CL:0000312,keratinocyte,primary_cell,unknown,encode,single,False,OutputType.CHIP_HISTONE,,H3K27ac,
CL:0000312 Histone ChIP-seq H3K36me3,.,Histone ChIP-seq,CL:0000312,keratinocyte,primary_cell,unknown,encode,single,False,OutputType.CHIP_HISTONE,,H3K36me3,
CL:0000312 Histone ChIP-seq H3K4me1,.,Histone ChIP-seq,CL:0000312,keratinocyte,primary_cell,unknown,encode,single,False,OutputType.CHIP_HISTONE,,H3K4me1,
CL:0000312 Histone ChIP-seq H3K4me2,.,Histone ChIP-seq,CL:0000312,keratinocyte,primary_cell,unknown,encode,single,False,OutputType.CHIP_HISTONE,,H3K4me2,
CL:0000312 Histone ChIP-seq H3K4me3,.,Histone ChIP-seq,CL:0000312,keratinocyte,primary_cell,unknown,encode,single,False,OutputType.CHIP_HISTONE,,H3K4me3,
CL:0000312 Histone ChIP-seq H3K79me2,.,Histone ChIP-seq,CL:0000312,keratinocyte,primary_cell,unknown,encode,single,False,OutputType.CHIP_HISTONE,,H3K79me2,
CL:0000312 Histone ChIP-seq H3K9ac,.,Histone ChIP-seq,CL:0000312,keratinocyte,primary_cell,unknown,encode,single,False,OutputType.CHIP_HISTONE,,H3K9ac,
CL:0000351 Histone ChIP-seq H2AK5ac,.,Histone ChIP-seq,CL:0000351,trophoblast cell,in_vitro_differentiated_cells,embryonic,encode,single,False,OutputType.CHIP_HISTONE,,H2AK5ac,
CL:0000351 Histone ChIP-seq H2BK12ac,.,Histone ChIP-seq,CL:0000351,trophoblast cell,in_vitro_differentiated_cells,embryonic,encode,single,False,OutputType.CHIP_HISTONE,,H2BK12ac,
CL:0000351 Histone ChIP-seq H3K14ac,.,Histone ChIP-seq,CL:0000351,trophoblast cell,in_vitro_differentiated_cells,embryonic,encode,single,False,OutputType.CHIP_HISTONE,,H3K14ac,
CL:0000351 Histone ChIP-seq H3K18ac,.,Histone ChIP-seq,CL:0000351,trophoblast cell,in_vitro_differentiated_cells,embryonic,encode,single,False,OutputType.CHIP_HISTONE,,H3K18ac,
CL:0000351 Histone ChIP-seq H3K27ac,.,Histone ChIP-seq,CL:0000351,trophoblast cell,in_vitro_differentiated_cells,embryonic,encode,single,False,OutputType.CHIP_HISTONE,,H3K27ac,
CL:0000351 Histone ChIP-seq H3K36me3,.,Histone ChIP-seq,CL:0000351,trophoblast cell,in_vitro_differentiated_cells,embryonic,encode,single,False,OutputType.CHIP_HISTONE,,H3K36me3,
CL:0000351 Histone ChIP-seq H3K4ac,.,Histone ChIP-seq,CL:0000351,trophoblast cell,in_vitro_differentiated_cells,embryonic,encode,single,False,OutputType.CHIP_HISTONE,,H3K4ac,
CL:0000351 Histone ChIP-seq H3K4me1,.,Histone ChIP-seq,CL:0000351,trophoblast cell,in_vitro_differentiated_cells,embryonic,encode,single,False,OutputType.CHIP_HISTONE,,H3K4me1,
CL:0000351 Histone ChIP-seq H3K4me2,.,Histone ChIP-seq,CL:0000351,trophoblast cell,in_vitro_differentiated_cells,embryonic,encode,single,False,OutputType.CHIP_HISTONE,,H3K4me2,
CL:0000351 Histone ChIP-seq H3K4me3,.,Histone ChIP-seq,CL:0000351,trophoblast cell,in_vitro_differentiated_cells,embryonic,encode,single,False,OutputType.CHIP_HISTONE,,H3K4me3,
CL:0000351 Histone ChIP-seq H3K79me1,.,Histone ChIP-seq,CL:0000351,trophoblast cell,in_vitro_differentiated_cells,embryonic,encode,single,False,OutputType.CHIP_HISTONE,,H3K79me1,
CL:0000351 Histone ChIP-seq H3K9me3,.,Histone ChIP-seq,CL:0000351,trophoblast cell,in_vitro_differentiated_cells,embryonic,encode,single,False,OutputType.CHIP_HISTONE,,H3K9me3,
CL:0000351 Histone ChIP-seq H4K8ac,.,Histone ChIP-seq,CL:0000351,trophoblast cell,in_vitro_differentiated_cells,embryonic,encode,single,False,OutputType.CHIP_HISTONE,,H4K8ac,
CL:0000351 Histone ChIP-seq H4K91ac,.,Histone ChIP-seq,CL:0000351,trophoblast cell,in_vitro_differentiated_cells,embryonic,encode,single,False,OutputType.CHIP_HISTONE,,H4K91ac,
CL:0000515 Histone ChIP-seq H2AFZ,.,Histone ChIP-seq,CL:0000515,skeletal muscle myoblast,primary_cell,adult,encode,single,False,OutputType.CHIP_HISTONE,,H2AFZ,
CL:0000515 Histone ChIP-seq H3K27ac,.,Histone ChIP-seq,CL:0000515,skeletal muscle myoblast,primary_cell,adult,encode,single,False,OutputType.CHIP_HISTONE,,H3K27ac,
CL:0000515 Histone ChIP-seq H3K4me1,.,Histone ChIP-seq,CL:0000515,skeletal muscle myoblast,primary_cell,adult,encode,single,False,OutputType.CHIP_HISTONE,,H3K4me1,
CL:0000515 Histone ChIP-seq H3K4me2,.,Histone ChIP-seq,CL:0000515,skeletal muscle myoblast,primary_cell,adult,encode,single,False,OutputType.CHIP_HISTONE,,H3K4me2,
CL:0000515 Histone ChIP-seq H3K4me3,.,Histone ChIP-seq,CL:0000515,skeletal muscle myoblast,primary_cell,adult,encode,single,False,OutputType.CHIP_HISTONE,,H3K4me3,
CL:0000515 Histone ChIP-seq H3K79me2,.,Histone ChIP-seq,CL:0000515,skeletal muscle myoblast,primary_cell,adult,encode,single,False,OutputType.CHIP_HISTONE,,H3K79me2,
CL:0000515 Histone ChIP-seq H3K9ac,.,Histone ChIP-seq,CL:0000515,skeletal muscle myoblast,primary_cell,adult,encode,single,False,OutputType.CHIP_HISTONE,,H3K9ac,
CL:0000540 Histone ChIP-seq H2AFZ,.,Histone ChIP-seq,CL:0000540,neuron,in_vitro_differentiated_cells,embryonic,encode,single,False,OutputType.CHIP_HISTONE,,H2AFZ,
CL:0000540 Histone ChIP-seq H3K27me3,.,Histone ChIP-seq,CL:0000540,neuron,in_vitro_differentiated_cells,embryonic,encode,single,False,OutputType.CHIP_HISTONE,,H3K27me3,
CL:0000540 Histone ChIP-seq H3K36me3,.,Histone ChIP-seq,CL:0000540,neuron,in_vitro_differentiated_cells,embryonic,encode,single,False,OutputType.CHIP_HISTONE,,H3K36me3,
CL:0000540 Histone ChIP-seq H3K4me1,.,Histone ChIP-seq,CL:0000540,neuron,in_vitro_differentiated_cells,embryonic,encode,single,False,OutputType.CHIP_HISTONE,,H3K4me1,
CL:0000540 Histone ChIP-seq H3K4me3,.,Histone ChIP-seq,CL:0000540,neuron,in_vitro_differentiated_cells,embryonic,encode,single,False,OutputType.CHIP_HISTONE,,H3K4me3,
CL:0000594 Histone ChIP-seq H3K27me3,.,Histone ChIP-seq,CL:0000594,skeletal muscle satellite cell,primary_cell,adult,encode,single,False,OutputType.CHIP_HISTONE,,H3K27me3,
CL:0000594 Histone ChIP-seq H3K36me3,.,Histone ChIP-seq,CL:0000594,skeletal muscle satellite cell,primary_cell,adult,encode,single,False,OutputType.CHIP_HISTONE,,H3K36me3,
CL:0000594 Histone ChIP-seq H3K4me1,.,Histone ChIP-seq,CL:0000594,skeletal muscle satellite cell,primary_cell,adult,encode,single,False,OutputType.CHIP_HISTONE,,H3K4me1,
CL:0000594 Histone ChIP-seq H3K4me2,.,Histone ChIP-seq,CL:0000594,skeletal muscle satellite cell,primary_cell,adult,encode,single,False,OutputType.CHIP_HISTONE,,H3K4me2,
CL:0000594 Histone ChIP-seq H3K4me3,.,Histone ChIP-seq,CL:0000594,skeletal muscle satellite cell,primary_cell,adult,encode,single,False,OutputType.CHIP_HISTONE,,H3K4me3,
CL:0000594 Histone ChIP-seq H3K9ac,.,Histone ChIP-seq,CL:0000594,skeletal muscle satellite cell,primary_cell,adult,encode,single,False,OutputType.CHIP_HISTONE,,H3K9ac,
CL:0000623 Histone ChIP-seq H3K27ac,.,Histone ChIP-seq,CL:0000623,natural killer cell,primary_cell,adult,encode,single,False,OutputType.CHIP_HISTONE,,H3K27ac,
CL:0000623 Histone ChIP-seq H3K36me3,.,Histone ChIP-seq,CL:0000623,natural killer cell,primary_cell,adult,encode,single,False,OutputType.CHIP_HISTONE,,H3K36me3,
CL:0000623 Histone ChIP-seq H3K4me1,.,Histone ChIP-seq,CL:0000623,natural killer cell,primary_cell,adult,encode,single,False,OutputType.CHIP_HISTONE,,H3K4me1,
CL:0000623 Histone ChIP-seq H3K4me3,.,Histone ChIP-seq,CL:0000623,natural killer cell,primary_cell,adult,encode,single,False,OutputType.CHIP_HISTONE,,H3K4me3,
CL:0000623 Histone ChIP-seq H3K9me3,.,Histone ChIP-seq,CL:0000623,natural killer cell,primary_cell,adult,encode,single,False,OutputType.CHIP_HISTONE,,H3K9me3,
CL:0000624 Histone ChIP-seq H3K27ac,.,Histone ChIP-seq,CL:0000624,"CD4-positive, alpha-beta T cell",primary_cell,adult,encode,single,False,OutputType.CHIP_HISTONE,,H3K27ac,
CL:0000624 Histone ChIP-seq H3K27me3,.,Histone ChIP-seq,CL:0000624,"CD4-positive, alpha-beta T cell",primary_cell,adult,encode,single,False,OutputType.CHIP_HISTONE,,H3K27me3,
CL:0000624 Histone ChIP-seq H3K36me3,.,Histone ChIP-seq,CL:0000624,"CD4-positive, alpha-beta T cell",primary_cell,adult,encode,single,False,OutputType.CHIP_HISTONE,,H3K36me3,
CL:0000624 Histone ChIP-seq H3K4me1,.,Histone ChIP-seq,CL:0000624,"CD4-positive, alpha-beta T cell",primary_cell,adult,encode,single,False,OutputType.CHIP_HISTONE,,H3K4me1,
CL:0000624 Histone ChIP-seq H3K4me3,.,Histone ChIP-seq,CL:0000624,"CD4-positive, alpha-beta T cell",primary_cell,adult,encode,single,False,OutputType.CHIP_HISTONE,,H3K4me3,
CL:0000624 Histone ChIP-seq H3K9me3,.,Histone ChIP-seq,CL:0000624,"CD4-positive, alpha-beta T cell",primary_cell,adult,encode,single,False,OutputType.CHIP_HISTONE,,H3K9me3,
CL:0000625 Histone ChIP-seq H3K27ac,.,Histone ChIP-seq,CL:0000625,"CD8-positive, alpha-beta T cell",primary_cell,adult,encode,single,False,OutputType.CHIP_HISTONE,,H3K27ac,
CL:0000625 Histone ChIP-seq H3K27me3,.,Histone ChIP-seq,CL:0000625,"CD8-positive, alpha-beta T cell",primary_cell,adult,encode,single,False,OutputType.CHIP_HISTONE,,H3K27me3,
CL:0000625 Histone ChIP-seq H3K36me3,.,Histone ChIP-seq,CL:0000625,"CD8-positive, alpha-beta T cell",primary_cell,adult,encode,single,False,OutputType.CHIP_HISTONE,,H3K36me3,
CL:0000625 Histone ChIP-seq H3K4me1,.,Histone ChIP-seq,CL:0000625,"CD8-positive, alpha-beta T cell",primary_cell,adult,encode,single,False,OutputType.CHIP_HISTONE,,H3K4me1,
CL:0000625 Histone ChIP-seq H3K4me3,.,Histone ChIP-seq,CL:0000625,"CD8-positive, alpha-beta T cell",primary_cell,adult,encode,single,False,OutputType.CHIP_HISTONE,,H3K4me3,
CL:0000625 Histone ChIP-seq H3K9ac,.,Histone ChIP-seq,CL:0000625,"CD8-positive, alpha-beta T cell",primary_cell,adult,encode,single,False,OutputType.CHIP_HISTONE,,H3K9ac,
CL:0000625 Histone ChIP-seq H3K9me3,.,Histone ChIP-seq,CL:0000625,"CD8-positive, alpha-beta T cell",primary_cell,adult,encode,single,False,OutputType.CHIP_HISTONE,,H3K9me3,
CL:0000706 Histone ChIP-seq H3K4me3,.,Histone ChIP-seq,CL:0000706,choroid plexus epithelial cell,primary_cell,unknown,encode,single,False,OutputType.CHIP_HISTONE,,H3K4me3,
CL:0000746 Histone ChIP-seq H3K27ac,.,Histone ChIP-seq,CL:0000746,cardiac muscle cell,in_vitro_differentiated_cells,embryonic,encode,single,False,OutputType.CHIP_HISTONE,,H3K27ac,
CL:0000746 Histone ChIP-seq H3K27me3,.,Histone ChIP-seq,CL:0000746,cardiac muscle cell,in_vitro_differentiated_cells,embryonic,encode,single,False,OutputType.CHIP_HISTONE,,H3K27me3,
CL:0000746 Histone ChIP-seq H3K36me3,.,Histone ChIP-seq,CL:0000746,cardiac muscle cell,in_vitro_differentiated_cells,embryonic,encode,single,False,OutputType.CHIP_HISTONE,,H3K36me3,
CL:0000746 Histone ChIP-seq H3K4me1,.,Histone ChIP-seq,CL:0000746,cardiac muscle cell,in_vitro_differentiated_cells,embryonic,encode,single,False,OutputType.CHIP_HISTONE,,H3K4me1,
CL:0000746 Histone ChIP-seq H3K4me3,.,Histone ChIP-seq,CL:0000746,cardiac muscle cell,primary_cell,unknown,encode,single,False,OutputType.CHIP_HISTONE,,H3K4me3,
CL:0000775 Histone ChIP-seq H3K27ac,.,Histone ChIP-seq,CL:0000775,neutrophil,primary_cell,unknown,encode,single,False,OutputType.CHIP_HISTONE,,H3K27ac,
CL:0000775 Histone ChIP-seq H3K27me3,.,Histone ChIP-seq,CL:0000775,neutrophil,primary_cell,unknown,encode,single,False,OutputType.CHIP_HISTONE,,H3K27me3,
CL:0000775 Histone ChIP-seq H3K36me3,.,Histone ChIP-seq,CL:0000775,neutrophil,primary_cell,unknown,encode,single,False,OutputType.CHIP_HISTONE,,H3K36me3,
CL:0000775 Histone ChIP-seq H3K4me1,.,Histone ChIP-seq,CL:0000775,neutrophil,primary_cell,unknown,encode,single,False,OutputType.CHIP_HISTONE,,H3K4me1,
CL:0000775 Histone ChIP-seq H3K4me3,.,Histone ChIP-seq,CL:0000775,neutrophil,primary_cell,unknown,encode,single,False,OutputType.CHIP_HISTONE,,H3K4me3,
CL:0000775 Histone ChIP-seq H3K9me3,.,Histone ChIP-seq,CL:0000775,neutrophil,primary_cell,unknown,encode,single,False,OutputType.CHIP_HISTONE,,H3K9me3,
CL:0000792 Histone ChIP-seq H3K27ac,.,Histone ChIP-seq,CL:0000792,"CD4-positive, CD25-positive, alpha-beta regulatory T cell",primary_cell,unknown,encode,single,False,OutputType.CHIP_HISTONE,,H3K27ac,
CL:0000792 Histone ChIP-seq H3K27me3,.,Histone ChIP-seq,CL:0000792,"CD4-positive, CD25-positive, alpha-beta regulatory T cell",primary_cell,unknown,encode,single,False,OutputType.CHIP_HISTONE,,H3K27me3,
CL:0000792 Histone ChIP-seq H3K36me3,.,Histone ChIP-seq,CL:0000792,"CD4-positive, CD25-positive, alpha-beta regulatory T cell",primary_cell,unknown,encode,single,False,OutputType.CHIP_HISTONE,,H3K36me3,
CL:0000792 Histone ChIP-seq H3K4me1,.,Histone ChIP-seq,CL:0000792,"CD4-positive, CD25-positive, alpha-beta regulatory T cell",primary_cell,unknown,encode,single,False,OutputType.CHIP_HISTONE,,H3K4me1,
CL:0000792 Histone ChIP-seq H3K4me3,.,Histone ChIP-seq,CL:0000792,"CD4-positive, CD25-positive, alpha-beta regulatory T cell",primary_cell,unknown,encode,single,False,OutputType.CHIP_HISTONE,,H3K4me3,
CL:0000792 Histone ChIP-seq H3K9me3,.,Histone ChIP-seq,CL:0000792,"CD4-positive, CD25-positive, alpha-beta regulatory T cell",primary_cell,unknown,encode,single,False,OutputType.CHIP_HISTONE,,H3K9me3,
CL:0000842 Histone ChIP-seq H3K27me3,.,Histone ChIP-seq,CL:0000842,mononuclear cell,primary_cell,unknown,encode,single,False,OutputType.CHIP_HISTONE,,H3K27me3,
CL:0000842 Histone ChIP-seq H3K4me1,.,Histone ChIP-seq,CL:0000842,mononuclear cell,primary_cell,unknown,encode,single,False,OutputType.CHIP_HISTONE,,H3K4me1,
CL:0000842 Histone ChIP-seq H3K4me3,.,Histone ChIP-seq,CL:0000842,mononuclear cell,primary_cell,unknown,encode,single,False,OutputType.CHIP_HISTONE,,H3K4me3,
CL:0000895 Histone ChIP-seq H3K27ac,.,Histone ChIP-seq,CL:0000895,"naive thymus-derived CD4-positive, alpha-beta T cell",primary_cell,unknown,encode,single,False,OutputType.CHIP_HISTONE,,H3K27ac,
CL:0000895 Histone ChIP-seq H3K36me3,.,Histone ChIP-seq,CL:0000895,"naive thymus-derived CD4-positive, alpha-beta T cell",primary_cell,unknown,encode,single,False,OutputType.CHIP_HISTONE,,H3K36me3,
CL:0000895 Histone ChIP-seq H3K4me1,.,Histone ChIP-seq,CL:0000895,"naive thymus-derived CD4-positive, alpha-beta T cell",primary_cell,unknown,encode,single,False,OutputType.CHIP_HISTONE,,H3K4me1,
CL:0000895 Histone ChIP-seq H3K4me3,.,Histone ChIP-seq,CL:0000895,"naive thymus-derived CD4-positive, alpha-beta T cell",primary_cell,unknown,encode,single,False,OutputType.CHIP_HISTONE,,H3K4me3,
CL:0000897 Histone ChIP-seq H3K27ac,.,Histone ChIP-seq,CL:0000897,"CD4-positive, alpha-beta memory T cell",primary_cell,unknown,encode,single,False,OutputType.CHIP_HISTONE,,H3K27ac,
CL:0000897 Histone ChIP-seq H3K36me3,.,Histone ChIP-seq,CL:0000897,"CD4-positive, alpha-beta memory T cell",primary_cell,unknown,encode,single,False,OutputType.CHIP_HISTONE,,H3K36me3,
CL:0000897 Histone ChIP-seq H3K4me1,.,Histone ChIP-seq,CL:0000897,"CD4-positive, alpha-beta memory T cell",primary_cell,unknown,encode,single,False,OutputType.CHIP_HISTONE,,H3K4me1,
CL:0000897 Histone ChIP-seq H3K4me3,.,Histone ChIP-seq,CL:0000897,"CD4-positive, alpha-beta memory T cell",primary_cell,unknown,encode,single,False,OutputType.CHIP_HISTONE,,H3K4me3,
CL:0000905 Histone ChIP-seq H3K27ac,.,Histone ChIP-seq,CL:0000905,"effector memory CD4-positive, alpha-beta T cell",primary_cell,unknown,encode,single,False,OutputType.CHIP_HISTONE,,H3K27ac,
CL:0000905 Histone ChIP-seq H3K36me3,.,Histone ChIP-seq,CL:0000905,"effector memory CD4-positive, alpha-beta T cell",primary_cell,unknown,encode,single,False,OutputType.CHIP_HISTONE,,H3K36me3,
CL:0000905 Histone ChIP-seq H3K4me3,.,Histone ChIP-seq,CL:0000905,"effector memory CD4-positive, alpha-beta T cell",primary_cell,unknown,encode,single,False,OutputType.CHIP_HISTONE,,H3K4me3,
CL:0000909 Histone ChIP-seq H3K27ac,.,Histone ChIP-seq,CL:0000909,"CD8-positive, alpha-beta memory T cell",primary_cell,unknown,encode,single,False,OutputType.CHIP_HISTONE,,H3K27ac,
CL:0000909 Histone ChIP-seq H3K36me3,.,Histone ChIP-seq,CL:0000909,"CD8-positive, alpha-beta memory T cell",primary_cell,unknown,encode,single,False,OutputType.CHIP_HISTONE,,H3K36me3,
CL:0000909 Histone ChIP-seq H3K4me1,.,Histone ChIP-seq,CL:0000909,"CD8-positive, alpha-beta memory T cell",primary_cell,unknown,encode,single,False,OutputType.CHIP_HISTONE,,H3K4me1,
CL:0000909 Histone ChIP-seq H3K4me3,.,Histone ChIP-seq,CL:0000909,"CD8-positive, alpha-beta memory T cell",primary_cell,unknown,encode,single,False,OutputType.CHIP_HISTONE,,H3K4me3,
CL:0001054 Histone ChIP-seq H2AFZ,.,Histone ChIP-seq,CL:0001054,CD14-positive monocyte,primary_cell,unknown,encode,single,False,OutputType.CHIP_HISTONE,,H2AFZ,
CL:0001054 Histone ChIP-seq H3K27ac,.,Histone ChIP-seq,CL:0001054,CD14-positive monocyte,primary_cell,adult,encode,single,False,OutputType.CHIP_HISTONE,,H3K27ac,
CL:0001054 Histone ChIP-seq H3K27me3,.,Histone ChIP-seq,CL:0001054,CD14-positive monocyte,primary_cell,adult,encode,single,False,OutputType.CHIP_HISTONE,,H3K27me3,
CL:0001054 Histone ChIP-seq H3K36me3,.,Histone ChIP-seq,CL:0001054,CD14-positive monocyte,primary_cell,adult,encode,single,False,OutputType.CHIP_HISTONE,,H3K36me3,
CL:0001054 Histone ChIP-seq H3K4me1,.,Histone ChIP-seq,CL:0001054,CD14-positive monocyte,primary_cell,adult,encode,single,False,OutputType.CHIP_HISTONE,,H3K4me1,
CL:0001054 Histone ChIP-seq H3K4me2,.,Histone ChIP-seq,CL:0001054,CD14-positive monocyte,primary_cell,unknown,encode,single,False,OutputType.CHIP_HISTONE,,H3K4me2,
CL:0001054 Histone ChIP-seq H3K4me3,.,Histone ChIP-seq,CL:0001054,CD14-positive monocyte,primary_cell,adult,encode,single,False,OutputType.CHIP_HISTONE,,H3K4me3,
CL:0001054 Histone ChIP-seq H3K79me2,.,Histone ChIP-seq,CL:0001054,CD14-positive monocyte,primary_cell,unknown,encode,single,False,OutputType.CHIP_HISTONE,,H3K79me2,
CL:0001054 Histone ChIP-seq H3K9ac,.,Histone ChIP-seq,CL:0001054,CD14-positive monocyte,primary_cell,unknown,encode,single,False,OutputType.CHIP_HISTONE,,H3K9ac,
CL:0001054 Histone ChIP-seq H3K9me3,.,Histone ChIP-seq,CL:0001054,CD14-positive monocyte,primary_cell,adult,encode,single,False,OutputType.CHIP_HISTONE,,H3K9me3,
CL:0001054 Histone ChIP-seq H4K20me1,.,Histone ChIP-seq,CL:0001054,CD14-positive monocyte,primary_cell,unknown,encode,single,False,OutputType.CHIP_HISTONE,,H4K20me1,
CL:0001059 Histone ChIP-seq H3K27ac,.,Histone ChIP-seq,CL:0001059,"common myeloid progenitor, CD34-positive",primary_cell,adult,encode,single,False,OutputType.CHIP_HISTONE,,H3K27ac,
CL:0001059 Histone ChIP-seq H3K27me3,.,Histone ChIP-seq,CL:0001059,"common myeloid progenitor, CD34-positive",primary_cell,adult,encode,single,False,OutputType.CHIP_HISTONE,,H3K27me3,
CL:0001059 Histone ChIP-seq H3K36me3,.,Histone ChIP-seq,CL:0001059,"common myeloid progenitor, CD34-positive",primary_cell,adult,encode,single,False,OutputType.CHIP_HISTONE,,H3K36me3,
CL:0001059 Histone ChIP-seq H3K4me1,.,Histone ChIP-seq,CL:0001059,"common myeloid progenitor, CD34-positive",primary_cell,adult,encode,single,False,OutputType.CHIP_HISTONE,,H3K4me1,
CL:0001059 Histone ChIP-seq H3K4me3,.,Histone ChIP-seq,CL:0001059,"common myeloid progenitor, CD34-positive",primary_cell,adult,encode,single,False,OutputType.CHIP_HISTONE,,H3K4me3,
CL:0001059 Histone ChIP-seq H3K9me3,.,Histone ChIP-seq,CL:0001059,"common myeloid progenitor, CD34-positive",primary_cell,adult,encode,single,False,OutputType.CHIP_HISTONE,,H3K9me3,
CL:0002231 Histone ChIP-seq H3K27ac,.,Histone ChIP-seq,CL:0002231,epithelial cell of prostate,primary_cell,unknown,encode,paired,False,OutputType.CHIP_HISTONE,,H3K27ac,
CL:0002252 Histone ChIP-seq H3K4me3,.,Histone ChIP-seq,CL:0002252,epithelial cell of esophagus,primary_cell,unknown,encode,single,False,OutputType.CHIP_HISTONE,,H3K4me3,
CL:0002306 Histone ChIP-seq H3K4me3,.,Histone ChIP-seq,CL:0002306,epithelial cell of proximal tubule,primary_cell,unknown,encode,single,False,OutputType.CHIP_HISTONE,,H3K4me3,
CL:0002319 Histone ChIP-seq H3K27ac,.,Histone ChIP-seq,CL:0002319,neural cell,in_vitro_differentiated_cells,embryonic,encode,single,False,OutputType.CHIP_HISTONE,,H3K27ac,
CL:0002319 Histone ChIP-seq H3K4me3,.,Histone ChIP-seq,CL:0002319,neural cell,in_vitro_differentiated_cells,embryonic,encode,single,False,OutputType.CHIP_HISTONE,,H3K4me3,
CL:0002319 Histone ChIP-seq H3K79me2,.,Histone ChIP-seq,CL:0002319,neural cell,in_vitro_differentiated_cells,embryonic,encode,single,False,OutputType.CHIP_HISTONE,,H3K79me2,
CL:0002319 Histone ChIP-seq H3K9ac,.,Histone ChIP-seq,CL:0002319,neural cell,in_vitro_differentiated_cells,embryonic,encode,single,False,OutputType.CHIP_HISTONE,,H3K9ac,
CL:0002324 Histone ChIP-seq H3K27me3,.,Histone ChIP-seq,CL:0002324,myoepithelial cell of mammary gland,primary_cell,adult,encode,single,False,OutputType.CHIP_HISTONE,,H3K27me3,
CL:0002324 Histone ChIP-seq H3K36me3,.,Histone ChIP-seq,CL:0002324,myoepithelial cell of mammary gland,primary_cell,adult,encode,single,False,OutputType.CHIP_HISTONE,,H3K36me3,
CL:0002324 Histone ChIP-seq H3K4me1,.,Histone ChIP-seq,CL:0002324,myoepithelial cell of mammary gland,primary_cell,adult,encode,single,False,OutputType.CHIP_HISTONE,,H3K4me1,
CL:0002324 Histone ChIP-seq H3K4me3,.,Histone ChIP-seq,CL:0002324,myoepithelial cell of mammary gland,primary_cell,adult,encode,single,False,OutputType.CHIP_HISTONE,,H3K4me3,
CL:0002324 Histone ChIP-seq H3K9ac,.,Histone ChIP-seq,CL:0002324,myoepithelial cell of mammary gland,primary_cell,adult,encode,single,False,OutputType.CHIP_HISTONE,,H3K9ac,
CL:0002324 Histone ChIP-seq H3K9me3,.,Histone ChIP-seq,CL:0002324,myoepithelial cell of mammary gland,primary_cell,adult,encode,single,False,OutputType.CHIP_HISTONE,,H3K9me3,
CL:0002326 Histone ChIP-seq H3K27me3,.,Histone ChIP-seq,CL:0002326,luminal epithelial cell of mammary gland,primary_cell,adult,encode,single,False,OutputType.CHIP_HISTONE,,H3K27me3,
CL:0002326 Histone ChIP-seq H3K36me3,.,Histone ChIP-seq,CL:0002326,luminal epithelial cell of mammary gland,primary_cell,adult,encode,single,False,OutputType.CHIP_HISTONE,,H3K36me3,
CL:0002326 Histone ChIP-seq H3K4me1,.,Histone ChIP-seq,CL:0002326,luminal epithelial cell of mammary gland,primary_cell,adult,encode,single,False,OutputType.CHIP_HISTONE,,H3K4me1,
CL:0002326 Histone ChIP-seq H3K9me3,.,Histone ChIP-seq,CL:0002326,luminal epithelial cell of mammary gland,primary_cell,adult,encode,single,False,OutputType.CHIP_HISTONE,,H3K9me3,
CL:0002327 Histone ChIP-seq H2AFZ,.,Histone ChIP-seq,CL:0002327,mammary epithelial cell,primary_cell,adult,encode,single,False,OutputType.CHIP_HISTONE,,H2AFZ,
CL:0002327 Histone ChIP-seq H3K27ac,.,Histone ChIP-seq,CL:0002327,mammary epithelial cell,primary_cell,adult,encode,single,False,OutputType.CHIP_HISTONE,,H3K27ac,
CL:0002327 Histone ChIP-seq H3K27me3,.,Histone ChIP-seq,CL:0002327,mammary epithelial cell,primary_cell,adult,encode,single,False,OutputType.CHIP_HISTONE,,H3K27me3,
CL:0002327 Histone ChIP-seq H3K36me3,.,Histone ChIP-seq,CL:0002327,mammary epithelial cell,primary_cell,adult,encode,single,False,OutputType.CHIP_HISTONE,,H3K36me3,
CL:0002327 Histone ChIP-seq H3K4me1,.,Histone ChIP-seq,CL:0002327,mammary epithelial cell,primary_cell,adult,encode,single,False,OutputType.CHIP_HISTONE,,H3K4me1,
CL:0002327 Histone ChIP-seq H3K4me2,.,Histone ChIP-seq,CL:0002327,mammary epithelial cell,primary_cell,adult,encode,single,False,OutputType.CHIP_HISTONE,,H3K4me2,
CL:0002327 Histone ChIP-seq H3K4me3,.,Histone ChIP-seq,CL:0002327,mammary epithelial cell,primary_cell,adult,encode,single,False,OutputType.CHIP_HISTONE,,H3K4me3,
CL:0002327 Histone ChIP-seq H3K79me2,.,Histone ChIP-seq,CL:0002327,mammary epithelial cell,primary_cell,adult,encode,single,False,OutputType.CHIP_HISTONE,,H3K79me2,
CL:0002327 Histone ChIP-seq H3K9ac,.,Histone ChIP-seq,CL:0002327,mammary epithelial cell,primary_cell,adult,encode,single,False,OutputType.CHIP_HISTONE,,H3K9ac,
CL:0002327 Histone ChIP-seq H3K9me3,.,Histone ChIP-seq,CL:0002327,mammary epithelial cell,primary_cell,adult,encode,single,False,OutputType.CHIP_HISTONE,,H3K9me3,
CL:0002328 Histone ChIP-seq H3K36me3,.,Histone ChIP-seq,CL:0002328,bronchial epithelial cell,primary_cell,unknown,encode,single,False,OutputType.CHIP_HISTONE,,H3K36me3,
CL:0002328 Histone ChIP-seq H3K4me3,.,Histone ChIP-seq,CL:0002328,bronchial epithelial cell,primary_cell,unknown,encode,single,False,OutputType.CHIP_HISTONE,,H3K4me3,
CL:0002372 Histone ChIP-seq H2AFZ,.,Histone ChIP-seq,CL:0002372,myotube,in_vitro_differentiated_cells,adult,encode,single,False,OutputType.CHIP_HISTONE,,H2AFZ,
CL:0002372 Histone ChIP-seq H3K27ac,.,Histone ChIP-seq,CL:0002372,myotube,in_vitro_differentiated_cells,adult,encode,single,False,OutputType.CHIP_HISTONE,,H3K27ac,
CL:0002372 Histone ChIP-seq H3K27me3,.,Histone ChIP-seq,CL:0002372,myotube,in_vitro_differentiated_cells,adult,encode,single,False,OutputType.CHIP_HISTONE,,H3K27me3,
CL:0002372 Histone ChIP-seq H3K36me3,.,Histone ChIP-seq,CL:0002372,myotube,in_vitro_differentiated_cells,adult,encode,single,False,OutputType.CHIP_HISTONE,,H3K36me3,
CL:0002372 Histone ChIP-seq H3K4me1,.,Histone ChIP-seq,CL:0002372,myotube,in_vitro_differentiated_cells,adult,encode,single,False,OutputType.CHIP_HISTONE,,H3K4me1,
CL:0002372 Histone ChIP-seq H3K4me2,.,Histone ChIP-seq,CL:0002372,myotube,in_vitro_differentiated_cells,adult,encode,single,False,OutputType.CHIP_HISTONE,,H3K4me2,
CL:0002372 Histone ChIP-seq H3K4me3,.,Histone ChIP-seq,CL:0002372,myotube,in_vitro_differentiated_cells,adult,encode,single,False,OutputType.CHIP_HISTONE,,H3K4me3,
CL:0002372 Histone ChIP-seq H3K79me2,.,Histone ChIP-seq,CL:0002372,myotube,in_vitro_differentiated_cells,adult,encode,single,False,OutputType.CHIP_HISTONE,,H3K79me2,
CL:0002372 Histone ChIP-seq H3K9ac,.,Histone ChIP-seq,CL:0002372,myotube,in_vitro_differentiated_cells,adult,encode,single,False,OutputType.CHIP_HISTONE,,H3K9ac,
CL:0002518 Histone ChIP-seq H3K27me3,.,Histone ChIP-seq,CL:0002518,kidney epithelial cell,primary_cell,unknown,encode,single,False,OutputType.CHIP_HISTONE,,H3K27me3,
CL:0002518 Histone ChIP-seq H3K4me3,.,Histone ChIP-seq,CL:0002518,kidney epithelial cell,primary_cell,unknown,encode,single,False,OutputType.CHIP_HISTONE,,H3K4me3,
CL:0002547 Histone ChIP-seq H3K4me3,.,Histone ChIP-seq,CL:0002547,fibroblast of the aortic adventitia,primary_cell,unknown,encode,single,False,OutputType.CHIP_HISTONE,,H3K4me3,
CL:0002548 Histone ChIP-seq H3K4me3,.,Histone ChIP-seq,CL:0002548,cardiac fibroblast,primary_cell,adult,encode,single,False,OutputType.CHIP_HISTONE,,H3K4me3,
CL:0002551 Histone ChIP-seq H3K27ac,.,Histone ChIP-seq,CL:0002551,fibroblast of dermis,primary_cell,unknown,encode,single,False,OutputType.CHIP_HISTONE,,H3K27ac,
CL:0002551 Histone ChIP-seq H3K36me3,.,Histone ChIP-seq,CL:0002551,fibroblast of dermis,primary_cell,unknown,encode,single,False,OutputType.CHIP_HISTONE,,H3K36me3,
CL:0002551 Histone ChIP-seq H3K4me1,.,Histone ChIP-seq,CL:0002551,fibroblast of dermis,primary_cell,unknown,encode,single,False,OutputType.CHIP_HISTONE,,H3K4me1,
CL:0002551 Histone ChIP-seq H3K4me2,.,Histone ChIP-seq,CL:0002551,fibroblast of dermis,primary_cell,unknown,encode,single,False,OutputType.CHIP_HISTONE,,H3K4me2,
CL:0002551 Histone ChIP-seq H3K4me3,.,Histone ChIP-seq,CL:0002551,fibroblast of dermis,primary_cell,"adult,unknown",encode,single,False,OutputType.CHIP_HISTONE,,H3K4me3,
CL:0002551 Histone ChIP-seq H3K79me2,.,Histone ChIP-seq,CL:0002551,fibroblast of dermis,primary_cell,unknown,encode,single,False,OutputType.CHIP_HISTONE,,H3K79me2,
CL:0002551 Histone ChIP-seq H3K9ac,.,Histone ChIP-seq,CL:0002551,fibroblast of dermis,primary_cell,unknown,encode,single,False,OutputType.CHIP_HISTONE,,H3K9ac,
CL:0002553 Histone ChIP-seq H2AFZ,.,Histone ChIP-seq,CL:0002553,fibroblast of lung,primary_cell,"child,adult",encode,single,False,OutputType.CHIP_HISTONE,,H2AFZ,
CL:0002553 Histone ChIP-seq H3K27ac,.,Histone ChIP-seq,CL:0002553,fibroblast of lung,primary_cell,"adult,child",encode,single,False,OutputType.CHIP_HISTONE,,H3K27ac,
CL:0002553 Histone ChIP-seq H3K27me3,.,Histone ChIP-seq,CL:0002553,fibroblast of lung,primary_cell,"child,adult",encode,single,False,OutputType.CHIP_HISTONE,,H3K27me3,
CL:0002553 Histone ChIP-seq H3K36me3,.,Histone ChIP-seq,CL:0002553,fibroblast of lung,primary_cell,"adult,child",encode,single,False,OutputType.CHIP_HISTONE,,H3K36me3,
CL:0002553 Histone ChIP-seq H3K4me2,.,Histone ChIP-seq,CL:0002553,fibroblast of lung,primary_cell,"adult,child",encode,single,False,OutputType.CHIP_HISTONE,,H3K4me2,
CL:0002553 Histone ChIP-seq H3K4me3,.,Histone ChIP-seq,CL:0002553,fibroblast of lung,primary_cell,adult,encode,single,False,OutputType.CHIP_HISTONE,,H3K4me3,
CL:0002553 Histone ChIP-seq H3K79me2,.,Histone ChIP-seq,CL:0002553,fibroblast of lung,primary_cell,"adult,child",encode,single,False,OutputType.CHIP_HISTONE,,H3K79me2,
CL:0002553 Histone ChIP-seq H3K9ac,.,Histone ChIP-seq,CL:0002553,fibroblast of lung,primary_cell,"child,adult",encode,single,False,OutputType.CHIP_HISTONE,,H3K9ac,
CL:0002555 Histone ChIP-seq H3K4me3,.,Histone ChIP-seq,CL:0002555,fibroblast of mammary gland,primary_cell,unknown,encode,single,False,OutputType.CHIP_HISTONE,,H3K4me3,
CL:0002557 Histone ChIP-seq H3K4me3,.,Histone ChIP-seq,CL:0002557,fibroblast of pulmonary artery,primary_cell,unknown,encode,single,False,OutputType.CHIP_HISTONE,,H3K4me3,
CL:0002558 Histone ChIP-seq H3K4me3,.,Histone ChIP-seq,CL:0002558,fibroblast of villous mesenchyme,primary_cell,unknown,encode,single,False,OutputType.CHIP_HISTONE,,H3K4me3,
CL:0002586 Histone ChIP-seq H3K4me3,.,Histone ChIP-seq,CL:0002586,retinal pigment epithelial cell,primary_cell,unknown,encode,single,False,OutputType.CHIP_HISTONE,,H3K4me3,
CL:0002603 Histone ChIP-seq H3K4me3,.,Histone ChIP-seq,CL:0002603,astrocyte of the cerebellum,primary_cell,unknown,encode,single,False,OutputType.CHIP_HISTONE,,H3K4me3,
CL:0002606 Histone ChIP-seq H3K4me3,.,Histone ChIP-seq,CL:0002606,astrocyte of the spinal cord,primary_cell,unknown,encode,single,False,OutputType.CHIP_HISTONE,,H3K4me3,
CL:0002618 Histone ChIP-seq H2AFZ,.,Histone ChIP-seq,CL:0002618,endothelial cell of umbilical vein,primary_cell,newborn,encode,single,False,OutputType.CHIP_HISTONE,,H2AFZ,
CL:0002618 Histone ChIP-seq H3K27ac,.,Histone ChIP-seq,CL:0002618,endothelial cell of umbilical vein,primary_cell,newborn,encode,single,False,OutputType.CHIP_HISTONE,,H3K27ac,
CL:0002618 Histone ChIP-seq H3K27me3,.,Histone ChIP-seq,CL:0002618,endothelial cell of umbilical vein,primary_cell,newborn,encode,single,False,OutputType.CHIP_HISTONE,,H3K27me3,
CL:0002618 Histone ChIP-seq H3K36me3,.,Histone ChIP-seq,CL:0002618,endothelial cell of umbilical vein,primary_cell,newborn,encode,single,False,OutputType.CHIP_HISTONE,,H3K36me3,
CL:0002618 Histone ChIP-seq H3K4me1,.,Histone ChIP-seq,CL:0002618,endothelial cell of umbilical vein,primary_cell,newborn,encode,single,False,OutputType.CHIP_HISTONE,,H3K4me1,
CL:0002618 Histone ChIP-seq H3K4me2,.,Histone ChIP-seq,CL:0002618,endothelial cell of umbilical vein,primary_cell,newborn,encode,single,False,OutputType.CHIP_HISTONE,,H3K4me2,
CL:0002618 Histone ChIP-seq H3K4me3,.,Histone ChIP-seq,CL:0002618,endothelial cell of umbilical vein,primary_cell,newborn,encode,single,False,OutputType.CHIP_HISTONE,,H3K4me3,
CL:0002618 Histone ChIP-seq H3K79me2,.,Histone ChIP-seq,CL:0002618,endothelial cell of umbilical vein,primary_cell,newborn,encode,single,False,OutputType.CHIP_HISTONE,,H3K79me2,
CL:0002618 Histone ChIP-seq H3K9ac,.,Histone ChIP-seq,CL:0002618,endothelial cell of umbilical vein,primary_cell,newborn,encode,single,False,OutputType.CHIP_HISTONE,,H3K9ac,
CL:0011020 Histone ChIP-seq H2AFZ,.,Histone ChIP-seq,CL:0011020,neural progenitor cell,in_vitro_differentiated_cells,embryonic,encode,single,False,OutputType.CHIP_HISTONE,,H2AFZ,
CL:0011020 Histone ChIP-seq H3F3A,.,Histone ChIP-seq,CL:0011020,neural progenitor cell,in_vitro_differentiated_cells,embryonic,encode,single,False,OutputType.CHIP_HISTONE,,H3F3A,
CL:0011020 Histone ChIP-seq H3K27ac,.,Histone ChIP-seq,CL:0011020,neural progenitor cell,in_vitro_differentiated_cells,embryonic,encode,single,False,OutputType.CHIP_HISTONE,,H3K27ac,
CL:0011020 Histone ChIP-seq H3K27me3,.,Histone ChIP-seq,CL:0011020,neural progenitor cell,in_vitro_differentiated_cells,embryonic,encode,single,False,OutputType.CHIP_HISTONE,,H3K27me3,
CL:0011020 Histone ChIP-seq H3K4me1,.,Histone ChIP-seq,CL:0011020,neural progenitor cell,in_vitro_differentiated_cells,embryonic,encode,single,False,OutputType.CHIP_HISTONE,,H3K4me1,
CL:0011020 Histone ChIP-seq H3K4me2,.,Histone ChIP-seq,CL:0011020,neural progenitor cell,in_vitro_differentiated_cells,embryonic,encode,single,False,OutputType.CHIP_HISTONE,,H3K4me2,
CL:0011020 Histone ChIP-seq H3K4me3,.,Histone ChIP-seq,CL:0011020,neural progenitor cell,in_vitro_differentiated_cells,embryonic,encode,single,False,OutputType.CHIP_HISTONE,,H3K4me3,
CL:0011020 Histone ChIP-seq H3K79me2,.,Histone ChIP-seq,CL:0011020,neural progenitor cell,in_vitro_differentiated_cells,embryonic,encode,single,False,OutputType.CHIP_HISTONE,,H3K79me2,
CL:0011020 Histone ChIP-seq H4K20me1,.,Histone ChIP-seq,CL:0011020,neural progenitor cell,in_vitro_differentiated_cells,embryonic,encode,single,False,OutputType.CHIP_HISTONE,,H4K20me1,
CL:1001606 Histone ChIP-seq H3K27ac,.,Histone ChIP-seq,CL:1001606,foreskin keratinocyte,primary_cell,newborn,encode,paired,False,OutputType.CHIP_HISTONE,,H3K27ac,
CL:1001606 Histone ChIP-seq H3K27me3,.,Histone ChIP-seq,CL:1001606,foreskin keratinocyte,primary_cell,newborn,encode,paired,False,OutputType.CHIP_HISTONE,,H3K27me3,
CL:1001606 Histone ChIP-seq H3K36me3,.,Histone ChIP-seq,CL:1001606,foreskin keratinocyte,primary_cell,newborn,encode,paired,False,OutputType.CHIP_HISTONE,,H3K36me3,
CL:1001606 Histone ChIP-seq H3K4me1,.,Histone ChIP-seq,CL:1001606,foreskin keratinocyte,primary_cell,newborn,encode,paired,False,OutputType.CHIP_HISTONE,,H3K4me1,
CL:1001606 Histone ChIP-seq H3K4me3,.,Histone ChIP-seq,CL:1001606,foreskin keratinocyte,primary_cell,newborn,encode,paired,False,OutputType.CHIP_HISTONE,,H3K4me3,
CL:1001606 Histone ChIP-seq H3K9ac,.,Histone ChIP-seq,CL:1001606,foreskin keratinocyte,primary_cell,newborn,encode,single,False,OutputType.CHIP_HISTONE,,H3K9ac,
CL:1001606 Histone ChIP-seq H3K9me3,.,Histone ChIP-seq,CL:1001606,foreskin keratinocyte,primary_cell,newborn,encode,paired,False,OutputType.CHIP_HISTONE,,H3K9me3,
CL:1001608 Histone ChIP-seq H3K27ac,.,Histone ChIP-seq,CL:1001608,foreskin fibroblast,primary_cell,newborn,encode,single,False,OutputType.CHIP_HISTONE,,H3K27ac,
CL:1001608 Histone ChIP-seq H3K27me3,.,Histone ChIP-seq,CL:1001608,foreskin fibroblast,primary_cell,newborn,encode,single,False,OutputType.CHIP_HISTONE,,H3K27me3,
CL:1001608 Histone ChIP-seq H3K36me3,.,Histone ChIP-seq,CL:1001608,foreskin fibroblast,primary_cell,newborn,encode,single,False,OutputType.CHIP_HISTONE,,H3K36me3,
CL:1001608 Histone ChIP-seq H3K4me1,.,Histone ChIP-seq,CL:1001608,foreskin fibroblast,primary_cell,newborn,encode,single,False,OutputType.CHIP_HISTONE,,H3K4me1,
CL:1001608 Histone ChIP-seq H3K4me3,.,Histone ChIP-seq,CL:1001608,foreskin fibroblast,primary_cell,newborn,encode,paired,False,OutputType.CHIP_HISTONE,,H3K4me3,
CL:1001608 Histone ChIP-seq H3K9me3,.,Histone ChIP-seq,CL:1001608,foreskin fibroblast,primary_cell,newborn,encode,single,False,OutputType.CHIP_HISTONE,,H3K9me3,
CL:2000001 Histone ChIP-seq H3K27ac,.,Histone ChIP-seq,CL:2000001,peripheral blood mononuclear cell,primary_cell,adult,encode,single,False,OutputType.CHIP_HISTONE,,H3K27ac,
CL:2000001 Histone ChIP-seq H3K27me3,.,Histone ChIP-seq,CL:2000001,peripheral blood mononuclear cell,primary_cell,adult,encode,single,False,OutputType.CHIP_HISTONE,,H3K27me3,
CL:2000001 Histone ChIP-seq H3K36me3,.,Histone ChIP-seq,CL:2000001,peripheral blood mononuclear cell,primary_cell,adult,encode,single,False,OutputType.CHIP_HISTONE,,H3K36me3,
CL:2000001 Histone ChIP-seq H3K4me1,.,Histone ChIP-seq,CL:2000001,peripheral blood mononuclear cell,primary_cell,adult,encode,single,False,OutputType.CHIP_HISTONE,,H3K4me1,
CL:2000001 Histone ChIP-seq H3K4me3,.,Histone ChIP-seq,CL:2000001,peripheral blood mononuclear cell,primary_cell,adult,encode,single,False,OutputType.CHIP_HISTONE,,H3K4me3,
CL:2000001 Histone ChIP-seq H3K9ac,.,Histone ChIP-seq,CL:2000001,peripheral blood mononuclear cell,primary_cell,adult,encode,single,False,OutputType.CHIP_HISTONE,,H3K9ac,
CL:2000001 Histone ChIP-seq H3K9me3,.,Histone ChIP-seq,CL:2000001,peripheral blood mononuclear cell,primary_cell,adult,encode,single,False,OutputType.CHIP_HISTONE,,H3K9me3,
CL:2000044 Histone ChIP-seq H3K27ac,.,Histone ChIP-seq,CL:2000044,brain microvascular endothelial cell,primary_cell,unknown,encode,paired,False,OutputType.CHIP_HISTONE,,H3K27ac,
CL:2000044 Histone ChIP-seq H3K36me3,.,Histone ChIP-seq,CL:2000044,brain microvascular endothelial cell,primary_cell,unknown,encode,paired,False,OutputType.CHIP_HISTONE,,H3K36me3,
CL:2000044 Histone ChIP-seq H3K4me3,.,Histone ChIP-seq,CL:2000044,brain microvascular endothelial cell,primary_cell,unknown,encode,single,False,OutputType.CHIP_HISTONE,,H3K4me3,
CL:2000045 Histone ChIP-seq H3K27ac,.,Histone ChIP-seq,CL:2000045,foreskin melanocyte,primary_cell,newborn,encode,paired,False,OutputType.CHIP_HISTONE,,H3K27ac,
CL:2000045 Histone ChIP-seq H3K27me3,.,Histone ChIP-seq,CL:2000045,foreskin melanocyte,primary_cell,newborn,encode,paired,False,OutputType.CHIP_HISTONE,,H3K27me3,
CL:2000045 Histone ChIP-seq H3K36me3,.,Histone ChIP-seq,CL:2000045,foreskin melanocyte,primary_cell,newborn,encode,paired,False,OutputType.CHIP_HISTONE,,H3K36me3,
CL:2000045 Histone ChIP-seq H3K4me1,.,Histone ChIP-seq,CL:2000045,foreskin melanocyte,primary_cell,newborn,encode,paired,False,OutputType.CHIP_HISTONE,,H3K4me1,
CL:2000045 Histone ChIP-seq H3K4me3,.,Histone ChIP-seq,CL:2000045,foreskin melanocyte,primary_cell,newborn,encode,paired,False,OutputType.CHIP_HISTONE,,H3K4me3,
CL:2000045 Histone ChIP-seq H3K9ac,.,Histone ChIP-seq,CL:2000045,foreskin melanocyte,primary_cell,newborn,encode,single,False,OutputType.CHIP_HISTONE,,H3K9ac,
CL:2000045 Histone ChIP-seq H3K9me3,.,Histone ChIP-seq,CL:2000045,foreskin melanocyte,primary_cell,newborn,encode,paired,False,OutputType.CHIP_HISTONE,,H3K9me3,
CLO:0007045 Histone ChIP-seq H3K4me3,.,Histone ChIP-seq,CLO:0007045,"Jurkat, Clone E6-1",cell_line,child,encode,single,False,OutputType.CHIP_HISTONE,,H3K4me3,
CLO:0021511 Histone ChIP-seq H3K4me3,.,Histone ChIP-seq,CLO:0021511,AG10803,cell_line,adult,encode,single,False,OutputType.CHIP_HISTONE,,H3K4me3,
CLO:0021752 Histone ChIP-seq H3K4me3,.,Histone ChIP-seq,CLO:0021752,AG09309,cell_line,adult,encode,single,False,OutputType.CHIP_HISTONE,,H3K4me3,
CLO:0021754 Histone ChIP-seq H3K4me3,.,Histone ChIP-seq,CLO:0021754,AG09319,cell_line,adult,encode,single,False,OutputType.CHIP_HISTONE,,H3K4me3,
CLO:0034837 Histone ChIP-seq H3K4me3,.,Histone ChIP-seq,CLO:0034837,AG04449,cell_line,embryonic,encode,single,False,OutputType.CHIP_HISTONE,,H3K4me3,
EFO:0001086 Histone ChIP-seq H3K27ac,.,Histone ChIP-seq,EFO:0001086,A549,cell_line,adult,encode,single,False,OutputType.CHIP_HISTONE,,H3K27ac,
EFO:0001086 Histone ChIP-seq H3K4me1,.,Histone ChIP-seq,EFO:0001086,A549,cell_line,adult,encode,single,False,OutputType.CHIP_HISTONE,,H3K4me1,
EFO:0001086 Histone ChIP-seq H3K4me2,.,Histone ChIP-seq,EFO:0001086,A549,cell_line,adult,encode,single,False,OutputType.CHIP_HISTONE,,H3K4me2,
EFO:0001086 Histone ChIP-seq H3K4me3,.,Histone ChIP-seq,EFO:0001086,A549,cell_line,adult,encode,single,False,OutputType.CHIP_HISTONE,,H3K4me3,
EFO:0001099 Histone ChIP-seq H3K4me1,.,Histone ChIP-seq,EFO:0001099,Caco-2,cell_line,adult,encode,paired,False,OutputType.CHIP_HISTONE,,H3K4me1,
EFO:0001099 Histone ChIP-seq H3K4me3,.,Histone ChIP-seq,EFO:0001099,Caco-2,cell_line,adult,encode,single,False,OutputType.CHIP_HISTONE,,H3K4me3,
EFO:0001162 Histone ChIP-seq H3K4me3,.,Histone ChIP-seq,EFO:0001162,GM12875,cell_line,unknown,encode,single,False,OutputType.CHIP_HISTONE,,H3K4me3,
EFO:0001182 Histone ChIP-seq H3K36me3,.,Histone ChIP-seq,EFO:0001182,HEK293,cell_line,embryonic,encode,single,False,OutputType.CHIP_HISTONE,,H3K36me3,
EFO:0001182 Histone ChIP-seq H3K4me1,.,Histone ChIP-seq,EFO:0001182,HEK293,cell_line,embryonic,encode,single,False,OutputType.CHIP_HISTONE,,H3K4me1,
EFO:0001182 Histone ChIP-seq H3K4me3,.,Histone ChIP-seq,EFO:0001182,HEK293,cell_line,embryonic,encode,single,False,OutputType.CHIP_HISTONE,,H3K4me3,
EFO:0001187 Histone ChIP-seq H3K27ac,.,Histone ChIP-seq,EFO:0001187,HepG2,cell_line,child,encode,single,False,OutputType.CHIP_HISTONE,,H3K27ac,
EFO:0001187 Histone ChIP-seq H3K27me3,.,Histone ChIP-seq,EFO:0001187,HepG2,cell_line,child,encode,single,False,OutputType.CHIP_HISTONE,,H3K27me3,
EFO:0001187 Histone ChIP-seq H3K36me3,.,Histone ChIP-seq,EFO:0001187,HepG2,cell_line,child,encode,single,False,OutputType.CHIP_HISTONE,,H3K36me3,
EFO:0001187 Histone ChIP-seq H3K4me1,.,Histone ChIP-seq,EFO:0001187,HepG2,cell_line,child,encode,single,False,OutputType.CHIP_HISTONE,,H3K4me1,
EFO:0001187 Histone ChIP-seq H3K4me2,.,Histone ChIP-seq,EFO:0001187,HepG2,cell_line,child,encode,single,False,OutputType.CHIP_HISTONE,,H3K4me2,
EFO:0001187 Histone ChIP-seq H3K4me3,.,Histone ChIP-seq,EFO:0001187,HepG2,cell_line,child,encode,single,False,OutputType.CHIP_HISTONE,,H3K4me3,
EFO:0001187 Histone ChIP-seq H3K79me2,.,Histone ChIP-seq,EFO:0001187,HepG2,cell_line,child,encode,single,False,OutputType.CHIP_HISTONE,,H3K79me2,
EFO:0001187 Histone ChIP-seq H3K9ac,.,Histone ChIP-seq,EFO:0001187,HepG2,cell_line,child,encode,single,False,OutputType.CHIP_HISTONE,,H3K9ac,
EFO:0001187 Histone ChIP-seq H3K9me3,.,Histone ChIP-seq,EFO:0001187,HepG2,cell_line,child,encode,single,False,OutputType.CHIP_HISTONE,,H3K9me3,
EFO:0001187 Histone ChIP-seq H4K20me1,.,Histone ChIP-seq,EFO:0001187,HepG2,cell_line,child,encode,single,False,OutputType.CHIP_HISTONE,,H4K20me1,
EFO:0001196 Histone ChIP-seq H2AFZ,.,Histone ChIP-seq,EFO:0001196,IMR-90,cell_line,embryonic,encode,single,False,OutputType.CHIP_HISTONE,,H2AFZ,
EFO:0001196 Histone ChIP-seq H2AK5ac,.,Histone ChIP-seq,EFO:0001196,IMR-90,cell_line,embryonic,encode,single,False,OutputType.CHIP_HISTONE,,H2AK5ac,
EFO:0001196 Histone ChIP-seq H2BK120ac,.,Histone ChIP-seq,EFO:0001196,IMR-90,cell_line,embryonic,encode,single,False,OutputType.CHIP_HISTONE,,H2BK120ac,
EFO:0001196 Histone ChIP-seq H2BK12ac,.,Histone ChIP-seq,EFO:0001196,IMR-90,cell_line,embryonic,encode,single,False,OutputType.CHIP_HISTONE,,H2BK12ac,
EFO:0001196 Histone ChIP-seq H2BK15ac,.,Histone ChIP-seq,EFO:0001196,IMR-90,cell_line,embryonic,encode,single,False,OutputType.CHIP_HISTONE,,H2BK15ac,
EFO:0001196 Histone ChIP-seq H2BK20ac,.,Histone ChIP-seq,EFO:0001196,IMR-90,cell_line,embryonic,encode,single,False,OutputType.CHIP_HISTONE,,H2BK20ac,
EFO:0001196 Histone ChIP-seq H2BK5ac,.,Histone ChIP-seq,EFO:0001196,IMR-90,cell_line,embryonic,encode,single,False,OutputType.CHIP_HISTONE,,H2BK5ac,
EFO:0001196 Histone ChIP-seq H3K14ac,.,Histone ChIP-seq,EFO:0001196,IMR-90,cell_line,embryonic,encode,single,False,OutputType.CHIP_HISTONE,,H3K14ac,
EFO:0001196 Histone ChIP-seq H3K18ac,.,Histone ChIP-seq,EFO:0001196,IMR-90,cell_line,embryonic,encode,single,False,OutputType.CHIP_HISTONE,,H3K18ac,
EFO:0001196 Histone ChIP-seq H3K23ac,.,Histone ChIP-seq,EFO:0001196,IMR-90,cell_line,embryonic,encode,single,False,OutputType.CHIP_HISTONE,,H3K23ac,
EFO:0001196 Histone ChIP-seq H3K27ac,.,Histone ChIP-seq,EFO:0001196,IMR-90,cell_line,embryonic,encode,single,False,OutputType.CHIP_HISTONE,,H3K27ac,
EFO:0001196 Histone ChIP-seq H3K27me3,.,Histone ChIP-seq,EFO:0001196,IMR-90,cell_line,embryonic,encode,single,False,OutputType.CHIP_HISTONE,,H3K27me3,
EFO:0001196 Histone ChIP-seq H3K36me3,.,Histone ChIP-seq,EFO:0001196,IMR-90,cell_line,embryonic,encode,single,False,OutputType.CHIP_HISTONE,,H3K36me3,
EFO:0001196 Histone ChIP-seq H3K4ac,.,Histone ChIP-seq,EFO:0001196,IMR-90,cell_line,embryonic,encode,single,False,OutputType.CHIP_HISTONE,,H3K4ac,
EFO:0001196 Histone ChIP-seq H3K4me1,.,Histone ChIP-seq,EFO:0001196,IMR-90,cell_line,embryonic,encode,single,False,OutputType.CHIP_HISTONE,,H3K4me1,
EFO:0001196 Histone ChIP-seq H3K4me2,.,Histone ChIP-seq,EFO:0001196,IMR-90,cell_line,embryonic,encode,single,False,OutputType.CHIP_HISTONE,,H3K4me2,
EFO:0001196 Histone ChIP-seq H3K4me3,.,Histone ChIP-seq,EFO:0001196,IMR-90,cell_line,embryonic,encode,single,False,OutputType.CHIP_HISTONE,,H3K4me3,
EFO:0001196 Histone ChIP-seq H3K79me1,.,Histone ChIP-seq,EFO:0001196,IMR-90,cell_line,embryonic,encode,single,False,OutputType.CHIP_HISTONE,,H3K79me1,
EFO:0001196 Histone ChIP-seq H3K79me2,.,Histone ChIP-seq,EFO:0001196,IMR-90,cell_line,embryonic,encode,single,False,OutputType.CHIP_HISTONE,,H3K79me2,
EFO:0001196 Histone ChIP-seq H3K9ac,.,Histone ChIP-seq,EFO:0001196,IMR-90,cell_line,embryonic,encode,single,False,OutputType.CHIP_HISTONE,,H3K9ac,
EFO:0001196 Histone ChIP-seq H3K9me1,.,Histone ChIP-seq,EFO:0001196,IMR-90,cell_line,embryonic,encode,single,False,OutputType.CHIP_HISTONE,,H3K9me1,
EFO:0001196 Histone ChIP-seq H3K9me3,.,Histone ChIP-seq,EFO:0001196,IMR-90,cell_line,embryonic,encode,single,False,OutputType.CHIP_HISTONE,,H3K9me3,
EFO:0001196 Histone ChIP-seq H4K20me1,.,Histone ChIP-seq,EFO:0001196,IMR-90,cell_line,embryonic,encode,single,False,OutputType.CHIP_HISTONE,,H4K20me1,
EFO:0001196 Histone ChIP-seq H4K5ac,.,Histone ChIP-seq,EFO:0001196,IMR-90,cell_line,embryonic,encode,single,False,OutputType.CHIP_HISTONE,,H4K5ac,
EFO:0001196 Histone ChIP-seq H4K8ac,.,Histone ChIP-seq,EFO:0001196,IMR-90,cell_line,embryonic,encode,single,False,OutputType.CHIP_HISTONE,,H4K8ac,
EFO:0001196 Histone ChIP-seq H4K91ac,.,Histone ChIP-seq,EFO:0001196,IMR-90,cell_line,embryonic,encode,single,False,OutputType.CHIP_HISTONE,,H4K91ac,
EFO:0001203 Histone ChIP-seq H2AFZ,.,Histone ChIP-seq,EFO:0001203,MCF-7,cell_line,adult,encode,single,False,OutputType.CHIP_HISTONE,,H2AFZ,
EFO:0001203 Histone ChIP-seq H3K27ac,.,Histone ChIP-seq,EFO:0001203,MCF-7,cell_line,adult,encode,single,False,OutputType.CHIP_HISTONE,,H3K27ac,
EFO:0001203 Histone ChIP-seq H3K36me3,.,Histone ChIP-seq,EFO:0001203,MCF-7,cell_line,adult,encode,single,False,OutputType.CHIP_HISTONE,,H3K36me3,
EFO:0001203 Histone ChIP-seq H3K4me1,.,Histone ChIP-seq,EFO:0001203,MCF-7,cell_line,adult,encode,single,False,OutputType.CHIP_HISTONE,,H3K4me1,
EFO:0001203 Histone ChIP-seq H3K4me2,.,Histone ChIP-seq,EFO:0001203,MCF-7,cell_line,adult,encode,single,False,OutputType.CHIP_HISTONE,,H3K4me2,
EFO:0001203 Histone ChIP-seq H3K4me3,.,Histone ChIP-seq,EFO:0001203,MCF-7,cell_line,adult,encode,single,False,OutputType.CHIP_HISTONE,,H3K4me3,
EFO:0001203 Histone ChIP-seq H3K79me2,.,Histone ChIP-seq,EFO:0001203,MCF-7,cell_line,adult,encode,single,False,OutputType.CHIP_HISTONE,,H3K79me2,
EFO:0001203 Histone ChIP-seq H3K9ac,.,Histone ChIP-seq,EFO:0001203,MCF-7,cell_line,adult,encode,single,False,OutputType.CHIP_HISTONE,,H3K9ac,
EFO:0001221 Histone ChIP-seq H2AFZ,.,Histone ChIP-seq,EFO:0001221,NCI-H929,cell_line,adult,encode,paired,False,OutputType.CHIP_HISTONE,,H2AFZ,
EFO:0001221 Histone ChIP-seq H3K27ac,.,Histone ChIP-seq,EFO:0001221,NCI-H929,cell_line,adult,encode,paired,False,OutputType.CHIP_HISTONE,,H3K27ac,
EFO:0001221 Histone ChIP-seq H3K36me3,.,Histone ChIP-seq,EFO:0001221,NCI-H929,cell_line,adult,encode,paired,False,OutputType.CHIP_HISTONE,,H3K36me3,
EFO:0001221 Histone ChIP-seq H3K4me1,.,Histone ChIP-seq,EFO:0001221,NCI-H929,cell_line,adult,encode,paired,False,OutputType.CHIP_HISTONE,,H3K4me1,
EFO:0001221 Histone ChIP-seq H3K4me2,.,Histone ChIP-seq,EFO:0001221,NCI-H929,cell_line,adult,encode,paired,False,OutputType.CHIP_HISTONE,,H3K4me2,
EFO:0001221 Histone ChIP-seq H3K4me3,.,Histone ChIP-seq,EFO:0001221,NCI-H929,cell_line,adult,encode,single,False,OutputType.CHIP_HISTONE,,H3K4me3,
EFO:0001221 Histone ChIP-seq H3K79me2,.,Histone ChIP-seq,EFO:0001221,NCI-H929,cell_line,adult,encode,single,False,OutputType.CHIP_HISTONE,,H3K79me2,
EFO:0001221 Histone ChIP-seq H3K9ac,.,Histone ChIP-seq,EFO:0001221,NCI-H929,cell_line,adult,encode,single,False,OutputType.CHIP_HISTONE,,H3K9ac,
EFO:0001260 Histone ChIP-seq H3K4me3,.,Histone ChIP-seq,EFO:0001260,WI38,cell_line,unknown,encode,single,False,OutputType.CHIP_HISTONE,,H3K4me3,
EFO:0002067 Histone ChIP-seq H2AFZ,.,Histone ChIP-seq,EFO:0002067,K562,cell_line,adult,encode,single,False,OutputType.CHIP_HISTONE,,H2AFZ,
EFO:0002067 Histone ChIP-seq H3K27ac,.,Histone ChIP-seq,EFO:0002067,K562,cell_line,adult,encode,single,False,OutputType.CHIP_HISTONE,,H3K27ac,
EFO:0002067 Histone ChIP-seq H3K27me3,.,Histone ChIP-seq,EFO:0002067,K562,cell_line,adult,encode,single,False,OutputType.CHIP_HISTONE,,H3K27me3,
EFO:0002067 Histone ChIP-seq H3K36me3,.,Histone ChIP-seq,EFO:0002067,K562,cell_line,adult,encode,single,False,OutputType.CHIP_HISTONE,,H3K36me3,
EFO:0002067 Histone ChIP-seq H3K4me1,.,Histone ChIP-seq,EFO:0002067,K562,cell_line,adult,encode,single,False,OutputType.CHIP_HISTONE,,H3K4me1,
EFO:0002067 Histone ChIP-seq H3K4me2,.,Histone ChIP-seq,EFO:0002067,K562,cell_line,adult,encode,single,False,OutputType.CHIP_HISTONE,,H3K4me2,
EFO:0002067 Histone ChIP-seq H3K4me3,.,Histone ChIP-seq,EFO:0002067,K562,cell_line,adult,encode,single,False,OutputType.CHIP_HISTONE,,H3K4me3,
EFO:0002067 Histone ChIP-seq H3K79me2,.,Histone ChIP-seq,EFO:0002067,K562,cell_line,adult,encode,single,False,OutputType.CHIP_HISTONE,,H3K79me2,
EFO:0002067 Histone ChIP-seq H3K9ac,.,Histone ChIP-seq,EFO:0002067,K562,cell_line,adult,encode,single,False,OutputType.CHIP_HISTONE,,H3K9ac,
EFO:0002067 Histone ChIP-seq H4K20me1,.,Histone ChIP-seq,EFO:0002067,K562,cell_line,adult,encode,single,False,OutputType.CHIP_HISTONE,,H4K20me1,
EFO:0002074 Histone ChIP-seq H2AFZ,.,Histone ChIP-seq,EFO:0002074,PC-3,cell_line,adult,encode,single,False,OutputType.CHIP_HISTONE,,H2AFZ,
EFO:0002074 Histone ChIP-seq H3K27ac,.,Histone ChIP-seq,EFO:0002074,PC-3,cell_line,adult,encode,single,False,OutputType.CHIP_HISTONE,,H3K27ac,
EFO:0002074 Histone ChIP-seq H3K27me3,.,Histone ChIP-seq,EFO:0002074,PC-3,cell_line,adult,encode,single,False,OutputType.CHIP_HISTONE,,H3K27me3,
EFO:0002074 Histone ChIP-seq H3K36me3,.,Histone ChIP-seq,EFO:0002074,PC-3,cell_line,adult,encode,single,False,OutputType.CHIP_HISTONE,,H3K36me3,
EFO:0002074 Histone ChIP-seq H3K4me1,.,Histone ChIP-seq,EFO:0002074,PC-3,cell_line,adult,encode,single,False,OutputType.CHIP_HISTONE,,H3K4me1,
EFO:0002074 Histone ChIP-seq H3K4me2,.,Histone ChIP-seq,EFO:0002074,PC-3,cell_line,adult,encode,single,False,OutputType.CHIP_HISTONE,,H3K4me2,
EFO:0002074 Histone ChIP-seq H3K4me3,.,Histone ChIP-seq,EFO:0002074,PC-3,cell_line,adult,encode,single,False,OutputType.CHIP_HISTONE,,H3K4me3,
EFO:0002074 Histone ChIP-seq H3K79me2,.,Histone ChIP-seq,EFO:0002074,PC-3,cell_line,adult,encode,single,False,OutputType.CHIP_HISTONE,,H3K79me2,
EFO:0002074 Histone ChIP-seq H3K9ac,.,Histone ChIP-seq,EFO:0002074,PC-3,cell_line,adult,encode,single,False,OutputType.CHIP_HISTONE,,H3K9ac,
EFO:0002095 Histone ChIP-seq H3K27ac,.,Histone ChIP-seq,EFO:0002095,22Rv1,cell_line,unknown,encode,paired,False,OutputType.CHIP_HISTONE,,H3K27ac,
EFO:0002106 Histone ChIP-seq H3K27ac,.,Histone ChIP-seq,EFO:0002106,A673,cell_line,child,encode,single,False,OutputType.CHIP_HISTONE,,H3K27ac,
EFO:0002106 Histone ChIP-seq H3K4me1,.,Histone ChIP-seq,EFO:0002106,A673,cell_line,child,encode,single,False,OutputType.CHIP_HISTONE,,H3K4me1,
EFO:0002106 Histone ChIP-seq H3K4me3,.,Histone ChIP-seq,EFO:0002106,A673,cell_line,child,encode,single,False,OutputType.CHIP_HISTONE,,H3K4me3,
EFO:0002167 Histone ChIP-seq H2AFZ,.,Histone ChIP-seq,EFO:0002167,DOHH2,cell_line,adult,encode,single,False,OutputType.CHIP_HISTONE,,H2AFZ,
EFO:0002167 Histone ChIP-seq H3F3A,.,Histone ChIP-seq,EFO:0002167,DOHH2,cell_line,adult,encode,single,False,OutputType.CHIP_HISTONE,,H3F3A,
EFO:0002167 Histone ChIP-seq H3K27ac,.,Histone ChIP-seq,EFO:0002167,DOHH2,cell_line,adult,encode,single,False,OutputType.CHIP_HISTONE,,H3K27ac,
EFO:0002167 Histone ChIP-seq H3K27me3,.,Histone ChIP-seq,EFO:0002167,DOHH2,cell_line,adult,encode,single,False,OutputType.CHIP_HISTONE,,H3K27me3,
EFO:0002167 Histone ChIP-seq H3K36me3,.,Histone ChIP-seq,EFO:0002167,DOHH2,cell_line,adult,encode,single,False,OutputType.CHIP_HISTONE,,H3K36me3,
EFO:0002167 Histone ChIP-seq H3K4me1,.,Histone ChIP-seq,EFO:0002167,DOHH2,cell_line,adult,encode,single,False,OutputType.CHIP_HISTONE,,H3K4me1,
EFO:0002167 Histone ChIP-seq H3K4me2,.,Histone ChIP-seq,EFO:0002167,DOHH2,cell_line,adult,encode,single,False,OutputType.CHIP_HISTONE,,H3K4me2,
EFO:0002167 Histone ChIP-seq H3K4me3,.,Histone ChIP-seq,EFO:0002167,DOHH2,cell_line,adult,encode,single,False,OutputType.CHIP_HISTONE,,H3K4me3,
EFO:0002167 Histone ChIP-seq H3K79me2,.,Histone ChIP-seq,EFO:0002167,DOHH2,cell_line,adult,encode,single,False,OutputType.CHIP_HISTONE,,H3K79me2,
EFO:0002234 Histone ChIP-seq H3K36me3,.,Histone ChIP-seq,EFO:0002234,MG63,cell_line,child,encode,paired,False,OutputType.CHIP_HISTONE,,H3K36me3,
EFO:0002234 Histone ChIP-seq H3K4me3,.,Histone ChIP-seq,EFO:0002234,MG63,cell_line,child,encode,paired,False,OutputType.CHIP_HISTONE,,H3K4me3,
EFO:0002323 Histone ChIP-seq H3K27ac,.,Histone ChIP-seq,EFO:0002323,RWPE1,cell_line,adult,encode,paired,False,OutputType.CHIP_HISTONE,,H3K27ac,
EFO:0002330 Histone ChIP-seq H3K27ac,.,Histone ChIP-seq,EFO:0002330,SJSA1,cell_line,adult,encode,paired,False,OutputType.CHIP_HISTONE,,H3K27ac,
EFO:0002330 Histone ChIP-seq H3K36me3,.,Histone ChIP-seq,EFO:0002330,SJSA1,cell_line,adult,encode,paired,False,OutputType.CHIP_HISTONE,,H3K36me3,
EFO:0002330 Histone ChIP-seq H3K4me1,.,Histone ChIP-seq,EFO:0002330,SJSA1,cell_line,adult,encode,paired,False,OutputType.CHIP_HISTONE,,H3K4me1,
EFO:0002330 Histone ChIP-seq H3K4me3,.,Histone ChIP-seq,EFO:0002330,SJSA1,cell_line,adult,encode,paired,False,OutputType.CHIP_HISTONE,,H3K4me3,
EFO:0002357 Histone ChIP-seq H3F3A,.,Histone ChIP-seq,EFO:0002357,SU-DHL-6,cell_line,adult,encode,single,False,OutputType.CHIP_HISTONE,,H3F3A,
EFO:0002357 Histone ChIP-seq H3K27ac,.,Histone ChIP-seq,EFO:0002357,SU-DHL-6,cell_line,adult,encode,single,False,OutputType.CHIP_HISTONE,,H3K27ac,
EFO:0002357 Histone ChIP-seq H3K36me3,.,Histone ChIP-seq,EFO:0002357,SU-DHL-6,cell_line,adult,encode,single,False,OutputType.CHIP_HISTONE,,H3K36me3,
EFO:0002357 Histone ChIP-seq H3K4me2,.,Histone ChIP-seq,EFO:0002357,SU-DHL-6,cell_line,adult,encode,single,False,OutputType.CHIP_HISTONE,,H3K4me2,
EFO:0002357 Histone ChIP-seq H3K79me2,.,Histone ChIP-seq,EFO:0002357,SU-DHL-6,cell_line,adult,encode,single,False,OutputType.CHIP_HISTONE,,H3K79me2,
EFO:0002357 Histone ChIP-seq H3K9ac,.,Histone ChIP-seq,EFO:0002357,SU-DHL-6,cell_line,adult,encode,single,False,OutputType.CHIP_HISTONE,,H3K9ac,
EFO:0002713 Histone ChIP-seq H3K27ac,.,Histone ChIP-seq,EFO:0002713,Panc1,cell_line,adult,encode,single,False,OutputType.CHIP_HISTONE,,H3K27ac,
EFO:0002713 Histone ChIP-seq H3K36me3,.,Histone ChIP-seq,EFO:0002713,Panc1,cell_line,adult,encode,single,False,OutputType.CHIP_HISTONE,,H3K36me3,
EFO:0002713 Histone ChIP-seq H3K4me1,.,Histone ChIP-seq,EFO:0002713,Panc1,cell_line,adult,encode,single,False,OutputType.CHIP_HISTONE,,H3K4me1,
EFO:0002713 Histone ChIP-seq H3K4me3,.,Histone ChIP-seq,EFO:0002713,Panc1,cell_line,adult,encode,single,False,OutputType.CHIP_HISTONE,,H3K4me3,
EFO:0002779 Histone ChIP-seq H3K27me3,.,Histone ChIP-seq,EFO:0002779,BJ,cell_line,newborn,encode,single,False,OutputType.CHIP_HISTONE,,H3K27me3,
EFO:0002779 Histone ChIP-seq H3K36me3,.,Histone ChIP-seq,EFO:0002779,BJ,cell_line,newborn,encode,single,False,OutputType.CHIP_HISTONE,,H3K36me3,
EFO:0002779 Histone ChIP-seq H3K4me3,.,Histone ChIP-seq,EFO:0002779,BJ,cell_line,newborn,encode,single,False,OutputType.CHIP_HISTONE,,H3K4me3,
EFO:0002783 Histone ChIP-seq H3K36me3,.,Histone ChIP-seq,EFO:0002783,GM06990,cell_line,unknown,encode,single,False,OutputType.CHIP_HISTONE,,H3K36me3,
EFO:0002783 Histone ChIP-seq H3K4me3,.,Histone ChIP-seq,EFO:0002783,GM06990,cell_line,unknown,encode,single,False,OutputType.CHIP_HISTONE,,H3K4me3,
EFO:0002784 Histone ChIP-seq H2AFZ,.,Histone ChIP-seq,EFO:0002784,GM12878,cell_line,adult,encode,single,False,OutputType.CHIP_HISTONE,,H2AFZ,
EFO:0002784 Histone ChIP-seq H3K27ac,.,Histone ChIP-seq,EFO:0002784,GM12878,cell_line,adult,encode,single,False,OutputType.CHIP_HISTONE,,H3K27ac,
EFO:0002784 Histone ChIP-seq H3K36me3,.,Histone ChIP-seq,EFO:0002784,GM12878,cell_line,adult,encode,single,False,OutputType.CHIP_HISTONE,,H3K36me3,
EFO:0002784 Histone ChIP-seq H3K4me1,.,Histone ChIP-seq,EFO:0002784,GM12878,cell_line,adult,encode,single,False,OutputType.CHIP_HISTONE,,H3K4me1,
EFO:0002784 Histone ChIP-seq H3K4me2,.,Histone ChIP-seq,EFO:0002784,GM12878,cell_line,adult,encode,single,False,OutputType.CHIP_HISTONE,,H3K4me2,
EFO:0002784 Histone ChIP-seq H3K4me3,.,Histone ChIP-seq,EFO:0002784,GM12878,cell_line,adult,encode,single,False,OutputType.CHIP_HISTONE,,H3K4me3,
EFO:0002784 Histone ChIP-seq H3K79me2,.,Histone ChIP-seq,EFO:0002784,GM12878,cell_line,adult,encode,single,False,OutputType.CHIP_HISTONE,,H3K79me2,
EFO:0002784 Histone ChIP-seq H3K9ac,.,Histone ChIP-seq,EFO:0002784,GM12878,cell_line,adult,encode,single,False,OutputType.CHIP_HISTONE,,H3K9ac,
EFO:0002791 Histone ChIP-seq H2AFZ,.,Histone ChIP-seq,EFO:0002791,HeLa-S3,cell_line,adult,encode,single,False,OutputType.CHIP_HISTONE,,H2AFZ,
EFO:0002791 Histone ChIP-seq H3K27ac,.,Histone ChIP-seq,EFO:0002791,HeLa-S3,cell_line,adult,encode,single,False,OutputType.CHIP_HISTONE,,H3K27ac,
EFO:0002791 Histone ChIP-seq H3K27me3,.,Histone ChIP-seq,EFO:0002791,HeLa-S3,cell_line,adult,encode,single,False,OutputType.CHIP_HISTONE,,H3K27me3,
EFO:0002791 Histone ChIP-seq H3K36me3,.,Histone ChIP-seq,EFO:0002791,HeLa-S3,cell_line,adult,encode,single,False,OutputType.CHIP_HISTONE,,H3K36me3,
EFO:0002791 Histone ChIP-seq H3K4me1,.,Histone ChIP-seq,EFO:0002791,HeLa-S3,cell_line,adult,encode,single,False,OutputType.CHIP_HISTONE,,H3K4me1,
EFO:0002791 Histone ChIP-seq H3K4me2,.,Histone ChIP-seq,EFO:0002791,HeLa-S3,cell_line,adult,encode,single,False,OutputType.CHIP_HISTONE,,H3K4me2,
EFO:0002791 Histone ChIP-seq H3K4me3,.,Histone ChIP-seq,EFO:0002791,HeLa-S3,cell_line,adult,encode,single,False,OutputType.CHIP_HISTONE,,H3K4me3,
EFO:0002791 Histone ChIP-seq H3K79me2,.,Histone ChIP-seq,EFO:0002791,HeLa-S3,cell_line,adult,encode,single,False,OutputType.CHIP_HISTONE,,H3K79me2,
EFO:0002791 Histone ChIP-seq H3K9ac,.,Histone ChIP-seq,EFO:0002791,HeLa-S3,cell_line,adult,encode,single,False,OutputType.CHIP_HISTONE,,H3K9ac,
EFO:0002793 Histone ChIP-seq H3K27ac,.,Histone ChIP-seq,EFO:0002793,HL-60,cell_line,adult,encode,paired,False,OutputType.CHIP_HISTONE,,H3K27ac,
EFO:0002793 Histone ChIP-seq H3K4me3,.,Histone ChIP-seq,EFO:0002793,HL-60,cell_line,adult,encode,single,False,OutputType.CHIP_HISTONE,,H3K4me3,
EFO:0002798 Histone ChIP-seq H3K4me3,.,Histone ChIP-seq,EFO:0002798,NB4,cell_line,adult,encode,single,False,OutputType.CHIP_HISTONE,,H3K4me3,
EFO:0002824 Histone ChIP-seq H3K27ac,.,Histone ChIP-seq,EFO:0002824,HCT116,cell_line,adult,encode,single,False,OutputType.CHIP_HISTONE,,H3K27ac,
EFO:0002824 Histone ChIP-seq H3K27me3,.,Histone ChIP-seq,EFO:0002824,HCT116,cell_line,adult,encode,single,False,OutputType.CHIP_HISTONE,,H3K27me3,
EFO:0002824 Histone ChIP-seq H3K36me3,.,Histone ChIP-seq,EFO:0002824,HCT116,cell_line,adult,encode,single,False,OutputType.CHIP_HISTONE,,H3K36me3,
EFO:0002824 Histone ChIP-seq H3K4me1,.,Histone ChIP-seq,EFO:0002824,HCT116,cell_line,adult,encode,single,False,OutputType.CHIP_HISTONE,,H3K4me1,
EFO:0002824 Histone ChIP-seq H3K4me2,.,Histone ChIP-seq,EFO:0002824,HCT116,cell_line,adult,encode,single,False,OutputType.CHIP_HISTONE,,H3K4me2,
EFO:0002824 Histone ChIP-seq H3K4me3,.,Histone ChIP-seq,EFO:0002824,HCT116,cell_line,adult,encode,single,False,OutputType.CHIP_HISTONE,,H3K4me3,
EFO:0002824 Histone ChIP-seq H3K79me2,.,Histone ChIP-seq,EFO:0002824,HCT116,cell_line,adult,encode,single,False,OutputType.CHIP_HISTONE,,H3K79me2,
EFO:0002824 Histone ChIP-seq H3K9ac,.,Histone ChIP-seq,EFO:0002824,HCT116,cell_line,adult,encode,single,False,OutputType.CHIP_HISTONE,,H3K9ac,
EFO:0002847 Histone ChIP-seq H2AFZ,.,Histone ChIP-seq,EFO:0002847,PC-9,cell_line,unknown,encode,paired,False,OutputType.CHIP_HISTONE,,H2AFZ,
EFO:0002847 Histone ChIP-seq H3F3A,.,Histone ChIP-seq,EFO:0002847,PC-9,cell_line,unknown,encode,paired,False,OutputType.CHIP_HISTONE,,H3F3A,
EFO:0002847 Histone ChIP-seq H3K27ac,.,Histone ChIP-seq,EFO:0002847,PC-9,cell_line,unknown,encode,single,False,OutputType.CHIP_HISTONE,,H3K27ac,
EFO:0002847 Histone ChIP-seq H3K27me3,.,Histone ChIP-seq,EFO:0002847,PC-9,cell_line,unknown,encode,single,False,OutputType.CHIP_HISTONE,,H3K27me3,
EFO:0002847 Histone ChIP-seq H3K4me1,.,Histone ChIP-seq,EFO:0002847,PC-9,cell_line,unknown,encode,single,False,OutputType.CHIP_HISTONE,,H3K4me1,
EFO:0002847 Histone ChIP-seq H3K4me2,.,Histone ChIP-seq,EFO:0002847,PC-9,cell_line,unknown,encode,single,False,OutputType.CHIP_HISTONE,,H3K4me2,
EFO:0002847 Histone ChIP-seq H3K4me3,.,Histone ChIP-seq,EFO:0002847,PC-9,cell_line,unknown,encode,single,False,OutputType.CHIP_HISTONE,,H3K4me3,
EFO:0002847 Histone ChIP-seq H3K79me2,.,Histone ChIP-seq,EFO:0002847,PC-9,cell_line,unknown,encode,single,False,OutputType.CHIP_HISTONE,,H3K79me2,
EFO:0002847 Histone ChIP-seq H3K9ac,.,Histone ChIP-seq,EFO:0002847,PC-9,cell_line,unknown,encode,single,False,OutputType.CHIP_HISTONE,,H3K9ac,
EFO:0002847 Histone ChIP-seq H3K9me2,.,Histone ChIP-seq,EFO:0002847,PC-9,cell_line,unknown,encode,paired,False,OutputType.CHIP_HISTONE,,H3K9me2,
EFO:0002847 Histone ChIP-seq H3K9me3,.,Histone ChIP-seq,EFO:0002847,PC-9,cell_line,unknown,encode,paired,False,OutputType.CHIP_HISTONE,,H3K9me3,
EFO:0002847 Histone ChIP-seq H4K20me1,.,Histone ChIP-seq,EFO:0002847,PC-9,cell_line,unknown,encode,paired,False,OutputType.CHIP_HISTONE,,H4K20me1,
EFO:0002860 Histone ChIP-seq H3K27ac,.,Histone ChIP-seq,EFO:0002860,SK-N-MC,cell_line,child,encode,single,False,OutputType.CHIP_HISTONE,,H3K27ac,
EFO:0002860 Histone ChIP-seq H3K36me3,.,Histone ChIP-seq,EFO:0002860,SK-N-MC,cell_line,child,encode,single,False,OutputType.CHIP_HISTONE,,H3K36me3,
EFO:0002860 Histone ChIP-seq H3K4me1,.,Histone ChIP-seq,EFO:0002860,SK-N-MC,cell_line,child,encode,single,False,OutputType.CHIP_HISTONE,,H3K4me1,
EFO:0002860 Histone ChIP-seq H3K4me3,.,Histone ChIP-seq,EFO:0002860,SK-N-MC,cell_line,child,encode,single,False,OutputType.CHIP_HISTONE,,H3K4me3,
EFO:0002860 Histone ChIP-seq H3K9ac,.,Histone ChIP-seq,EFO:0002860,SK-N-MC,cell_line,child,encode,single,False,OutputType.CHIP_HISTONE,,H3K9ac,
EFO:0003042 Histone ChIP-seq H2AFZ,.,Histone ChIP-seq,EFO:0003042,H1,cell_line,embryonic,encode,single,False,OutputType.CHIP_HISTONE,,H2AFZ,
EFO:0003042 Histone ChIP-seq H2BK12ac,.,Histone ChIP-seq,EFO:0003042,H1,cell_line,embryonic,encode,single,False,OutputType.CHIP_HISTONE,,H2BK12ac,
EFO:0003042 Histone ChIP-seq H2BK5ac,.,Histone ChIP-seq,EFO:0003042,H1,cell_line,embryonic,encode,single,False,OutputType.CHIP_HISTONE,,H2BK5ac,
EFO:0003042 Histone ChIP-seq H3K27ac,.,Histone ChIP-seq,EFO:0003042,H1,cell_line,embryonic,encode,single,False,OutputType.CHIP_HISTONE,,H3K27ac,
EFO:0003042 Histone ChIP-seq H3K27me3,.,Histone ChIP-seq,EFO:0003042,H1,cell_line,embryonic,encode,single,False,OutputType.CHIP_HISTONE,,H3K27me3,
EFO:0003042 Histone ChIP-seq H3K36me3,.,Histone ChIP-seq,EFO:0003042,H1,cell_line,embryonic,encode,single,False,OutputType.CHIP_HISTONE,,H3K36me3,
EFO:0003042 Histone ChIP-seq H3K4me1,.,Histone ChIP-seq,EFO:0003042,H1,cell_line,embryonic,encode,single,False,OutputType.CHIP_HISTONE,,H3K4me1,
EFO:0003042 Histone ChIP-seq H3K4me2,.,Histone ChIP-seq,EFO:0003042,H1,cell_line,embryonic,encode,single,False,OutputType.CHIP_HISTONE,,H3K4me2,
EFO:0003042 Histone ChIP-seq H3K4me3,.,Histone ChIP-seq,EFO:0003042,H1,cell_line,embryonic,encode,single,False,OutputType.CHIP_HISTONE,,H3K4me3,
EFO:0003042 Histone ChIP-seq H3K79me2,.,Histone ChIP-seq,EFO:0003042,H1,cell_line,embryonic,encode,single,False,OutputType.CHIP_HISTONE,,H3K79me2,
EFO:0003042 Histone ChIP-seq H3K9ac,.,Histone ChIP-seq,EFO:0003042,H1,cell_line,embryonic,encode,single,False,OutputType.CHIP_HISTONE,,H3K9ac,
EFO:0003042 Histone ChIP-seq H3K9me3,.,Histone ChIP-seq,EFO:0003042,H1,cell_line,embryonic,encode,single,False,OutputType.CHIP_HISTONE,,H3K9me3,
EFO:0003042 Histone ChIP-seq H4K20me1,.,Histone ChIP-seq,EFO:0003042,H1,cell_line,embryonic,encode,single,False,OutputType.CHIP_HISTONE,,H4K20me1,
EFO:0003042 Histone ChIP-seq H4K91ac,.,Histone ChIP-seq,EFO:0003042,H1,cell_line,embryonic,encode,single,False,OutputType.CHIP_HISTONE,,H4K91ac,
EFO:0003045 Histone ChIP-seq H3K27me3,.,Histone ChIP-seq,EFO:0003045,H9,cell_line,embryonic,encode,single,False,OutputType.CHIP_HISTONE,,H3K27me3,
EFO:0003045 Histone ChIP-seq H3K36me3,.,Histone ChIP-seq,EFO:0003045,H9,cell_line,embryonic,encode,single,False,OutputType.CHIP_HISTONE,,H3K36me3,
EFO:0003045 Histone ChIP-seq H3K4me1,.,Histone ChIP-seq,EFO:0003045,H9,cell_line,embryonic,encode,single,False,OutputType.CHIP_HISTONE,,H3K4me1,
EFO:0003045 Histone ChIP-seq H3K4me2,.,Histone ChIP-seq,EFO:0003045,H9,cell_line,embryonic,encode,single,False,OutputType.CHIP_HISTONE,,H3K4me2,
EFO:0003045 Histone ChIP-seq H3K4me3,.,Histone ChIP-seq,EFO:0003045,H9,cell_line,embryonic,encode,single,False,OutputType.CHIP_HISTONE,,H3K4me3,
EFO:0003045 Histone ChIP-seq H3K9me3,.,Histone ChIP-seq,EFO:0003045,H9,cell_line,embryonic,encode,single,False,OutputType.CHIP_HISTONE,,H3K9me3,
EFO:0003072 Histone ChIP-seq H2AFZ,.,Histone ChIP-seq,EFO:0003072,SK-N-SH,cell_line,child,encode,paired,False,OutputType.CHIP_HISTONE,,H2AFZ,
EFO:0003072 Histone ChIP-seq H3K27ac,.,Histone ChIP-seq,EFO:0003072,SK-N-SH,cell_line,child,encode,paired,False,OutputType.CHIP_HISTONE,,H3K27ac,
EFO:0003072 Histone ChIP-seq H3K27me3,.,Histone ChIP-seq,EFO:0003072,SK-N-SH,cell_line,child,encode,single,False,OutputType.CHIP_HISTONE,,H3K27me3,
EFO:0003072 Histone ChIP-seq H3K36me3,.,Histone ChIP-seq,EFO:0003072,SK-N-SH,cell_line,child,encode,single,False,OutputType.CHIP_HISTONE,,H3K36me3,
EFO:0003072 Histone ChIP-seq H3K4me1,.,Histone ChIP-seq,EFO:0003072,SK-N-SH,cell_line,child,encode,single,False,OutputType.CHIP_HISTONE,,H3K4me1,
EFO:0003072 Histone ChIP-seq H3K4me2,.,Histone ChIP-seq,EFO:0003072,SK-N-SH,cell_line,child,encode,single,False,OutputType.CHIP_HISTONE,,H3K4me2,
EFO:0003072 Histone ChIP-seq H3K4me3,.,Histone ChIP-seq,EFO:0003072,SK-N-SH,cell_line,child,encode,paired,False,OutputType.CHIP_HISTONE,,H3K4me3,
EFO:0003072 Histone ChIP-seq H3K79me2,.,Histone ChIP-seq,EFO:0003072,SK-N-SH,cell_line,child,encode,paired,False,OutputType.CHIP_HISTONE,,H3K79me2,
EFO:0003072 Histone ChIP-seq H3K9ac,.,Histone ChIP-seq,EFO:0003072,SK-N-SH,cell_line,child,encode,single,False,OutputType.CHIP_HISTONE,,H3K9ac,
EFO:0003072 Histone ChIP-seq H4K20me1,.,Histone ChIP-seq,EFO:0003072,SK-N-SH,cell_line,child,encode,single,False,OutputType.CHIP_HISTONE,,H4K20me1,
EFO:0005236 Histone ChIP-seq H3K27me3,.,Histone ChIP-seq,EFO:0005236,NT2/D1,cell_line,unknown,encode,single,False,OutputType.CHIP_HISTONE,,H3K27me3,
EFO:0005236 Histone ChIP-seq H3K36me3,.,Histone ChIP-seq,EFO:0005236,NT2/D1,cell_line,unknown,encode,single,False,OutputType.CHIP_HISTONE,,H3K36me3,
EFO:0005236 Histone ChIP-seq H3K4me1,.,Histone ChIP-seq,EFO:0005236,NT2/D1,cell_line,unknown,encode,single,False,OutputType.CHIP_HISTONE,,H3K4me1,
EFO:0005236 Histone ChIP-seq H3K4me3,.,Histone ChIP-seq,EFO:0005236,NT2/D1,cell_line,unknown,encode,single,False,OutputType.CHIP_HISTONE,,H3K4me3,
EFO:0005236 Histone ChIP-seq H3K9ac,.,Histone ChIP-seq,EFO:0005236,NT2/D1,cell_line,unknown,encode,single,False,OutputType.CHIP_HISTONE,,H3K9ac,
EFO:0005236 Histone ChIP-seq H3K9me3,.,Histone ChIP-seq,EFO:0005236,NT2/D1,cell_line,unknown,encode,single,False,OutputType.CHIP_HISTONE,,H3K9me3,
EFO:0005333 Histone ChIP-seq H3K4me3,.,Histone ChIP-seq,EFO:0005333,GM08714,cell_line,unknown,encode,single,False,OutputType.CHIP_HISTONE,,H3K4me3,
EFO:0005337 Histone ChIP-seq H3K4me3,.,Histone ChIP-seq,EFO:0005337,GM12864,cell_line,unknown,encode,single,False,OutputType.CHIP_HISTONE,,H3K4me3,
EFO:0005338 Histone ChIP-seq H3K4me3,.,Histone ChIP-seq,EFO:0005338,GM12865,cell_line,unknown,encode,single,False,OutputType.CHIP_HISTONE,,H3K4me3,
EFO:0005694 Histone ChIP-seq H2AFZ,.,Histone ChIP-seq,EFO:0005694,KMS-11,cell_line,adult,encode,single,False,OutputType.CHIP_HISTONE,,H2AFZ,
EFO:0005694 Histone ChIP-seq H3K27ac,.,Histone ChIP-seq,EFO:0005694,KMS-11,cell_line,adult,encode,single,False,OutputType.CHIP_HISTONE,,H3K27ac,
EFO:0005694 Histone ChIP-seq H3K4me1,.,Histone ChIP-seq,EFO:0005694,KMS-11,cell_line,adult,encode,single,False,OutputType.CHIP_HISTONE,,H3K4me1,
EFO:0005694 Histone ChIP-seq H3K4me2,.,Histone ChIP-seq,EFO:0005694,KMS-11,cell_line,adult,encode,single,False,OutputType.CHIP_HISTONE,,H3K4me2,
EFO:0005694 Histone ChIP-seq H3K79me2,.,Histone ChIP-seq,EFO:0005694,KMS-11,cell_line,adult,encode,single,False,OutputType.CHIP_HISTONE,,H3K79me2,
EFO:0005694 Histone ChIP-seq H3K9ac,.,Histone ChIP-seq,EFO:0005694,KMS-11,cell_line,adult,encode,single,False,OutputType.CHIP_HISTONE,,H3K9ac,
EFO:0005710 Histone ChIP-seq H3K4me3,.,Histone ChIP-seq,EFO:0005710,HFF-Myc,cell_line,newborn,encode,single,False,OutputType.CHIP_HISTONE,,H3K4me3,
EFO:0005715 Histone ChIP-seq H3K27ac,.,Histone ChIP-seq,EFO:0005715,WERI-Rb-1,cell_line,child,encode,paired,False,OutputType.CHIP_HISTONE,,H3K27ac,
EFO:0005715 Histone ChIP-seq H3K36me3,.,Histone ChIP-seq,EFO:0005715,WERI-Rb-1,cell_line,child,encode,paired,False,OutputType.CHIP_HISTONE,,H3K36me3,
EFO:0005715 Histone ChIP-seq H3K4me1,.,Histone ChIP-seq,EFO:0005715,WERI-Rb-1,cell_line,child,encode,paired,False,OutputType.CHIP_HISTONE,,H3K4me1,
EFO:0005715 Histone ChIP-seq H3K4me3,.,Histone ChIP-seq,EFO:0005715,WERI-Rb-1,cell_line,child,encode,single,False,OutputType.CHIP_HISTONE,,H3K4me3,
EFO:0005719 Histone ChIP-seq H2AFZ,.,Histone ChIP-seq,EFO:0005719,Karpas-422,cell_line,adult,encode,single,False,OutputType.CHIP_HISTONE,,H2AFZ,
EFO:0005719 Histone ChIP-seq H3K27ac,.,Histone ChIP-seq,EFO:0005719,Karpas-422,cell_line,adult,encode,single,False,OutputType.CHIP_HISTONE,,H3K27ac,
EFO:0005719 Histone ChIP-seq H3K36me3,.,Histone ChIP-seq,EFO:0005719,Karpas-422,cell_line,adult,encode,single,False,OutputType.CHIP_HISTONE,,H3K36me3,
EFO:0005719 Histone ChIP-seq H3K4me1,.,Histone ChIP-seq,EFO:0005719,Karpas-422,cell_line,adult,encode,single,False,OutputType.CHIP_HISTONE,,H3K4me1,
EFO:0005719 Histone ChIP-seq H3K4me2,.,Histone ChIP-seq,EFO:0005719,Karpas-422,cell_line,adult,encode,single,False,OutputType.CHIP_HISTONE,,H3K4me2,
EFO:0005719 Histone ChIP-seq H3K4me3,.,Histone ChIP-seq,EFO:0005719,Karpas-422,cell_line,adult,encode,single,False,OutputType.CHIP_HISTONE,,H3K4me3,
EFO:0005719 Histone ChIP-seq H3K79me2,.,Histone ChIP-seq,EFO:0005719,Karpas-422,cell_line,adult,encode,single,False,OutputType.CHIP_HISTONE,,H3K79me2,
EFO:0005719 Histone ChIP-seq H3K9ac,.,Histone ChIP-seq,EFO:0005719,Karpas-422,cell_line,adult,encode,single,False,OutputType.CHIP_HISTONE,,H3K9ac,
EFO:0005719 Histone ChIP-seq H3K9me3,.,Histone ChIP-seq,EFO:0005719,Karpas-422,cell_line,adult,encode,single,False,OutputType.CHIP_HISTONE,,H3K9me3,
EFO:0005722 Histone ChIP-seq H3K27ac,.,Histone ChIP-seq,EFO:0005722,SJCRH30,cell_line,child,encode,paired,False,OutputType.CHIP_HISTONE,,H3K27ac,
EFO:0005722 Histone ChIP-seq H3K36me3,.,Histone ChIP-seq,EFO:0005722,SJCRH30,cell_line,child,encode,paired,False,OutputType.CHIP_HISTONE,,H3K36me3,
EFO:0005722 Histone ChIP-seq H3K4me1,.,Histone ChIP-seq,EFO:0005722,SJCRH30,cell_line,child,encode,paired,False,OutputType.CHIP_HISTONE,,H3K4me1,
EFO:0005722 Histone ChIP-seq H3K4me3,.,Histone ChIP-seq,EFO:0005722,SJCRH30,cell_line,child,encode,paired,False,OutputType.CHIP_HISTONE,,H3K4me3,
EFO:0005723 Histone ChIP-seq H2AFZ,.,Histone ChIP-seq,EFO:0005723,GM23248,cell_line,adult,encode,single,False,OutputType.CHIP_HISTONE,,H2AFZ,
EFO:0005723 Histone ChIP-seq H3F3A,.,Histone ChIP-seq,EFO:0005723,GM23248,cell_line,adult,encode,single,False,OutputType.CHIP_HISTONE,,H3F3A,
EFO:0005723 Histone ChIP-seq H3K27ac,.,Histone ChIP-seq,EFO:0005723,GM23248,cell_line,adult,encode,single,False,OutputType.CHIP_HISTONE,,H3K27ac,
EFO:0005723 Histone ChIP-seq H3K27me3,.,Histone ChIP-seq,EFO:0005723,GM23248,cell_line,adult,encode,single,False,OutputType.CHIP_HISTONE,,H3K27me3,
EFO:0005723 Histone ChIP-seq H3K36me3,.,Histone ChIP-seq,EFO:0005723,GM23248,cell_line,adult,encode,single,False,OutputType.CHIP_HISTONE,,H3K36me3,
EFO:0005723 Histone ChIP-seq H3K4me1,.,Histone ChIP-seq,EFO:0005723,GM23248,cell_line,adult,encode,single,False,OutputType.CHIP_HISTONE,,H3K4me1,
EFO:0005723 Histone ChIP-seq H3K4me2,.,Histone ChIP-seq,EFO:0005723,GM23248,cell_line,adult,encode,single,False,OutputType.CHIP_HISTONE,,H3K4me2,
EFO:0005723 Histone ChIP-seq H3K4me3,.,Histone ChIP-seq,EFO:0005723,GM23248,cell_line,adult,encode,single,False,OutputType.CHIP_HISTONE,,H3K4me3,
EFO:0005723 Histone ChIP-seq H3K79me2,.,Histone ChIP-seq,EFO:0005723,GM23248,cell_line,adult,encode,single,False,OutputType.CHIP_HISTONE,,H3K79me2,
EFO:0005723 Histone ChIP-seq H3K9ac,.,Histone ChIP-seq,EFO:0005723,GM23248,cell_line,adult,encode,single,False,OutputType.CHIP_HISTONE,,H3K9ac,
EFO:0005724 Histone ChIP-seq H2AFZ,.,Histone ChIP-seq,EFO:0005724,MM.1S,cell_line,adult,encode,single,False,OutputType.CHIP_HISTONE,,H2AFZ,
EFO:0005724 Histone ChIP-seq H3F3A,.,Histone ChIP-seq,EFO:0005724,MM.1S,cell_line,adult,encode,single,False,OutputType.CHIP_HISTONE,,H3F3A,
EFO:0005724 Histone ChIP-seq H3K27ac,.,Histone ChIP-seq,EFO:0005724,MM.1S,cell_line,adult,encode,single,False,OutputType.CHIP_HISTONE,,H3K27ac,
EFO:0005724 Histone ChIP-seq H3K27me3,.,Histone ChIP-seq,EFO:0005724,MM.1S,cell_line,adult,encode,single,False,OutputType.CHIP_HISTONE,,H3K27me3,
EFO:0005724 Histone ChIP-seq H3K4me1,.,Histone ChIP-seq,EFO:0005724,MM.1S,cell_line,adult,encode,single,False,OutputType.CHIP_HISTONE,,H3K4me1,
EFO:0005724 Histone ChIP-seq H3K4me2,.,Histone ChIP-seq,EFO:0005724,MM.1S,cell_line,adult,encode,single,False,OutputType.CHIP_HISTONE,,H3K4me2,
EFO:0005724 Histone ChIP-seq H3K4me3,.,Histone ChIP-seq,EFO:0005724,MM.1S,cell_line,adult,encode,single,False,OutputType.CHIP_HISTONE,,H3K4me3,
EFO:0005724 Histone ChIP-seq H3K79me2,.,Histone ChIP-seq,EFO:0005724,MM.1S,cell_line,adult,encode,single,False,OutputType.CHIP_HISTONE,,H3K79me2,
EFO:0005724 Histone ChIP-seq H3K9ac,.,Histone ChIP-seq,EFO:0005724,MM.1S,cell_line,adult,encode,single,False,OutputType.CHIP_HISTONE,,H3K9ac,
EFO:0005725 Histone ChIP-seq H3K27me3,.,Histone ChIP-seq,EFO:0005725,BE2C,cell_line,child,encode,paired,False,OutputType.CHIP_HISTONE,,H3K27me3,
EFO:0005725 Histone ChIP-seq H3K36me3,.,Histone ChIP-seq,EFO:0005725,BE2C,cell_line,child,encode,paired,False,OutputType.CHIP_HISTONE,,H3K36me3,
EFO:0005725 Histone ChIP-seq H3K4me1,.,Histone ChIP-seq,EFO:0005725,BE2C,cell_line,child,encode,paired,False,OutputType.CHIP_HISTONE,,H3K4me1,
EFO:0005725 Histone ChIP-seq H3K4me3,.,Histone ChIP-seq,EFO:0005725,BE2C,cell_line,child,encode,single,False,OutputType.CHIP_HISTONE,,H3K4me3,
EFO:0005726 Histone ChIP-seq H3K4me3,.,Histone ChIP-seq,EFO:0005726,LNCaP clone FGC,cell_line,adult,encode,single,False,OutputType.CHIP_HISTONE,,H3K4me3,
EFO:0005904 Histone ChIP-seq H3K27me3,.,Histone ChIP-seq,EFO:0005904,H7,cell_line,embryonic,encode,single,False,OutputType.CHIP_HISTONE,,H3K27me3,
EFO:0005904 Histone ChIP-seq H3K36me3,.,Histone ChIP-seq,EFO:0005904,H7,cell_line,embryonic,encode,single,False,OutputType.CHIP_HISTONE,,H3K36me3,
EFO:0005904 Histone ChIP-seq H3K4me3,.,Histone ChIP-seq,EFO:0005904,H7,cell_line,embryonic,encode,single,False,OutputType.CHIP_HISTONE,,H3K4me3,
EFO:0005907 Histone ChIP-seq H3K27ac,.,Histone ChIP-seq,EFO:0005907,OCI-LY1,cell_line,adult,encode,single,False,OutputType.CHIP_HISTONE,,H3K27ac,
EFO:0005907 Histone ChIP-seq H3K36me3,.,Histone ChIP-seq,EFO:0005907,OCI-LY1,cell_line,adult,encode,single,False,OutputType.CHIP_HISTONE,,H3K36me3,
EFO:0005907 Histone ChIP-seq H3K4me1,.,Histone ChIP-seq,EFO:0005907,OCI-LY1,cell_line,adult,encode,single,False,OutputType.CHIP_HISTONE,,H3K4me1,
EFO:0005907 Histone ChIP-seq H3K4me2,.,Histone ChIP-seq,EFO:0005907,OCI-LY1,cell_line,adult,encode,single,False,OutputType.CHIP_HISTONE,,H3K4me2,
EFO:0005907 Histone ChIP-seq H3K4me3,.,Histone ChIP-seq,EFO:0005907,OCI-LY1,cell_line,adult,encode,single,False,OutputType.CHIP_HISTONE,,H3K4me3,
EFO:0005907 Histone ChIP-seq H3K79me2,.,Histone ChIP-seq,EFO:0005907,OCI-LY1,cell_line,adult,encode,single,False,OutputType.CHIP_HISTONE,,H3K79me2,
EFO:0005907 Histone ChIP-seq H3K9ac,.,Histone ChIP-seq,EFO:0005907,OCI-LY1,cell_line,adult,encode,single,False,OutputType.CHIP_HISTONE,,H3K9ac,
EFO:0006270 Histone ChIP-seq H3K27ac,.,Histone ChIP-seq,EFO:0006270,AG04450,cell_line,embryonic,encode,single,False,OutputType.CHIP_HISTONE,,H3K27ac,
EFO:0006270 Histone ChIP-seq H3K27me3,.,Histone ChIP-seq,EFO:0006270,AG04450,cell_line,embryonic,encode,single,False,OutputType.CHIP_HISTONE,,H3K27me3,
EFO:0006270 Histone ChIP-seq H3K4me3,.,Histone ChIP-seq,EFO:0006270,AG04450,cell_line,embryonic,encode,single,False,OutputType.CHIP_HISTONE,,H3K4me3,
EFO:0006270 Histone ChIP-seq H3K9me3,.,Histone ChIP-seq,EFO:0006270,AG04450,cell_line,embryonic,encode,single,False,OutputType.CHIP_HISTONE,,H3K9me3,
EFO:0006283 Histone ChIP-seq H3K27ac,.,Histone ChIP-seq,EFO:0006283,KOPT-K1,cell_line,unknown,encode,single,False,OutputType.CHIP_HISTONE,,H3K27ac,
EFO:0006283 Histone ChIP-seq H3K36me3,.,Histone ChIP-seq,EFO:0006283,KOPT-K1,cell_line,unknown,encode,single,False,OutputType.CHIP_HISTONE,,H3K36me3,
EFO:0006283 Histone ChIP-seq H3K4me1,.,Histone ChIP-seq,EFO:0006283,KOPT-K1,cell_line,unknown,encode,single,False,OutputType.CHIP_HISTONE,,H3K4me1,
EFO:0006365 Histone ChIP-seq H3K27ac,.,Histone ChIP-seq,EFO:0006365,C4-2B,cell_line,adult,encode,paired,False,OutputType.CHIP_HISTONE,,H3K27ac,
EFO:0006710 Histone ChIP-seq H2AFZ,.,Histone ChIP-seq,EFO:0006710,OCI-LY3,cell_line,adult,encode,single,False,OutputType.CHIP_HISTONE,,H2AFZ,
EFO:0006710 Histone ChIP-seq H3K27ac,.,Histone ChIP-seq,EFO:0006710,OCI-LY3,cell_line,adult,encode,single,False,OutputType.CHIP_HISTONE,,H3K27ac,
EFO:0006710 Histone ChIP-seq H3K27me3,.,Histone ChIP-seq,EFO:0006710,OCI-LY3,cell_line,adult,encode,single,False,OutputType.CHIP_HISTONE,,H3K27me3,
EFO:0006710 Histone ChIP-seq H3K36me3,.,Histone ChIP-seq,EFO:0006710,OCI-LY3,cell_line,adult,encode,single,False,OutputType.CHIP_HISTONE,,H3K36me3,
EFO:0006710 Histone ChIP-seq H3K4me1,.,Histone ChIP-seq,EFO:0006710,OCI-LY3,cell_line,adult,encode,single,False,OutputType.CHIP_HISTONE,,H3K4me1,
EFO:0006710 Histone ChIP-seq H3K4me2,.,Histone ChIP-seq,EFO:0006710,OCI-LY3,cell_line,adult,encode,single,False,OutputType.CHIP_HISTONE,,H3K4me2,
EFO:0006710 Histone ChIP-seq H3K4me3,.,Histone ChIP-seq,EFO:0006710,OCI-LY3,cell_line,adult,encode,single,False,OutputType.CHIP_HISTONE,,H3K4me3,
EFO:0006710 Histone ChIP-seq H3K79me2,.,Histone ChIP-seq,EFO:0006710,OCI-LY3,cell_line,adult,encode,single,False,OutputType.CHIP_HISTONE,,H3K79me2,
EFO:0006710 Histone ChIP-seq H3K9ac,.,Histone ChIP-seq,EFO:0006710,OCI-LY3,cell_line,adult,encode,single,False,OutputType.CHIP_HISTONE,,H3K9ac,
EFO:0006710 Histone ChIP-seq H4K20me1,.,Histone ChIP-seq,EFO:0006710,OCI-LY3,cell_line,adult,encode,single,False,OutputType.CHIP_HISTONE,,H4K20me1,
EFO:0006711 Histone ChIP-seq H2AFZ,.,Histone ChIP-seq,EFO:0006711,OCI-LY7,cell_line,adult,encode,single,False,OutputType.CHIP_HISTONE,,H2AFZ,
EFO:0006711 Histone ChIP-seq H3K27ac,.,Histone ChIP-seq,EFO:0006711,OCI-LY7,cell_line,adult,encode,single,False,OutputType.CHIP_HISTONE,,H3K27ac,
EFO:0006711 Histone ChIP-seq H3K36me3,.,Histone ChIP-seq,EFO:0006711,OCI-LY7,cell_line,adult,encode,single,False,OutputType.CHIP_HISTONE,,H3K36me3,
EFO:0006711 Histone ChIP-seq H3K4me1,.,Histone ChIP-seq,EFO:0006711,OCI-LY7,cell_line,adult,encode,single,False,OutputType.CHIP_HISTONE,,H3K4me1,
EFO:0006711 Histone ChIP-seq H3K4me2,.,Histone ChIP-seq,EFO:0006711,OCI-LY7,cell_line,adult,encode,single,False,OutputType.CHIP_HISTONE,,H3K4me2,
EFO:0006711 Histone ChIP-seq H3K4me3,.,Histone ChIP-seq,EFO:0006711,OCI-LY7,cell_line,adult,encode,single,False,OutputType.CHIP_HISTONE,,H3K4me3,
EFO:0006711 Histone ChIP-seq H3K79me2,.,Histone ChIP-seq,EFO:0006711,OCI-LY7,cell_line,adult,encode,single,False,OutputType.CHIP_HISTONE,,H3K79me2,
EFO:0007070 Histone ChIP-seq H2AFZ,.,Histone ChIP-seq,EFO:0007070,ACC112,cell_line,adult,encode,single,False,OutputType.CHIP_HISTONE,,H2AFZ,
EFO:0007070 Histone ChIP-seq H3K27ac,.,Histone ChIP-seq,EFO:0007070,ACC112,cell_line,adult,encode,single,False,OutputType.CHIP_HISTONE,,H3K27ac,
EFO:0007070 Histone ChIP-seq H3K27me3,.,Histone ChIP-seq,EFO:0007070,ACC112,cell_line,adult,encode,single,False,OutputType.CHIP_HISTONE,,H3K27me3,
EFO:0007070 Histone ChIP-seq H3K36me3,.,Histone ChIP-seq,EFO:0007070,ACC112,cell_line,adult,encode,single,False,OutputType.CHIP_HISTONE,,H3K36me3,
EFO:0007070 Histone ChIP-seq H3K4me1,.,Histone ChIP-seq,EFO:0007070,ACC112,cell_line,adult,encode,single,False,OutputType.CHIP_HISTONE,,H3K4me1,
EFO:0007070 Histone ChIP-seq H3K4me3,.,Histone ChIP-seq,EFO:0007070,ACC112,cell_line,adult,encode,single,False,OutputType.CHIP_HISTONE,,H3K4me3,
EFO:0007070 Histone ChIP-seq H3K79me2,.,Histone ChIP-seq,EFO:0007070,ACC112,cell_line,adult,encode,single,False,OutputType.CHIP_HISTONE,,H3K79me2,
EFO:0007074 Histone ChIP-seq H2AFZ,.,Histone ChIP-seq,EFO:0007074,DND-41,cell_line,child,encode,single,False,OutputType.CHIP_HISTONE,,H2AFZ,
EFO:0007074 Histone ChIP-seq H3K27ac,.,Histone ChIP-seq,EFO:0007074,DND-41,cell_line,child,encode,single,False,OutputType.CHIP_HISTONE,,H3K27ac,
EFO:0007074 Histone ChIP-seq H3K36me3,.,Histone ChIP-seq,EFO:0007074,DND-41,cell_line,child,encode,single,False,OutputType.CHIP_HISTONE,,H3K36me3,
EFO:0007074 Histone ChIP-seq H3K4me1,.,Histone ChIP-seq,EFO:0007074,DND-41,cell_line,child,encode,single,False,OutputType.CHIP_HISTONE,,H3K4me1,
EFO:0007074 Histone ChIP-seq H3K4me2,.,Histone ChIP-seq,EFO:0007074,DND-41,cell_line,child,encode,single,False,OutputType.CHIP_HISTONE,,H3K4me2,
EFO:0007074 Histone ChIP-seq H3K4me3,.,Histone ChIP-seq,EFO:0007074,DND-41,cell_line,child,encode,single,False,OutputType.CHIP_HISTONE,,H3K4me3,
EFO:0007074 Histone ChIP-seq H3K79me2,.,Histone ChIP-seq,EFO:0007074,DND-41,cell_line,child,encode,single,False,OutputType.CHIP_HISTONE,,H3K79me2,
EFO:0007074 Histone ChIP-seq H3K9ac,.,Histone ChIP-seq,EFO:0007074,DND-41,cell_line,child,encode,single,False,OutputType.CHIP_HISTONE,,H3K9ac,
EFO:0007074 Histone ChIP-seq H4K20me1,.,Histone ChIP-seq,EFO:0007074,DND-41,cell_line,child,encode,single,False,OutputType.CHIP_HISTONE,,H4K20me1,
EFO:0007076 Histone ChIP-seq H3K36me3,.,Histone ChIP-seq,EFO:0007076,ES-I3,cell_line,embryonic,encode,single,False,OutputType.CHIP_HISTONE,,H3K36me3,
EFO:0007076 Histone ChIP-seq H3K4me1,.,Histone ChIP-seq,EFO:0007076,ES-I3,cell_line,embryonic,encode,single,False,OutputType.CHIP_HISTONE,,H3K4me1,
EFO:0007076 Histone ChIP-seq H3K9ac,.,Histone ChIP-seq,EFO:0007076,ES-I3,cell_line,embryonic,encode,single,False,OutputType.CHIP_HISTONE,,H3K9ac,
EFO:0007083 Histone ChIP-seq H3K27ac,.,Histone ChIP-seq,EFO:0007083,HUES48,cell_line,embryonic,encode,single,False,OutputType.CHIP_HISTONE,,H3K27ac,
EFO:0007083 Histone ChIP-seq H3K27me3,.,Histone ChIP-seq,EFO:0007083,HUES48,cell_line,embryonic,encode,single,False,OutputType.CHIP_HISTONE,,H3K27me3,
EFO:0007083 Histone ChIP-seq H3K36me3,.,Histone ChIP-seq,EFO:0007083,HUES48,cell_line,embryonic,encode,single,False,OutputType.CHIP_HISTONE,,H3K36me3,
EFO:0007083 Histone ChIP-seq H3K4me1,.,Histone ChIP-seq,EFO:0007083,HUES48,cell_line,embryonic,encode,single,False,OutputType.CHIP_HISTONE,,H3K4me1,
EFO:0007083 Histone ChIP-seq H3K4me3,.,Histone ChIP-seq,EFO:0007083,HUES48,cell_line,embryonic,encode,single,False,OutputType.CHIP_HISTONE,,H3K4me3,
EFO:0007083 Histone ChIP-seq H3K9ac,.,Histone ChIP-seq,EFO:0007083,HUES48,cell_line,embryonic,encode,single,False,OutputType.CHIP_HISTONE,,H3K9ac,
EFO:0007083 Histone ChIP-seq H3K9me3,.,Histone ChIP-seq,EFO:0007083,HUES48,cell_line,embryonic,encode,single,False,OutputType.CHIP_HISTONE,,H3K9me3,
EFO:0007086 Histone ChIP-seq H3K27ac,.,Histone ChIP-seq,EFO:0007086,HUES6,cell_line,embryonic,encode,single,False,OutputType.CHIP_HISTONE,,H3K27ac,
EFO:0007086 Histone ChIP-seq H3K27me3,.,Histone ChIP-seq,EFO:0007086,HUES6,cell_line,embryonic,encode,single,False,OutputType.CHIP_HISTONE,,H3K27me3,
EFO:0007086 Histone ChIP-seq H3K36me3,.,Histone ChIP-seq,EFO:0007086,HUES6,cell_line,embryonic,encode,single,False,OutputType.CHIP_HISTONE,,H3K36me3,
EFO:0007086 Histone ChIP-seq H3K4me1,.,Histone ChIP-seq,EFO:0007086,HUES6,cell_line,embryonic,encode,single,False,OutputType.CHIP_HISTONE,,H3K4me1,
EFO:0007086 Histone ChIP-seq H3K4me3,.,Histone ChIP-seq,EFO:0007086,HUES6,cell_line,embryonic,encode,single,False,OutputType.CHIP_HISTONE,,H3K4me3,
EFO:0007086 Histone ChIP-seq H3K9ac,.,Histone ChIP-seq,EFO:0007086,HUES6,cell_line,embryonic,encode,single,False,OutputType.CHIP_HISTONE,,H3K9ac,
EFO:0007086 Histone ChIP-seq H3K9me3,.,Histone ChIP-seq,EFO:0007086,HUES6,cell_line,embryonic,encode,single,False,OutputType.CHIP_HISTONE,,H3K9me3,
EFO:0007089 Histone ChIP-seq H3K27ac,.,Histone ChIP-seq,EFO:0007089,HUES64,cell_line,embryonic,encode,single,False,OutputType.CHIP_HISTONE,,H3K27ac,
EFO:0007089 Histone ChIP-seq H3K27me3,.,Histone ChIP-seq,EFO:0007089,HUES64,cell_line,embryonic,encode,single,False,OutputType.CHIP_HISTONE,,H3K27me3,
EFO:0007089 Histone ChIP-seq H3K36me3,.,Histone ChIP-seq,EFO:0007089,HUES64,cell_line,embryonic,encode,single,False,OutputType.CHIP_HISTONE,,H3K36me3,
EFO:0007089 Histone ChIP-seq H3K4me1,.,Histone ChIP-seq,EFO:0007089,HUES64,cell_line,embryonic,encode,single,False,OutputType.CHIP_HISTONE,,H3K4me1,
EFO:0007089 Histone ChIP-seq H3K4me3,.,Histone ChIP-seq,EFO:0007089,HUES64,cell_line,embryonic,encode,single,False,OutputType.CHIP_HISTONE,,H3K4me3,
EFO:0007089 Histone ChIP-seq H3K9ac,.,Histone ChIP-seq,EFO:0007089,HUES64,cell_line,embryonic,encode,single,False,OutputType.CHIP_HISTONE,,H3K9ac,
EFO:0007089 Histone ChIP-seq H3K9me3,.,Histone ChIP-seq,EFO:0007089,HUES64,cell_line,embryonic,encode,single,False,OutputType.CHIP_HISTONE,,H3K9me3,
EFO:0007096 Histone ChIP-seq H3K36me3,.,Histone ChIP-seq,EFO:0007096,iPS DF 19.11,cell_line,newborn,encode,single,False,OutputType.CHIP_HISTONE,,H3K36me3,
EFO:0007096 Histone ChIP-seq H3K4me1,.,Histone ChIP-seq,EFO:0007096,iPS DF 19.11,cell_line,newborn,encode,single,False,OutputType.CHIP_HISTONE,,H3K4me1,
EFO:0007096 Histone ChIP-seq H3K4me3,.,Histone ChIP-seq,EFO:0007096,iPS DF 19.11,cell_line,newborn,encode,single,False,OutputType.CHIP_HISTONE,,H3K4me3,
EFO:0007096 Histone ChIP-seq H3K9me3,.,Histone ChIP-seq,EFO:0007096,iPS DF 19.11,cell_line,newborn,encode,single,False,OutputType.CHIP_HISTONE,,H3K9me3,
EFO:0007098 Histone ChIP-seq H3K27me3,.,Histone ChIP-seq,EFO:0007098,iPS DF 6.9,cell_line,newborn,encode,single,False,OutputType.CHIP_HISTONE,,H3K27me3,
EFO:0007098 Histone ChIP-seq H3K4me3,.,Histone ChIP-seq,EFO:0007098,iPS DF 6.9,cell_line,newborn,encode,single,False,OutputType.CHIP_HISTONE,,H3K4me3,
EFO:0007099 Histone ChIP-seq H3K4me3,.,Histone ChIP-seq,EFO:0007099,iPS-11a,cell_line,adult,encode,single,False,OutputType.CHIP_HISTONE,,H3K4me3,
EFO:0007102 Histone ChIP-seq H3K27me3,.,Histone ChIP-seq,EFO:0007102,iPS-15b,cell_line,adult,encode,single,False,OutputType.CHIP_HISTONE,,H3K27me3,
EFO:0007102 Histone ChIP-seq H3K36me3,.,Histone ChIP-seq,EFO:0007102,iPS-15b,cell_line,adult,encode,single,False,OutputType.CHIP_HISTONE,,H3K36me3,
EFO:0007102 Histone ChIP-seq H3K4me1,.,Histone ChIP-seq,EFO:0007102,iPS-15b,cell_line,adult,encode,single,False,OutputType.CHIP_HISTONE,,H3K4me1,
EFO:0007102 Histone ChIP-seq H3K4me3,.,Histone ChIP-seq,EFO:0007102,iPS-15b,cell_line,adult,encode,single,False,OutputType.CHIP_HISTONE,,H3K4me3,
EFO:0007102 Histone ChIP-seq H3K9ac,.,Histone ChIP-seq,EFO:0007102,iPS-15b,cell_line,adult,encode,single,False,OutputType.CHIP_HISTONE,,H3K9ac,
EFO:0007105 Histone ChIP-seq H3K27me3,.,Histone ChIP-seq,EFO:0007105,iPS-18a,cell_line,adult,encode,single,False,OutputType.CHIP_HISTONE,,H3K27me3,
EFO:0007105 Histone ChIP-seq H3K36me3,.,Histone ChIP-seq,EFO:0007105,iPS-18a,cell_line,adult,encode,single,False,OutputType.CHIP_HISTONE,,H3K36me3,
EFO:0007105 Histone ChIP-seq H3K4me1,.,Histone ChIP-seq,EFO:0007105,iPS-18a,cell_line,adult,encode,single,False,OutputType.CHIP_HISTONE,,H3K4me1,
EFO:0007105 Histone ChIP-seq H3K4me3,.,Histone ChIP-seq,EFO:0007105,iPS-18a,cell_line,adult,encode,single,False,OutputType.CHIP_HISTONE,,H3K4me3,
EFO:0007105 Histone ChIP-seq H3K9ac,.,Histone ChIP-seq,EFO:0007105,iPS-18a,cell_line,adult,encode,single,False,OutputType.CHIP_HISTONE,,H3K9ac,
EFO:0007105 Histone ChIP-seq H3K9me3,.,Histone ChIP-seq,EFO:0007105,iPS-18a,cell_line,adult,encode,single,False,OutputType.CHIP_HISTONE,,H3K9me3,
EFO:0007107 Histone ChIP-seq H3K4me3,.,Histone ChIP-seq,EFO:0007107,iPS-18c,cell_line,adult,encode,single,False,OutputType.CHIP_HISTONE,,H3K4me3,
EFO:0007107 Histone ChIP-seq H3K9me3,.,Histone ChIP-seq,EFO:0007107,iPS-18c,cell_line,adult,encode,single,False,OutputType.CHIP_HISTONE,,H3K9me3,
EFO:0007108 Histone ChIP-seq H3K27ac,.,Histone ChIP-seq,EFO:0007108,iPS-20b,cell_line,adult,encode,single,False,OutputType.CHIP_HISTONE,,H3K27ac,
EFO:0007108 Histone ChIP-seq H3K27me3,.,Histone ChIP-seq,EFO:0007108,iPS-20b,cell_line,adult,encode,single,False,OutputType.CHIP_HISTONE,,H3K27me3,
EFO:0007108 Histone ChIP-seq H3K36me3,.,Histone ChIP-seq,EFO:0007108,iPS-20b,cell_line,adult,encode,single,False,OutputType.CHIP_HISTONE,,H3K36me3,
EFO:0007108 Histone ChIP-seq H3K4me1,.,Histone ChIP-seq,EFO:0007108,iPS-20b,cell_line,adult,encode,single,False,OutputType.CHIP_HISTONE,,H3K4me1,
EFO:0007108 Histone ChIP-seq H3K4me3,.,Histone ChIP-seq,EFO:0007108,iPS-20b,cell_line,adult,encode,single,False,OutputType.CHIP_HISTONE,,H3K4me3,
EFO:0007108 Histone ChIP-seq H3K9ac,.,Histone ChIP-seq,EFO:0007108,iPS-20b,cell_line,adult,encode,single,False,OutputType.CHIP_HISTONE,,H3K9ac,
EFO:0007108 Histone ChIP-seq H3K9me3,.,Histone ChIP-seq,EFO:0007108,iPS-20b,cell_line,adult,encode,single,False,OutputType.CHIP_HISTONE,,H3K9me3,
EFO:0007112 Histone ChIP-seq H2AFZ,.,Histone ChIP-seq,EFO:0007112,Loucy,cell_line,adult,encode,single,False,OutputType.CHIP_HISTONE,,H2AFZ,
EFO:0007112 Histone ChIP-seq H3K36me3,.,Histone ChIP-seq,EFO:0007112,Loucy,cell_line,adult,encode,single,False,OutputType.CHIP_HISTONE,,H3K36me3,
EFO:0007112 Histone ChIP-seq H3K4me1,.,Histone ChIP-seq,EFO:0007112,Loucy,cell_line,adult,encode,single,False,OutputType.CHIP_HISTONE,,H3K4me1,
EFO:0007112 Histone ChIP-seq H3K4me2,.,Histone ChIP-seq,EFO:0007112,Loucy,cell_line,adult,encode,single,False,OutputType.CHIP_HISTONE,,H3K4me2,
EFO:0007112 Histone ChIP-seq H3K4me3,.,Histone ChIP-seq,EFO:0007112,Loucy,cell_line,adult,encode,single,False,OutputType.CHIP_HISTONE,,H3K4me3,
EFO:0007112 Histone ChIP-seq H3K79me2,.,Histone ChIP-seq,EFO:0007112,Loucy,cell_line,adult,encode,single,False,OutputType.CHIP_HISTONE,,H3K79me2,
EFO:0007112 Histone ChIP-seq H3K9ac,.,Histone ChIP-seq,EFO:0007112,Loucy,cell_line,adult,encode,single,False,OutputType.CHIP_HISTONE,,H3K9ac,
EFO:0007116 Histone ChIP-seq H3K27me3,.,Histone ChIP-seq,EFO:0007116,UCSF-4,cell_line,embryonic,encode,single,False,OutputType.CHIP_HISTONE,,H3K27me3,
EFO:0007116 Histone ChIP-seq H3K36me3,.,Histone ChIP-seq,EFO:0007116,UCSF-4,cell_line,embryonic,encode,single,False,OutputType.CHIP_HISTONE,,H3K36me3,
EFO:0007116 Histone ChIP-seq H3K4me1,.,Histone ChIP-seq,EFO:0007116,UCSF-4,cell_line,embryonic,encode,single,False,OutputType.CHIP_HISTONE,,H3K4me1,
EFO:0007116 Histone ChIP-seq H3K4me3,.,Histone ChIP-seq,EFO:0007116,UCSF-4,cell_line,embryonic,encode,single,False,OutputType.CHIP_HISTONE,,H3K4me3,
EFO:0007116 Histone ChIP-seq H3K9me3,.,Histone ChIP-seq,EFO:0007116,UCSF-4,cell_line,embryonic,encode,single,False,OutputType.CHIP_HISTONE,,H3K9me3,
EFO:0007598 Histone ChIP-seq H3K27ac,.,Histone ChIP-seq,EFO:0007598,HAP-1,cell_line,adult,encode,paired,False,OutputType.CHIP_HISTONE,,H3K27ac,
EFO:0007598 Histone ChIP-seq H3K36me3,.,Histone ChIP-seq,EFO:0007598,HAP-1,cell_line,adult,encode,paired,False,OutputType.CHIP_HISTONE,,H3K36me3,
EFO:0007598 Histone ChIP-seq H3K4me1,.,Histone ChIP-seq,EFO:0007598,HAP-1,cell_line,adult,encode,paired,False,OutputType.CHIP_HISTONE,,H3K4me1,
EFO:0007598 Histone ChIP-seq H3K4me3,.,Histone ChIP-seq,EFO:0007598,HAP-1,cell_line,adult,encode,paired,False,OutputType.CHIP_HISTONE,,H3K4me3,
EFO:0007610 Histone ChIP-seq H3K27ac,.,Histone ChIP-seq,EFO:0007610,RWPE2,cell_line,adult,encode,paired,False,OutputType.CHIP_HISTONE,,H3K27ac,
EFO:0007610 Histone ChIP-seq H3K36me3,.,Histone ChIP-seq,EFO:0007610,RWPE2,cell_line,unknown,encode,paired,False,OutputType.CHIP_HISTONE,,H3K36me3,
EFO:0007610 Histone ChIP-seq H3K4me3,.,Histone ChIP-seq,EFO:0007610,RWPE2,cell_line,unknown,encode,paired,False,OutputType.CHIP_HISTONE,,H3K4me3,
EFO:0007752 Histone ChIP-seq H3K27ac,.,Histone ChIP-seq,EFO:0007752,VCaP,cell_line,adult,encode,paired,False,OutputType.CHIP_HISTONE,,H3K27ac,
EFO:0007950 Histone ChIP-seq H2AFZ,.,Histone ChIP-seq,EFO:0007950,GM23338,cell_line,adult,encode,paired,False,OutputType.CHIP_HISTONE,,H2AFZ,
EFO:0007950 Histone ChIP-seq H3K27ac,.,Histone ChIP-seq,EFO:0007950,GM23338,cell_line,adult,encode,paired,False,OutputType.CHIP_HISTONE,,H3K27ac,
EFO:0007950 Histone ChIP-seq H3K27me3,.,Histone ChIP-seq,EFO:0007950,GM23338,cell_line,adult,encode,single,False,OutputType.CHIP_HISTONE,,H3K27me3,
EFO:0007950 Histone ChIP-seq H3K36me3,.,Histone ChIP-seq,EFO:0007950,GM23338,cell_line,adult,encode,paired,False,OutputType.CHIP_HISTONE,,H3K36me3,
EFO:0007950 Histone ChIP-seq H3K4me1,.,Histone ChIP-seq,EFO:0007950,GM23338,cell_line,adult,encode,paired,False,OutputType.CHIP_HISTONE,,H3K4me1,
EFO:0007950 Histone ChIP-seq H3K4me2,.,Histone ChIP-seq,EFO:0007950,GM23338,cell_line,adult,encode,single,False,OutputType.CHIP_HISTONE,,H3K4me2,
EFO:0007950 Histone ChIP-seq H3K4me3,.,Histone ChIP-seq,EFO:0007950,GM23338,cell_line,adult,encode,single,False,OutputType.CHIP_HISTONE,,H3K4me3,
EFO:0007950 Histone ChIP-seq H3K79me2,.,Histone ChIP-seq,EFO:0007950,GM23338,cell_line,adult,encode,paired,False,OutputType.CHIP_HISTONE,,H3K79me2,
EFO:0007950 Histone ChIP-seq H4K20me1,.,Histone ChIP-seq,EFO:0007950,GM23338,cell_line,adult,encode,paired,False,OutputType.CHIP_HISTONE,,H4K20me1,
EFO:0030018 Histone ChIP-seq H3K27ac,.,Histone ChIP-seq,EFO:0030018,BLaER1,cell_line,unknown,encode,single,False,OutputType.CHIP_HISTONE,,H3K27ac,
EFO:0030018 Histone ChIP-seq H3K27me3,.,Histone ChIP-seq,EFO:0030018,BLaER1,cell_line,unknown,encode,single,False,OutputType.CHIP_HISTONE,,H3K27me3,
EFO:0030018 Histone ChIP-seq H3K36me3,.,Histone ChIP-seq,EFO:0030018,BLaER1,cell_line,unknown,encode,single,False,OutputType.CHIP_HISTONE,,H3K36me3,
EFO:0030018 Histone ChIP-seq H3K4me1,.,Histone ChIP-seq,EFO:0030018,BLaER1,cell_line,unknown,encode,single,False,OutputType.CHIP_HISTONE,,H3K4me1,
EFO:0030018 Histone ChIP-seq H3K4me2,.,Histone ChIP-seq,EFO:0030018,BLaER1,cell_line,unknown,encode,single,False,OutputType.CHIP_HISTONE,,H3K4me2,
EFO:0030018 Histone ChIP-seq H3K4me3,.,Histone ChIP-seq,EFO:0030018,BLaER1,cell_line,unknown,encode,single,False,OutputType.CHIP_HISTONE,,H3K4me3,
EFO:0030018 Histone ChIP-seq H3K9ac,.,Histone ChIP-seq,EFO:0030018,BLaER1,cell_line,unknown,encode,single,False,OutputType.CHIP_HISTONE,,H3K9ac,
EFO:0030018 Histone ChIP-seq H3K9me3,.,Histone ChIP-seq,EFO:0030018,BLaER1,cell_line,unknown,encode,single,False,OutputType.CHIP_HISTONE,,H3K9me3,
EFO:0030018 Histone ChIP-seq H4K20me1,.,Histone ChIP-seq,EFO:0030018,BLaER1,cell_line,unknown,encode,single,False,OutputType.CHIP_HISTONE,,H4K20me1,
NTR:0000427 Histone ChIP-seq H3K27ac,.,Histone ChIP-seq,NTR:0000427,neurosphere,primary_cell,embryonic,encode,paired,False,OutputType.CHIP_HISTONE,,H3K27ac,
NTR:0000427 Histone ChIP-seq H3K27me3,.,Histone ChIP-seq,NTR:0000427,neurosphere,primary_cell,embryonic,encode,single,False,OutputType.CHIP_HISTONE,,H3K27me3,
NTR:0000427 Histone ChIP-seq H3K36me3,.,Histone ChIP-seq,NTR:0000427,neurosphere,primary_cell,embryonic,encode,single,False,OutputType.CHIP_HISTONE,,H3K36me3,
NTR:0000427 Histone ChIP-seq H3K4me1,.,Histone ChIP-seq,NTR:0000427,neurosphere,primary_cell,embryonic,encode,single,False,OutputType.CHIP_HISTONE,,H3K4me1,
NTR:0000427 Histone ChIP-seq H3K4me3,.,Histone ChIP-seq,NTR:0000427,neurosphere,primary_cell,embryonic,encode,paired,False,OutputType.CHIP_HISTONE,,H3K4me3,
NTR:0000427 Histone ChIP-seq H3K9me3,.,Histone ChIP-seq,NTR:0000427,neurosphere,primary_cell,embryonic,encode,single,False,OutputType.CHIP_HISTONE,,H3K9me3,
NTR:0000493 Histone ChIP-seq H3K27ac,.,Histone ChIP-seq,NTR:0000493,left ventricle myocardium inferior,tissue,adult,encode,single,False,OutputType.CHIP_HISTONE,,H3K27ac,
NTR:0000493 Histone ChIP-seq H3K27me3,.,Histone ChIP-seq,NTR:0000493,left ventricle myocardium inferior,tissue,adult,encode,single,False,OutputType.CHIP_HISTONE,,H3K27me3,
NTR:0000493 Histone ChIP-seq H3K36me3,.,Histone ChIP-seq,NTR:0000493,left ventricle myocardium inferior,tissue,adult,encode,single,False,OutputType.CHIP_HISTONE,,H3K36me3,
NTR:0000493 Histone ChIP-seq H3K4me1,.,Histone ChIP-seq,NTR:0000493,left ventricle myocardium inferior,tissue,adult,encode,single,False,OutputType.CHIP_HISTONE,,H3K4me1,
NTR:0000493 Histone ChIP-seq H3K4me3,.,Histone ChIP-seq,NTR:0000493,left ventricle myocardium inferior,tissue,adult,encode,single,False,OutputType.CHIP_HISTONE,,H3K4me3,
NTR:0000493 Histone ChIP-seq H3K9me3,.,Histone ChIP-seq,NTR:0000493,left ventricle myocardium inferior,tissue,adult,encode,single,False,OutputType.CHIP_HISTONE,,H3K9me3,
NTR:0000856 Histone ChIP-seq H3K18ac,.,Histone ChIP-seq,NTR:0000856,mesendoderm,in_vitro_differentiated_cells,embryonic,encode,single,False,OutputType.CHIP_HISTONE,,H3K18ac,
NTR:0000856 Histone ChIP-seq H3K4ac,.,Histone ChIP-seq,NTR:0000856,mesendoderm,in_vitro_differentiated_cells,embryonic,encode,single,False,OutputType.CHIP_HISTONE,,H3K4ac,
NTR:0000856 Histone ChIP-seq H3K4me2,.,Histone ChIP-seq,NTR:0000856,mesendoderm,in_vitro_differentiated_cells,embryonic,encode,single,False,OutputType.CHIP_HISTONE,,H3K4me2,
NTR:0000856 Histone ChIP-seq H3K4me3,.,Histone ChIP-seq,NTR:0000856,mesendoderm,in_vitro_differentiated_cells,embryonic,encode,single,False,OutputType.CHIP_HISTONE,,H3K4me3,
NTR:0000856 Histone ChIP-seq H3K56ac,.,Histone ChIP-seq,NTR:0000856,mesendoderm,in_vitro_differentiated_cells,embryonic,encode,single,False,OutputType.CHIP_HISTONE,,H3K56ac,
NTR:0000856 Histone ChIP-seq H3K79me2,.,Histone ChIP-seq,NTR:0000856,mesendoderm,in_vitro_differentiated_cells,embryonic,encode,single,False,OutputType.CHIP_HISTONE,,H3K79me2,
NTR:0000856 Histone ChIP-seq H3K9ac,.,Histone ChIP-seq,NTR:0000856,mesendoderm,in_vitro_differentiated_cells,embryonic,encode,single,False,OutputType.CHIP_HISTONE,,H3K9ac,
NTR:0001226 Histone ChIP-seq H2AFZ,.,Histone ChIP-seq,NTR:0001226,parathyroid adenoma,tissue,adult,encode,single,False,OutputType.CHIP_HISTONE,,H2AFZ,
NTR:0001226 Histone ChIP-seq H3K27ac,.,Histone ChIP-seq,NTR:0001226,parathyroid adenoma,tissue,adult,encode,single,False,OutputType.CHIP_HISTONE,,H3K27ac,
NTR:0001226 Histone ChIP-seq H3K4me1,.,Histone ChIP-seq,NTR:0001226,parathyroid adenoma,tissue,adult,encode,single,False,OutputType.CHIP_HISTONE,,H3K4me1,
NTR:0001226 Histone ChIP-seq H3K4me2,.,Histone ChIP-seq,NTR:0001226,parathyroid adenoma,tissue,adult,encode,single,False,OutputType.CHIP_HISTONE,,H3K4me2,
NTR:0001226 Histone ChIP-seq H3K4me3,.,Histone ChIP-seq,NTR:0001226,parathyroid adenoma,tissue,adult,encode,single,False,OutputType.CHIP_HISTONE,,H3K4me3,
NTR:0001226 Histone ChIP-seq H3K79me2,.,Histone ChIP-seq,NTR:0001226,parathyroid adenoma,tissue,adult,encode,single,False,OutputType.CHIP_HISTONE,,H3K79me2,
NTR:0001407 Histone ChIP-seq H3K27me3,.,Histone ChIP-seq,NTR:0001407,germinal matrix,tissue,embryonic,encode,single,False,OutputType.CHIP_HISTONE,,H3K27me3,
NTR:0001407 Histone ChIP-seq H3K36me3,.,Histone ChIP-seq,NTR:0001407,germinal matrix,tissue,embryonic,encode,single,False,OutputType.CHIP_HISTONE,,H3K36me3,
NTR:0001407 Histone ChIP-seq H3K4me1,.,Histone ChIP-seq,NTR:0001407,germinal matrix,tissue,embryonic,encode,single,False,OutputType.CHIP_HISTONE,,H3K4me1,
NTR:0001407 Histone ChIP-seq H3K4me3,.,Histone ChIP-seq,NTR:0001407,germinal matrix,tissue,embryonic,encode,single,False,OutputType.CHIP_HISTONE,,H3K4me3,
NTR:0001407 Histone ChIP-seq H3K9me3,.,Histone ChIP-seq,NTR:0001407,germinal matrix,tissue,embryonic,encode,single,False,OutputType.CHIP_HISTONE,,H3K9me3,
NTR:0003013 Histone ChIP-seq H3K27ac,.,Histone ChIP-seq,NTR:0003013,placental basal plate,tissue,embryonic,encode,single,False,OutputType.CHIP_HISTONE,,H3K27ac,
NTR:0003079 Histone ChIP-seq H3K27ac,.,Histone ChIP-seq,NTR:0003079,fibroblast of breast,primary_cell,adult,encode,single,False,OutputType.CHIP_HISTONE,,H3K27ac,
NTR:0003079 Histone ChIP-seq H3K36me3,.,Histone ChIP-seq,NTR:0003079,fibroblast of breast,primary_cell,adult,encode,single,False,OutputType.CHIP_HISTONE,,H3K36me3,
NTR:0003079 Histone ChIP-seq H3K4me1,.,Histone ChIP-seq,NTR:0003079,fibroblast of breast,primary_cell,adult,encode,single,False,OutputType.CHIP_HISTONE,,H3K4me1,
NTR:0003079 Histone ChIP-seq H3K4me3,.,Histone ChIP-seq,NTR:0003079,fibroblast of breast,primary_cell,adult,encode,single,False,OutputType.CHIP_HISTONE,,H3K4me3,
UBERON:0000016 Histone ChIP-seq H3K27ac,.,Histone ChIP-seq,UBERON:0000016,endocrine pancreas,tissue,adult,encode,single,False,OutputType.CHIP_HISTONE,,H3K27ac,
UBERON:0000016 Histone ChIP-seq H3K36me3,.,Histone ChIP-seq,UBERON:0000016,endocrine pancreas,tissue,adult,encode,single,False,OutputType.CHIP_HISTONE,,H3K36me3,
UBERON:0000016 Histone ChIP-seq H3K4me1,.,Histone ChIP-seq,UBERON:0000016,endocrine pancreas,tissue,adult,encode,single,False,OutputType.CHIP_HISTONE,,H3K4me1,
UBERON:0000016 Histone ChIP-seq H3K4me3,.,Histone ChIP-seq,UBERON:0000016,endocrine pancreas,tissue,adult,encode,single,False,OutputType.CHIP_HISTONE,,H3K4me3,
UBERON:0000016 Histone ChIP-seq H3K9ac,.,Histone ChIP-seq,UBERON:0000016,endocrine pancreas,tissue,adult,encode,single,False,OutputType.CHIP_HISTONE,,H3K9ac,
UBERON:0000059 Histone ChIP-seq H3K27ac,.,Histone ChIP-seq,UBERON:0000059,large intestine,tissue,embryonic,encode,single,False,OutputType.CHIP_HISTONE,,H3K27ac,
UBERON:0000059 Histone ChIP-seq H3K27me3,.,Histone ChIP-seq,UBERON:0000059,large intestine,tissue,embryonic,encode,single,False,OutputType.CHIP_HISTONE,,H3K27me3,
UBERON:0000059 Histone ChIP-seq H3K36me3,.,Histone ChIP-seq,UBERON:0000059,large intestine,tissue,embryonic,encode,single,False,OutputType.CHIP_HISTONE,,H3K36me3,
UBERON:0000059 Histone ChIP-seq H3K4me1,.,Histone ChIP-seq,UBERON:0000059,large intestine,tissue,embryonic,encode,single,False,OutputType.CHIP_HISTONE,,H3K4me1,
UBERON:0000059 Histone ChIP-seq H3K4me3,.,Histone ChIP-seq,UBERON:0000059,large intestine,tissue,embryonic,encode,single,False,OutputType.CHIP_HISTONE,,H3K4me3,
UBERON:0000059 Histone ChIP-seq H3K9me3,.,Histone ChIP-seq,UBERON:0000059,large intestine,tissue,embryonic,encode,single,False,OutputType.CHIP_HISTONE,,H3K9me3,
UBERON:0000088 Histone ChIP-seq H3K27ac,.,Histone ChIP-seq,UBERON:0000088,trophoblast,tissue,embryonic,encode,single,False,OutputType.CHIP_HISTONE,,H3K27ac,
UBERON:0000088 Histone ChIP-seq H3K36me3,.,Histone ChIP-seq,UBERON:0000088,trophoblast,tissue,embryonic,encode,single,False,OutputType.CHIP_HISTONE,,H3K36me3,
UBERON:0000088 Histone ChIP-seq H3K4me1,.,Histone ChIP-seq,UBERON:0000088,trophoblast,tissue,embryonic,encode,single,False,OutputType.CHIP_HISTONE,,H3K4me1,
UBERON:0000305 Histone ChIP-seq H3K36me3,.,Histone ChIP-seq,UBERON:0000305,amnion,tissue,embryonic,encode,single,False,OutputType.CHIP_HISTONE,,H3K36me3,
UBERON:0000305 Histone ChIP-seq H3K4me1,.,Histone ChIP-seq,UBERON:0000305,amnion,tissue,embryonic,encode,single,False,OutputType.CHIP_HISTONE,,H3K4me1,
UBERON:0000305 Histone ChIP-seq H3K4me3,.,Histone ChIP-seq,UBERON:0000305,amnion,tissue,embryonic,encode,single,False,OutputType.CHIP_HISTONE,,H3K4me3,
UBERON:0000317 Histone ChIP-seq H3K27ac,.,Histone ChIP-seq,UBERON:0000317,colonic mucosa,tissue,adult,encode,single,False,OutputType.CHIP_HISTONE,,H3K27ac,
UBERON:0000317 Histone ChIP-seq H3K27me3,.,Histone ChIP-seq,UBERON:0000317,colonic mucosa,tissue,adult,encode,single,False,OutputType.CHIP_HISTONE,,H3K27me3,
UBERON:0000317 Histone ChIP-seq H3K36me3,.,Histone ChIP-seq,UBERON:0000317,colonic mucosa,tissue,adult,encode,single,False,OutputType.CHIP_HISTONE,,H3K36me3,
UBERON:0000317 Histone ChIP-seq H3K4me1,.,Histone ChIP-seq,UBERON:0000317,colonic mucosa,tissue,adult,encode,single,False,OutputType.CHIP_HISTONE,,H3K4me1,
UBERON:0000317 Histone ChIP-seq H3K4me3,.,Histone ChIP-seq,UBERON:0000317,colonic mucosa,tissue,adult,encode,single,False,OutputType.CHIP_HISTONE,,H3K4me3,
UBERON:0000317 Histone ChIP-seq H3K9ac,.,Histone ChIP-seq,UBERON:0000317,colonic mucosa,tissue,adult,encode,single,False,OutputType.CHIP_HISTONE,,H3K9ac,
UBERON:0000320 Histone ChIP-seq H3K27ac,.,Histone ChIP-seq,UBERON:0000320,duodenal mucosa,tissue,adult,encode,single,False,OutputType.CHIP_HISTONE,,H3K27ac,
UBERON:0000320 Histone ChIP-seq H3K27me3,.,Histone ChIP-seq,UBERON:0000320,duodenal mucosa,tissue,adult,encode,single,False,OutputType.CHIP_HISTONE,,H3K27me3,
UBERON:0000320 Histone ChIP-seq H3K36me3,.,Histone ChIP-seq,UBERON:0000320,duodenal mucosa,tissue,adult,encode,single,False,OutputType.CHIP_HISTONE,,H3K36me3,
UBERON:0000320 Histone ChIP-seq H3K4me1,.,Histone ChIP-seq,UBERON:0000320,duodenal mucosa,tissue,adult,encode,single,False,OutputType.CHIP_HISTONE,,H3K4me1,
UBERON:0000320 Histone ChIP-seq H3K4me3,.,Histone ChIP-seq,UBERON:0000320,duodenal mucosa,tissue,adult,encode,single,False,OutputType.CHIP_HISTONE,,H3K4me3,
UBERON:0000320 Histone ChIP-seq H3K9ac,.,Histone ChIP-seq,UBERON:0000320,duodenal mucosa,tissue,adult,encode,single,False,OutputType.CHIP_HISTONE,,H3K9ac,
UBERON:0000320 Histone ChIP-seq H3K9me3,.,Histone ChIP-seq,UBERON:0000320,duodenal mucosa,tissue,adult,encode,single,False,OutputType.CHIP_HISTONE,,H3K9me3,
UBERON:0000473 Histone ChIP-seq H3K27ac,.,Histone ChIP-seq,UBERON:0000473,testis,tissue,adult,encode,single,False,OutputType.CHIP_HISTONE,,H3K27ac,
UBERON:0000473 Histone ChIP-seq H3K4me1,.,Histone ChIP-seq,UBERON:0000473,testis,tissue,adult,encode,single,False,OutputType.CHIP_HISTONE,,H3K4me1,
UBERON:0000473 Histone ChIP-seq H3K4me3,.,Histone ChIP-seq,UBERON:0000473,testis,tissue,adult,encode,single,False,OutputType.CHIP_HISTONE,,H3K4me3,
UBERON:0000945 Histone ChIP-seq H3K27ac,.,Histone ChIP-seq,UBERON:0000945,stomach,tissue,adult,encode,single,False,OutputType.CHIP_HISTONE,,H3K27ac,
UBERON:0000945 Histone ChIP-seq H3K27me3,.,Histone ChIP-seq,UBERON:0000945,stomach,tissue,adult,encode,single,False,OutputType.CHIP_HISTONE,,H3K27me3,
UBERON:0000945 Histone ChIP-seq H3K36me3,.,Histone ChIP-seq,UBERON:0000945,stomach,tissue,adult,encode,single,False,OutputType.CHIP_HISTONE,,H3K36me3,
UBERON:0000945 Histone ChIP-seq H3K4me1,.,Histone ChIP-seq,UBERON:0000945,stomach,tissue,adult,encode,single,False,OutputType.CHIP_HISTONE,,H3K4me1,
UBERON:0000945 Histone ChIP-seq H3K4me3,.,Histone ChIP-seq,UBERON:0000945,stomach,tissue,adult,encode,single,False,OutputType.CHIP_HISTONE,,H3K4me3,
UBERON:0000945 Histone ChIP-seq H3K9me3,.,Histone ChIP-seq,UBERON:0000945,stomach,tissue,adult,encode,single,False,OutputType.CHIP_HISTONE,,H3K9me3,
UBERON:0000947 Histone ChIP-seq H3K27ac,.,Histone ChIP-seq,UBERON:0000947,aorta,tissue,adult,encode,single,False,OutputType.CHIP_HISTONE,,H3K27ac,
UBERON:0000947 Histone ChIP-seq H3K36me3,.,Histone ChIP-seq,UBERON:0000947,aorta,tissue,adult,encode,single,False,OutputType.CHIP_HISTONE,,H3K36me3,
UBERON:0000947 Histone ChIP-seq H3K4me3,.,Histone ChIP-seq,UBERON:0000947,aorta,tissue,adult,encode,single,False,OutputType.CHIP_HISTONE,,H3K4me3,
UBERON:0000948 Histone ChIP-seq H3K27me3,.,Histone ChIP-seq,UBERON:0000948,heart,tissue,embryonic,encode,single,False,OutputType.CHIP_HISTONE,,H3K27me3,
UBERON:0000948 Histone ChIP-seq H3K4me1,.,Histone ChIP-seq,UBERON:0000948,heart,tissue,embryonic,encode,single,False,OutputType.CHIP_HISTONE,,H3K4me1,
UBERON:0000948 Histone ChIP-seq H3K4me3,.,Histone ChIP-seq,UBERON:0000948,heart,tissue,embryonic,encode,single,False,OutputType.CHIP_HISTONE,,H3K4me3,
UBERON:0000948 Histone ChIP-seq H3K9ac,.,Histone ChIP-seq,UBERON:0000948,heart,tissue,embryonic,encode,single,False,OutputType.CHIP_HISTONE,,H3K9ac,
UBERON:0000955 Histone ChIP-seq H3K27me3,.,Histone ChIP-seq,UBERON:0000955,brain,tissue,embryonic,encode,single,False,OutputType.CHIP_HISTONE,,H3K27me3,
UBERON:0000955 Histone ChIP-seq H3K36me3,.,Histone ChIP-seq,UBERON:0000955,brain,tissue,embryonic,encode,single,False,OutputType.CHIP_HISTONE,,H3K36me3,
UBERON:0000955 Histone ChIP-seq H3K4me1,.,Histone ChIP-seq,UBERON:0000955,brain,tissue,embryonic,encode,single,False,OutputType.CHIP_HISTONE,,H3K4me1,
UBERON:0000955 Histone ChIP-seq H3K4me3,.,Histone ChIP-seq,UBERON:0000955,brain,tissue,embryonic,encode,single,False,OutputType.CHIP_HISTONE,,H3K4me3,
UBERON:0000955 Histone ChIP-seq H3K9me3,.,Histone ChIP-seq,UBERON:0000955,brain,tissue,embryonic,encode,single,False,OutputType.CHIP_HISTONE,,H3K9me3,
UBERON:0000992 Histone ChIP-seq H3K27ac,.,Histone ChIP-seq,UBERON:0000992,ovary,tissue,adult,encode,single,False,OutputType.CHIP_HISTONE,,H3K27ac,
UBERON:0000992 Histone ChIP-seq H3K27me3,.,Histone ChIP-seq,UBERON:0000992,ovary,tissue,adult,encode,single,False,OutputType.CHIP_HISTONE,,H3K27me3,
UBERON:0000992 Histone ChIP-seq H3K36me3,.,Histone ChIP-seq,UBERON:0000992,ovary,tissue,adult,encode,single,False,OutputType.CHIP_HISTONE,,H3K36me3,
UBERON:0000992 Histone ChIP-seq H3K4me1,.,Histone ChIP-seq,UBERON:0000992,ovary,tissue,adult,encode,single,False,OutputType.CHIP_HISTONE,,H3K4me1,
UBERON:0000992 Histone ChIP-seq H3K4me3,.,Histone ChIP-seq,UBERON:0000992,ovary,tissue,adult,encode,single,False,OutputType.CHIP_HISTONE,,H3K4me3,
UBERON:0000992 Histone ChIP-seq H3K9me3,.,Histone ChIP-seq,UBERON:0000992,ovary,tissue,adult,encode,single,False,OutputType.CHIP_HISTONE,,H3K9me3,
UBERON:0000995 Histone ChIP-seq H3K27ac,.,Histone ChIP-seq,UBERON:0000995,uterus,tissue,adult,encode,single,False,OutputType.CHIP_HISTONE,,H3K27ac,
UBERON:0000995 Histone ChIP-seq H3K4me3,.,Histone ChIP-seq,UBERON:0000995,uterus,tissue,adult,encode,single,False,OutputType.CHIP_HISTONE,,H3K4me3,
UBERON:0000996 Histone ChIP-seq H3K27ac,.,Histone ChIP-seq,UBERON:0000996,vagina,tissue,adult,encode,single,False,OutputType.CHIP_HISTONE,,H3K27ac,
UBERON:0000996 Histone ChIP-seq H3K36me3,.,Histone ChIP-seq,UBERON:0000996,vagina,tissue,adult,encode,single,False,OutputType.CHIP_HISTONE,,H3K36me3,
UBERON:0000996 Histone ChIP-seq H3K4me1,.,Histone ChIP-seq,UBERON:0000996,vagina,tissue,adult,encode,single,False,OutputType.CHIP_HISTONE,,H3K4me1,
UBERON:0000996 Histone ChIP-seq H3K4me3,.,Histone ChIP-seq,UBERON:0000996,vagina,tissue,adult,encode,single,False,OutputType.CHIP_HISTONE,,H3K4me3,
UBERON:0001003 Histone ChIP-seq H3K27ac,.,Histone ChIP-seq,UBERON:0001003,skin epidermis,tissue,adult,encode,single,False,OutputType.CHIP_HISTONE,,H3K27ac,
UBERON:0001003 Histone ChIP-seq H3K4me3,.,Histone ChIP-seq,UBERON:0001003,skin epidermis,tissue,adult,encode,single,False,OutputType.CHIP_HISTONE,,H3K4me3,
UBERON:0001043 Histone ChIP-seq H3K27ac,.,Histone ChIP-seq,UBERON:0001043,esophagus,tissue,adult,encode,single,False,OutputType.CHIP_HISTONE,,H3K27ac,
UBERON:0001043 Histone ChIP-seq H3K36me3,.,Histone ChIP-seq,UBERON:0001043,esophagus,tissue,adult,encode,single,False,OutputType.CHIP_HISTONE,,H3K36me3,
UBERON:0001043 Histone ChIP-seq H3K4me1,.,Histone ChIP-seq,UBERON:0001043,esophagus,tissue,adult,encode,single,False,OutputType.CHIP_HISTONE,,H3K4me1,
UBERON:0001043 Histone ChIP-seq H3K4me3,.,Histone ChIP-seq,UBERON:0001043,esophagus,tissue,adult,encode,single,False,OutputType.CHIP_HISTONE,,H3K4me3,
UBERON:0001043 Histone ChIP-seq H3K9me3,.,Histone ChIP-seq,UBERON:0001043,esophagus,tissue,adult,encode,single,False,OutputType.CHIP_HISTONE,,H3K9me3,
UBERON:0001114 Histone ChIP-seq H3K27ac,.,Histone ChIP-seq,UBERON:0001114,right lobe of liver,tissue,adult,encode,single,False,OutputType.CHIP_HISTONE,,H3K27ac,
UBERON:0001114 Histone ChIP-seq H3K36me3,.,Histone ChIP-seq,UBERON:0001114,right lobe of liver,tissue,adult,encode,single,False,OutputType.CHIP_HISTONE,,H3K36me3,
UBERON:0001114 Histone ChIP-seq H3K4me1,.,Histone ChIP-seq,UBERON:0001114,right lobe of liver,tissue,adult,encode,single,False,OutputType.CHIP_HISTONE,,H3K4me1,
UBERON:0001114 Histone ChIP-seq H3K4me3,.,Histone ChIP-seq,UBERON:0001114,right lobe of liver,tissue,adult,encode,single,False,OutputType.CHIP_HISTONE,,H3K4me3,
UBERON:0001134 Histone ChIP-seq H3K27ac,.,Histone ChIP-seq,UBERON:0001134,skeletal muscle tissue,tissue,adult,encode,single,False,OutputType.CHIP_HISTONE,,H3K27ac,
UBERON:0001134 Histone ChIP-seq H3K27me3,.,Histone ChIP-seq,UBERON:0001134,skeletal muscle tissue,tissue,adult,encode,single,False,OutputType.CHIP_HISTONE,,H3K27me3,
UBERON:0001134 Histone ChIP-seq H3K36me3,.,Histone ChIP-seq,UBERON:0001134,skeletal muscle tissue,tissue,adult,encode,single,False,OutputType.CHIP_HISTONE,,H3K36me3,
UBERON:0001134 Histone ChIP-seq H3K4me1,.,Histone ChIP-seq,UBERON:0001134,skeletal muscle tissue,tissue,adult,encode,single,False,OutputType.CHIP_HISTONE,,H3K4me1,
UBERON:0001134 Histone ChIP-seq H3K4me3,.,Histone ChIP-seq,UBERON:0001134,skeletal muscle tissue,tissue,adult,encode,single,False,OutputType.CHIP_HISTONE,,H3K4me3,
UBERON:0001134 Histone ChIP-seq H3K9ac,.,Histone ChIP-seq,UBERON:0001134,skeletal muscle tissue,tissue,adult,encode,single,False,OutputType.CHIP_HISTONE,,H3K9ac,
UBERON:0001150 Histone ChIP-seq H3K27ac,.,Histone ChIP-seq,UBERON:0001150,body of pancreas,tissue,adult,encode,single,False,OutputType.CHIP_HISTONE,,H3K27ac,
UBERON:0001150 Histone ChIP-seq H3K4me1,.,Histone ChIP-seq,UBERON:0001150,body of pancreas,tissue,adult,encode,single,False,OutputType.CHIP_HISTONE,,H3K4me1,
UBERON:0001150 Histone ChIP-seq H3K4me3,.,Histone ChIP-seq,UBERON:0001150,body of pancreas,tissue,adult,encode,single,False,OutputType.CHIP_HISTONE,,H3K4me3,
UBERON:0001157 Histone ChIP-seq H3K27ac,.,Histone ChIP-seq,UBERON:0001157,transverse colon,tissue,adult,encode,single,False,OutputType.CHIP_HISTONE,,H3K27ac,
UBERON:0001157 Histone ChIP-seq H3K27me3,.,Histone ChIP-seq,UBERON:0001157,transverse colon,tissue,adult,encode,single,False,OutputType.CHIP_HISTONE,,H3K27me3,
UBERON:0001157 Histone ChIP-seq H3K36me3,.,Histone ChIP-seq,UBERON:0001157,transverse colon,tissue,adult,encode,single,False,OutputType.CHIP_HISTONE,,H3K36me3,
UBERON:0001157 Histone ChIP-seq H3K4me1,.,Histone ChIP-seq,UBERON:0001157,transverse colon,tissue,adult,encode,single,False,OutputType.CHIP_HISTONE,,H3K4me1,
UBERON:0001157 Histone ChIP-seq H3K4me3,.,Histone ChIP-seq,UBERON:0001157,transverse colon,tissue,adult,encode,single,False,OutputType.CHIP_HISTONE,,H3K4me3,
UBERON:0001159 Histone ChIP-seq H3K27ac,.,Histone ChIP-seq,UBERON:0001159,sigmoid colon,tissue,adult,encode,single,False,OutputType.CHIP_HISTONE,,H3K27ac,
UBERON:0001159 Histone ChIP-seq H3K27me3,.,Histone ChIP-seq,UBERON:0001159,sigmoid colon,tissue,adult,encode,single,False,OutputType.CHIP_HISTONE,,H3K27me3,
UBERON:0001159 Histone ChIP-seq H3K36me3,.,Histone ChIP-seq,UBERON:0001159,sigmoid colon,tissue,adult,encode,single,False,OutputType.CHIP_HISTONE,,H3K36me3,
UBERON:0001159 Histone ChIP-seq H3K4me1,.,Histone ChIP-seq,UBERON:0001159,sigmoid colon,tissue,adult,encode,single,False,OutputType.CHIP_HISTONE,,H3K4me1,
UBERON:0001159 Histone ChIP-seq H3K4me3,.,Histone ChIP-seq,UBERON:0001159,sigmoid colon,tissue,adult,encode,single,False,OutputType.CHIP_HISTONE,,H3K4me3,
UBERON:0001199 Histone ChIP-seq H3K27me3,.,Histone ChIP-seq,UBERON:0001199,mucosa of stomach,tissue,adult,encode,single,False,OutputType.CHIP_HISTONE,,H3K27me3,
UBERON:0001199 Histone ChIP-seq H3K4me1,.,Histone ChIP-seq,UBERON:0001199,mucosa of stomach,tissue,adult,encode,single,False,OutputType.CHIP_HISTONE,,H3K4me1,
UBERON:0001199 Histone ChIP-seq H3K4me3,.,Histone ChIP-seq,UBERON:0001199,mucosa of stomach,tissue,adult,encode,single,False,OutputType.CHIP_HISTONE,,H3K4me3,
UBERON:0001199 Histone ChIP-seq H3K9ac,.,Histone ChIP-seq,UBERON:0001199,mucosa of stomach,tissue,adult,encode,single,False,OutputType.CHIP_HISTONE,,H3K9ac,
UBERON:0001211 Histone ChIP-seq H3K27ac,.,Histone ChIP-seq,UBERON:0001211,Peyer's patch,tissue,adult,encode,single,False,OutputType.CHIP_HISTONE,,H3K27ac,
UBERON:0001211 Histone ChIP-seq H3K36me3,.,Histone ChIP-seq,UBERON:0001211,Peyer's patch,tissue,adult,encode,single,False,OutputType.CHIP_HISTONE,,H3K36me3,
UBERON:0001211 Histone ChIP-seq H3K4me1,.,Histone ChIP-seq,UBERON:0001211,Peyer's patch,tissue,adult,encode,single,False,OutputType.CHIP_HISTONE,,H3K4me1,
UBERON:0001211 Histone ChIP-seq H3K4me3,.,Histone ChIP-seq,UBERON:0001211,Peyer's patch,tissue,adult,encode,single,False,OutputType.CHIP_HISTONE,,H3K4me3,
UBERON:0001211 Histone ChIP-seq H3K9me3,.,Histone ChIP-seq,UBERON:0001211,Peyer's patch,tissue,adult,encode,single,False,OutputType.CHIP_HISTONE,,H3K9me3,
UBERON:0001255 Histone ChIP-seq H3K27ac,.,Histone ChIP-seq,UBERON:0001255,urinary bladder,tissue,adult,encode,single,False,OutputType.CHIP_HISTONE,,H3K27ac,
UBERON:0001255 Histone ChIP-seq H3K4me3,.,Histone ChIP-seq,UBERON:0001255,urinary bladder,tissue,adult,encode,single,False,OutputType.CHIP_HISTONE,,H3K4me3,
UBERON:0001264 Histone ChIP-seq H3K27ac,.,Histone ChIP-seq,UBERON:0001264,pancreas,tissue,adult,encode,single,False,OutputType.CHIP_HISTONE,,H3K27ac,
UBERON:0001264 Histone ChIP-seq H3K36me3,.,Histone ChIP-seq,UBERON:0001264,pancreas,tissue,adult,encode,single,False,OutputType.CHIP_HISTONE,,H3K36me3,
UBERON:0001264 Histone ChIP-seq H3K4me1,.,Histone ChIP-seq,UBERON:0001264,pancreas,tissue,adult,encode,single,False,OutputType.CHIP_HISTONE,,H3K4me1,
UBERON:0001264 Histone ChIP-seq H3K4me3,.,Histone ChIP-seq,UBERON:0001264,pancreas,tissue,adult,encode,single,False,OutputType.CHIP_HISTONE,,H3K4me3,
UBERON:0001264 Histone ChIP-seq H3K9me3,.,Histone ChIP-seq,UBERON:0001264,pancreas,tissue,adult,encode,single,False,OutputType.CHIP_HISTONE,,H3K9me3,
UBERON:0001323 Histone ChIP-seq H3K27ac,.,Histone ChIP-seq,UBERON:0001323,tibial nerve,tissue,adult,encode,single,False,OutputType.CHIP_HISTONE,,H3K27ac,
UBERON:0001323 Histone ChIP-seq H3K27me3,.,Histone ChIP-seq,UBERON:0001323,tibial nerve,tissue,adult,encode,single,False,OutputType.CHIP_HISTONE,,H3K27me3,
UBERON:0001323 Histone ChIP-seq H3K36me3,.,Histone ChIP-seq,UBERON:0001323,tibial nerve,tissue,adult,encode,single,False,OutputType.CHIP_HISTONE,,H3K36me3,
UBERON:0001323 Histone ChIP-seq H3K4me1,.,Histone ChIP-seq,UBERON:0001323,tibial nerve,tissue,adult,encode,single,False,OutputType.CHIP_HISTONE,,H3K4me1,
UBERON:0001323 Histone ChIP-seq H3K4me3,.,Histone ChIP-seq,UBERON:0001323,tibial nerve,tissue,adult,encode,single,False,OutputType.CHIP_HISTONE,,H3K4me3,
UBERON:0001323 Histone ChIP-seq H3K9me3,.,Histone ChIP-seq,UBERON:0001323,tibial nerve,tissue,adult,encode,single,False,OutputType.CHIP_HISTONE,,H3K9me3,
UBERON:0001383 Histone ChIP-seq H3K27ac,.,Histone ChIP-seq,UBERON:0001383,muscle of leg,tissue,embryonic,encode,single,False,OutputType.CHIP_HISTONE,,H3K27ac,
UBERON:0001383 Histone ChIP-seq H3K27me3,.,Histone ChIP-seq,UBERON:0001383,muscle of leg,tissue,embryonic,encode,single,False,OutputType.CHIP_HISTONE,,H3K27me3,
UBERON:0001383 Histone ChIP-seq H3K36me3,.,Histone ChIP-seq,UBERON:0001383,muscle of leg,tissue,embryonic,encode,single,False,OutputType.CHIP_HISTONE,,H3K36me3,
UBERON:0001383 Histone ChIP-seq H3K4me1,.,Histone ChIP-seq,UBERON:0001383,muscle of leg,tissue,embryonic,encode,single,False,OutputType.CHIP_HISTONE,,H3K4me1,
UBERON:0001383 Histone ChIP-seq H3K4me3,.,Histone ChIP-seq,UBERON:0001383,muscle of leg,tissue,embryonic,encode,single,False,OutputType.CHIP_HISTONE,,H3K4me3,
UBERON:0001383 Histone ChIP-seq H3K9me3,.,Histone ChIP-seq,UBERON:0001383,muscle of leg,tissue,embryonic,encode,single,False,OutputType.CHIP_HISTONE,,H3K9me3,
UBERON:0001496 Histone ChIP-seq H3K27ac,.,Histone ChIP-seq,UBERON:0001496,ascending aorta,tissue,adult,encode,single,False,OutputType.CHIP_HISTONE,,H3K27ac,
UBERON:0001496 Histone ChIP-seq H3K36me3,.,Histone ChIP-seq,UBERON:0001496,ascending aorta,tissue,adult,encode,single,False,OutputType.CHIP_HISTONE,,H3K36me3,
UBERON:0001496 Histone ChIP-seq H3K4me1,.,Histone ChIP-seq,UBERON:0001496,ascending aorta,tissue,adult,encode,single,False,OutputType.CHIP_HISTONE,,H3K4me1,
UBERON:0001496 Histone ChIP-seq H3K4me3,.,Histone ChIP-seq,UBERON:0001496,ascending aorta,tissue,adult,encode,single,False,OutputType.CHIP_HISTONE,,H3K4me3,
UBERON:0001496 Histone ChIP-seq H3K9me3,.,Histone ChIP-seq,UBERON:0001496,ascending aorta,tissue,adult,encode,single,False,OutputType.CHIP_HISTONE,,H3K9me3,
UBERON:0001515 Histone ChIP-seq H3K27ac,.,Histone ChIP-seq,UBERON:0001515,thoracic aorta,tissue,adult,encode,single,False,OutputType.CHIP_HISTONE,,H3K27ac,
UBERON:0001515 Histone ChIP-seq H3K36me3,.,Histone ChIP-seq,UBERON:0001515,thoracic aorta,tissue,adult,encode,single,False,OutputType.CHIP_HISTONE,,H3K36me3,
UBERON:0001515 Histone ChIP-seq H3K4me1,.,Histone ChIP-seq,UBERON:0001515,thoracic aorta,tissue,adult,encode,single,False,OutputType.CHIP_HISTONE,,H3K4me1,
UBERON:0001515 Histone ChIP-seq H3K4me3,.,Histone ChIP-seq,UBERON:0001515,thoracic aorta,tissue,adult,encode,single,False,OutputType.CHIP_HISTONE,,H3K4me3,
UBERON:0001621 Histone ChIP-seq H3K27ac,.,Histone ChIP-seq,UBERON:0001621,coronary artery,tissue,adult,encode,single,False,OutputType.CHIP_HISTONE,,H3K27ac,
UBERON:0001621 Histone ChIP-seq H3K4me3,.,Histone ChIP-seq,UBERON:0001621,coronary artery,tissue,adult,encode,single,False,OutputType.CHIP_HISTONE,,H3K4me3,
UBERON:0001774 Histone ChIP-seq H3K27ac,.,Histone ChIP-seq,UBERON:0001774,muscle of trunk,tissue,embryonic,encode,single,False,OutputType.CHIP_HISTONE,,H3K27ac,
UBERON:0001774 Histone ChIP-seq H3K27me3,.,Histone ChIP-seq,UBERON:0001774,muscle of trunk,tissue,embryonic,encode,single,False,OutputType.CHIP_HISTONE,,H3K27me3,
UBERON:0001774 Histone ChIP-seq H3K36me3,.,Histone ChIP-seq,UBERON:0001774,muscle of trunk,tissue,embryonic,encode,single,False,OutputType.CHIP_HISTONE,,H3K36me3,
UBERON:0001774 Histone ChIP-seq H3K4me1,.,Histone ChIP-seq,UBERON:0001774,muscle of trunk,tissue,embryonic,encode,single,False,OutputType.CHIP_HISTONE,,H3K4me1,
UBERON:0001774 Histone ChIP-seq H3K4me3,.,Histone ChIP-seq,UBERON:0001774,muscle of trunk,tissue,embryonic,encode,single,False,OutputType.CHIP_HISTONE,,H3K4me3,
UBERON:0001774 Histone ChIP-seq H3K9me3,.,Histone ChIP-seq,UBERON:0001774,muscle of trunk,tissue,embryonic,encode,single,False,OutputType.CHIP_HISTONE,,H3K9me3,
UBERON:0001871 Histone ChIP-seq H3K27ac,.,Histone ChIP-seq,UBERON:0001871,temporal lobe,tissue,adult,encode,single,False,OutputType.CHIP_HISTONE,,H3K27ac,
UBERON:0001871 Histone ChIP-seq H3K36me3,.,Histone ChIP-seq,UBERON:0001871,temporal lobe,tissue,adult,encode,single,False,OutputType.CHIP_HISTONE,,H3K36me3,
UBERON:0001871 Histone ChIP-seq H3K4me1,.,Histone ChIP-seq,UBERON:0001871,temporal lobe,tissue,adult,encode,single,False,OutputType.CHIP_HISTONE,,H3K4me1,
UBERON:0001871 Histone ChIP-seq H3K4me3,.,Histone ChIP-seq,UBERON:0001871,temporal lobe,tissue,adult,encode,single,False,OutputType.CHIP_HISTONE,,H3K4me3,
UBERON:0001871 Histone ChIP-seq H3K9ac,.,Histone ChIP-seq,UBERON:0001871,temporal lobe,tissue,adult,encode,single,False,OutputType.CHIP_HISTONE,,H3K9ac,
UBERON:0001873 Histone ChIP-seq H3K27ac,.,Histone ChIP-seq,UBERON:0001873,caudate nucleus,tissue,adult,encode,single,False,OutputType.CHIP_HISTONE,,H3K27ac,
UBERON:0001873 Histone ChIP-seq H3K36me3,.,Histone ChIP-seq,UBERON:0001873,caudate nucleus,tissue,adult,encode,single,False,OutputType.CHIP_HISTONE,,H3K36me3,
UBERON:0001873 Histone ChIP-seq H3K4me1,.,Histone ChIP-seq,UBERON:0001873,caudate nucleus,tissue,adult,encode,single,False,OutputType.CHIP_HISTONE,,H3K4me1,
UBERON:0001873 Histone ChIP-seq H3K4me3,.,Histone ChIP-seq,UBERON:0001873,caudate nucleus,tissue,adult,encode,single,False,OutputType.CHIP_HISTONE,,H3K4me3,
UBERON:0001873 Histone ChIP-seq H3K9ac,.,Histone ChIP-seq,UBERON:0001873,caudate nucleus,tissue,adult,encode,single,False,OutputType.CHIP_HISTONE,,H3K9ac,
UBERON:0001987 Histone ChIP-seq H3K27ac,.,Histone ChIP-seq,UBERON:0001987,placenta,tissue,embryonic,encode,single,False,OutputType.CHIP_HISTONE,,H3K27ac,
UBERON:0001987 Histone ChIP-seq H3K27me3,.,Histone ChIP-seq,UBERON:0001987,placenta,tissue,embryonic,encode,single,False,OutputType.CHIP_HISTONE,,H3K27me3,
UBERON:0001987 Histone ChIP-seq H3K36me3,.,Histone ChIP-seq,UBERON:0001987,placenta,tissue,embryonic,encode,single,False,OutputType.CHIP_HISTONE,,H3K36me3,
UBERON:0001987 Histone ChIP-seq H3K4me1,.,Histone ChIP-seq,UBERON:0001987,placenta,tissue,embryonic,encode,single,False,OutputType.CHIP_HISTONE,,H3K4me1,
UBERON:0001987 Histone ChIP-seq H3K4me3,.,Histone ChIP-seq,UBERON:0001987,placenta,tissue,embryonic,encode,single,False,OutputType.CHIP_HISTONE,,H3K4me3,
UBERON:0001987 Histone ChIP-seq H3K9me3,.,Histone ChIP-seq,UBERON:0001987,placenta,tissue,embryonic,encode,single,False,OutputType.CHIP_HISTONE,,H3K9me3,
UBERON:0002037 Histone ChIP-seq H3K4me3,.,Histone ChIP-seq,UBERON:0002037,cerebellum,tissue,adult,encode,single,False,OutputType.CHIP_HISTONE,,H3K4me3,
UBERON:0002038 Histone ChIP-seq H3K27ac,.,Histone ChIP-seq,UBERON:0002038,substantia nigra,tissue,adult,encode,single,False,OutputType.CHIP_HISTONE,,H3K27ac,
UBERON:0002038 Histone ChIP-seq H3K36me3,.,Histone ChIP-seq,UBERON:0002038,substantia nigra,tissue,adult,encode,single,False,OutputType.CHIP_HISTONE,,H3K36me3,
UBERON:0002038 Histone ChIP-seq H3K4me1,.,Histone ChIP-seq,UBERON:0002038,substantia nigra,tissue,adult,encode,single,False,OutputType.CHIP_HISTONE,,H3K4me1,
UBERON:0002038 Histone ChIP-seq H3K4me3,.,Histone ChIP-seq,UBERON:0002038,substantia nigra,tissue,adult,encode,single,False,OutputType.CHIP_HISTONE,,H3K4me3,
UBERON:0002038 Histone ChIP-seq H3K9ac,.,Histone ChIP-seq,UBERON:0002038,substantia nigra,tissue,adult,encode,single,False,OutputType.CHIP_HISTONE,,H3K9ac,
UBERON:0002046 Histone ChIP-seq H3K27ac,.,Histone ChIP-seq,UBERON:0002046,thyroid gland,tissue,adult,encode,single,False,OutputType.CHIP_HISTONE,,H3K27ac,
UBERON:0002046 Histone ChIP-seq H3K36me3,.,Histone ChIP-seq,UBERON:0002046,thyroid gland,tissue,adult,encode,single,False,OutputType.CHIP_HISTONE,,H3K36me3,
UBERON:0002046 Histone ChIP-seq H3K4me1,.,Histone ChIP-seq,UBERON:0002046,thyroid gland,tissue,adult,encode,single,False,OutputType.CHIP_HISTONE,,H3K4me1,
UBERON:0002046 Histone ChIP-seq H3K4me3,.,Histone ChIP-seq,UBERON:0002046,thyroid gland,tissue,adult,encode,single,False,OutputType.CHIP_HISTONE,,H3K4me3,
UBERON:0002048 Histone ChIP-seq H3K27ac,.,Histone ChIP-seq,UBERON:0002048,lung,tissue,adult,encode,single,False,OutputType.CHIP_HISTONE,,H3K27ac,
UBERON:0002048 Histone ChIP-seq H3K27me3,.,Histone ChIP-seq,UBERON:0002048,lung,tissue,embryonic,encode,single,False,OutputType.CHIP_HISTONE,,H3K27me3,
UBERON:0002048 Histone ChIP-seq H3K36me3,.,Histone ChIP-seq,UBERON:0002048,lung,tissue,adult,encode,single,False,OutputType.CHIP_HISTONE,,H3K36me3,
UBERON:0002048 Histone ChIP-seq H3K4me1,.,Histone ChIP-seq,UBERON:0002048,lung,tissue,adult,encode,single,False,OutputType.CHIP_HISTONE,,H3K4me1,
UBERON:0002048 Histone ChIP-seq H3K4me3,.,Histone ChIP-seq,UBERON:0002048,lung,tissue,adult,encode,single,False,OutputType.CHIP_HISTONE,,H3K4me3,
UBERON:0002048 Histone ChIP-seq H3K9ac,.,Histone ChIP-seq,UBERON:0002048,lung,tissue,embryonic,encode,single,False,OutputType.CHIP_HISTONE,,H3K9ac,
UBERON:0002048 Histone ChIP-seq H3K9me3,.,Histone ChIP-seq,UBERON:0002048,lung,tissue,adult,encode,single,False,OutputType.CHIP_HISTONE,,H3K9me3,
UBERON:0002078 Histone ChIP-seq H3K27ac,.,Histone ChIP-seq,UBERON:0002078,right cardiac atrium,tissue,adult,encode,single,False,OutputType.CHIP_HISTONE,,H3K27ac,
UBERON:0002078 Histone ChIP-seq H3K4me1,.,Histone ChIP-seq,UBERON:0002078,right cardiac atrium,tissue,adult,encode,single,False,OutputType.CHIP_HISTONE,,H3K4me1,
UBERON:0002078 Histone ChIP-seq H3K4me3,.,Histone ChIP-seq,UBERON:0002078,right cardiac atrium,tissue,adult,encode,single,False,OutputType.CHIP_HISTONE,,H3K4me3,
UBERON:0002080 Histone ChIP-seq H3K27ac,.,Histone ChIP-seq,UBERON:0002080,heart right ventricle,tissue,adult,encode,single,False,OutputType.CHIP_HISTONE,,H3K27ac,
UBERON:0002080 Histone ChIP-seq H3K27me3,.,Histone ChIP-seq,UBERON:0002080,heart right ventricle,tissue,adult,encode,single,False,OutputType.CHIP_HISTONE,,H3K27me3,
UBERON:0002080 Histone ChIP-seq H3K36me3,.,Histone ChIP-seq,UBERON:0002080,heart right ventricle,tissue,adult,encode,single,False,OutputType.CHIP_HISTONE,,H3K36me3,
UBERON:0002080 Histone ChIP-seq H3K4me1,.,Histone ChIP-seq,UBERON:0002080,heart right ventricle,tissue,adult,encode,single,False,OutputType.CHIP_HISTONE,,H3K4me1,
UBERON:0002080 Histone ChIP-seq H3K4me3,.,Histone ChIP-seq,UBERON:0002080,heart right ventricle,tissue,adult,encode,single,False,OutputType.CHIP_HISTONE,,H3K4me3,
UBERON:0002080 Histone ChIP-seq H3K9me3,.,Histone ChIP-seq,UBERON:0002080,heart right ventricle,tissue,adult,encode,single,False,OutputType.CHIP_HISTONE,,H3K9me3,
UBERON:0002084 Histone ChIP-seq H3K27ac,.,Histone ChIP-seq,UBERON:0002084,heart left ventricle,tissue,adult,encode,single,False,OutputType.CHIP_HISTONE,,H3K27ac,
UBERON:0002084 Histone ChIP-seq H3K27me3,.,Histone ChIP-seq,UBERON:0002084,heart left ventricle,tissue,adult,encode,single,False,OutputType.CHIP_HISTONE,,H3K27me3,
UBERON:0002084 Histone ChIP-seq H3K36me3,.,Histone ChIP-seq,UBERON:0002084,heart left ventricle,tissue,adult,encode,single,False,OutputType.CHIP_HISTONE,,H3K36me3,
UBERON:0002084 Histone ChIP-seq H3K4me1,.,Histone ChIP-seq,UBERON:0002084,heart left ventricle,tissue,adult,encode,single,False,OutputType.CHIP_HISTONE,,H3K4me1,
UBERON:0002084 Histone ChIP-seq H3K4me3,.,Histone ChIP-seq,UBERON:0002084,heart left ventricle,tissue,adult,encode,single,False,OutputType.CHIP_HISTONE,,H3K4me3,
UBERON:0002084 Histone ChIP-seq H3K9me3,.,Histone ChIP-seq,UBERON:0002084,heart left ventricle,tissue,adult,encode,single,False,OutputType.CHIP_HISTONE,,H3K9me3,
UBERON:0002106 Histone ChIP-seq H3K27ac,.,Histone ChIP-seq,UBERON:0002106,spleen,tissue,adult,encode,single,False,OutputType.CHIP_HISTONE,,H3K27ac,
UBERON:0002106 Histone ChIP-seq H3K27me3,.,Histone ChIP-seq,UBERON:0002106,spleen,tissue,adult,encode,single,False,OutputType.CHIP_HISTONE,,H3K27me3,
UBERON:0002106 Histone ChIP-seq H3K36me3,.,Histone ChIP-seq,UBERON:0002106,spleen,tissue,adult,encode,single,False,OutputType.CHIP_HISTONE,,H3K36me3,
UBERON:0002106 Histone ChIP-seq H3K4me1,.,Histone ChIP-seq,UBERON:0002106,spleen,tissue,adult,encode,single,False,OutputType.CHIP_HISTONE,,H3K4me1,
UBERON:0002106 Histone ChIP-seq H3K4me3,.,Histone ChIP-seq,UBERON:0002106,spleen,tissue,adult,encode,single,False,OutputType.CHIP_HISTONE,,H3K4me3,
UBERON:0002106 Histone ChIP-seq H3K9me3,.,Histone ChIP-seq,UBERON:0002106,spleen,tissue,adult,encode,single,False,OutputType.CHIP_HISTONE,,H3K9me3,
UBERON:0002107 Histone ChIP-seq H3K27ac,.,Histone ChIP-seq,UBERON:0002107,liver,tissue,adult,encode,single,False,OutputType.CHIP_HISTONE,,H3K27ac,
UBERON:0002107 Histone ChIP-seq H3K36me3,.,Histone ChIP-seq,UBERON:0002107,liver,tissue,adult,encode,single,False,OutputType.CHIP_HISTONE,,H3K36me3,
UBERON:0002107 Histone ChIP-seq H3K4me1,.,Histone ChIP-seq,UBERON:0002107,liver,tissue,adult,encode,single,False,OutputType.CHIP_HISTONE,,H3K4me1,
UBERON:0002107 Histone ChIP-seq H3K4me3,.,Histone ChIP-seq,UBERON:0002107,liver,tissue,adult,encode,single,False,OutputType.CHIP_HISTONE,,H3K4me3,
UBERON:0002107 Histone ChIP-seq H3K9ac,.,Histone ChIP-seq,UBERON:0002107,liver,tissue,adult,encode,single,False,OutputType.CHIP_HISTONE,,H3K9ac,
UBERON:0002107 Histone ChIP-seq H3K9me3,.,Histone ChIP-seq,UBERON:0002107,liver,tissue,adult,encode,single,False,OutputType.CHIP_HISTONE,,H3K9me3,
UBERON:0002108 Histone ChIP-seq H3K27ac,.,Histone ChIP-seq,UBERON:0002108,small intestine,tissue,adult,encode,single,False,OutputType.CHIP_HISTONE,,H3K27ac,
UBERON:0002108 Histone ChIP-seq H3K27me3,.,Histone ChIP-seq,UBERON:0002108,small intestine,tissue,embryonic,encode,single,False,OutputType.CHIP_HISTONE,,H3K27me3,
UBERON:0002108 Histone ChIP-seq H3K36me3,.,Histone ChIP-seq,UBERON:0002108,small intestine,tissue,adult,encode,single,False,OutputType.CHIP_HISTONE,,H3K36me3,
UBERON:0002108 Histone ChIP-seq H3K4me1,.,Histone ChIP-seq,UBERON:0002108,small intestine,tissue,embryonic,encode,single,False,OutputType.CHIP_HISTONE,,H3K4me1,
UBERON:0002108 Histone ChIP-seq H3K4me3,.,Histone ChIP-seq,UBERON:0002108,small intestine,tissue,adult,encode,single,False,OutputType.CHIP_HISTONE,,H3K4me3,
UBERON:0002108 Histone ChIP-seq H3K9me3,.,Histone ChIP-seq,UBERON:0002108,small intestine,tissue,embryonic,encode,single,False,OutputType.CHIP_HISTONE,,H3K9me3,
UBERON:0002113 Histone ChIP-seq H3K27ac,.,Histone ChIP-seq,UBERON:0002113,kidney,tissue,adult,encode,single,False,OutputType.CHIP_HISTONE,,H3K27ac,
UBERON:0002113 Histone ChIP-seq H3K36me3,.,Histone ChIP-seq,UBERON:0002113,kidney,tissue,adult,encode,single,False,OutputType.CHIP_HISTONE,,H3K36me3,
UBERON:0002113 Histone ChIP-seq H3K4me1,.,Histone ChIP-seq,UBERON:0002113,kidney,tissue,adult,encode,single,False,OutputType.CHIP_HISTONE,,H3K4me1,
UBERON:0002113 Histone ChIP-seq H3K4me3,.,Histone ChIP-seq,UBERON:0002113,kidney,tissue,adult,encode,single,False,OutputType.CHIP_HISTONE,,H3K4me3,
UBERON:0002113 Histone ChIP-seq H3K9ac,.,Histone ChIP-seq,UBERON:0002113,kidney,tissue,adult,encode,single,False,OutputType.CHIP_HISTONE,,H3K9ac,
UBERON:0002168 Histone ChIP-seq H3K27ac,.,Histone ChIP-seq,UBERON:0002168,left lung,tissue,adult,encode,single,False,OutputType.CHIP_HISTONE,,H3K27ac,
UBERON:0002168 Histone ChIP-seq H3K27me3,.,Histone ChIP-seq,UBERON:0002168,left lung,tissue,adult,encode,single,False,OutputType.CHIP_HISTONE,,H3K27me3,
UBERON:0002168 Histone ChIP-seq H3K36me3,.,Histone ChIP-seq,UBERON:0002168,left lung,tissue,adult,encode,single,False,OutputType.CHIP_HISTONE,,H3K36me3,
UBERON:0002168 Histone ChIP-seq H3K4me1,.,Histone ChIP-seq,UBERON:0002168,left lung,tissue,adult,encode,single,False,OutputType.CHIP_HISTONE,,H3K4me1,
UBERON:0002168 Histone ChIP-seq H3K4me3,.,Histone ChIP-seq,UBERON:0002168,left lung,tissue,adult,encode,single,False,OutputType.CHIP_HISTONE,,H3K4me3,
UBERON:0002168 Histone ChIP-seq H3K9me3,.,Histone ChIP-seq,UBERON:0002168,left lung,tissue,adult,encode,single,False,OutputType.CHIP_HISTONE,,H3K9me3,
UBERON:0002170 Histone ChIP-seq H3K27ac,.,Histone ChIP-seq,UBERON:0002170,upper lobe of right lung,tissue,adult,encode,single,False,OutputType.CHIP_HISTONE,,H3K27ac,
UBERON:0002170 Histone ChIP-seq H3K36me3,.,Histone ChIP-seq,UBERON:0002170,upper lobe of right lung,tissue,adult,encode,single,False,OutputType.CHIP_HISTONE,,H3K36me3,
UBERON:0002170 Histone ChIP-seq H3K4me1,.,Histone ChIP-seq,UBERON:0002170,upper lobe of right lung,tissue,adult,encode,single,False,OutputType.CHIP_HISTONE,,H3K4me1,
UBERON:0002170 Histone ChIP-seq H3K4me3,.,Histone ChIP-seq,UBERON:0002170,upper lobe of right lung,tissue,adult,encode,single,False,OutputType.CHIP_HISTONE,,H3K4me3,
UBERON:0002171 Histone ChIP-seq H3K27ac,.,Histone ChIP-seq,UBERON:0002171,lower lobe of right lung,tissue,adult,encode,single,False,OutputType.CHIP_HISTONE,,H3K27ac,
UBERON:0002171 Histone ChIP-seq H3K27me3,.,Histone ChIP-seq,UBERON:0002171,lower lobe of right lung,tissue,adult,encode,single,False,OutputType.CHIP_HISTONE,,H3K27me3,
UBERON:0002171 Histone ChIP-seq H3K36me3,.,Histone ChIP-seq,UBERON:0002171,lower lobe of right lung,tissue,adult,encode,single,False,OutputType.CHIP_HISTONE,,H3K36me3,
UBERON:0002171 Histone ChIP-seq H3K4me1,.,Histone ChIP-seq,UBERON:0002171,lower lobe of right lung,tissue,adult,encode,single,False,OutputType.CHIP_HISTONE,,H3K4me1,
UBERON:0002171 Histone ChIP-seq H3K4me3,.,Histone ChIP-seq,UBERON:0002171,lower lobe of right lung,tissue,adult,encode,single,False,OutputType.CHIP_HISTONE,,H3K4me3,
UBERON:0002240 Histone ChIP-seq H3K27ac,.,Histone ChIP-seq,UBERON:0002240,spinal cord,tissue,embryonic,encode,single,False,OutputType.CHIP_HISTONE,,H3K27ac,
UBERON:0002240 Histone ChIP-seq H3K27me3,.,Histone ChIP-seq,UBERON:0002240,spinal cord,tissue,embryonic,encode,single,False,OutputType.CHIP_HISTONE,,H3K27me3,
UBERON:0002240 Histone ChIP-seq H3K36me3,.,Histone ChIP-seq,UBERON:0002240,spinal cord,tissue,embryonic,encode,single,False,OutputType.CHIP_HISTONE,,H3K36me3,
UBERON:0002240 Histone ChIP-seq H3K4me1,.,Histone ChIP-seq,UBERON:0002240,spinal cord,tissue,embryonic,encode,single,False,OutputType.CHIP_HISTONE,,H3K4me1,
UBERON:0002240 Histone ChIP-seq H3K4me3,.,Histone ChIP-seq,UBERON:0002240,spinal cord,tissue,embryonic,encode,single,False,OutputType.CHIP_HISTONE,,H3K4me3,
UBERON:0002305 Histone ChIP-seq H3K27ac,.,Histone ChIP-seq,UBERON:0002305,layer of hippocampus,tissue,adult,encode,single,False,OutputType.CHIP_HISTONE,,H3K27ac,
UBERON:0002305 Histone ChIP-seq H3K36me3,.,Histone ChIP-seq,UBERON:0002305,layer of hippocampus,tissue,adult,encode,single,False,OutputType.CHIP_HISTONE,,H3K36me3,
UBERON:0002305 Histone ChIP-seq H3K4me1,.,Histone ChIP-seq,UBERON:0002305,layer of hippocampus,tissue,adult,encode,single,False,OutputType.CHIP_HISTONE,,H3K4me1,
UBERON:0002305 Histone ChIP-seq H3K4me3,.,Histone ChIP-seq,UBERON:0002305,layer of hippocampus,tissue,adult,encode,single,False,OutputType.CHIP_HISTONE,,H3K4me3,
UBERON:0002305 Histone ChIP-seq H3K9ac,.,Histone ChIP-seq,UBERON:0002305,layer of hippocampus,tissue,adult,encode,single,False,OutputType.CHIP_HISTONE,,H3K9ac,
UBERON:0002367 Histone ChIP-seq H3K27ac,.,Histone ChIP-seq,UBERON:0002367,prostate gland,tissue,adult,encode,single,False,OutputType.CHIP_HISTONE,,H3K27ac,
UBERON:0002367 Histone ChIP-seq H3K36me3,.,Histone ChIP-seq,UBERON:0002367,prostate gland,tissue,adult,encode,single,False,OutputType.CHIP_HISTONE,,H3K36me3,
UBERON:0002367 Histone ChIP-seq H3K4me3,.,Histone ChIP-seq,UBERON:0002367,prostate gland,tissue,adult,encode,single,False,OutputType.CHIP_HISTONE,,H3K4me3,
UBERON:0002369 Histone ChIP-seq H3K27ac,.,Histone ChIP-seq,UBERON:0002369,adrenal gland,tissue,adult,encode,single,False,OutputType.CHIP_HISTONE,,H3K27ac,
UBERON:0002369 Histone ChIP-seq H3K27me3,.,Histone ChIP-seq,UBERON:0002369,adrenal gland,tissue,embryonic,encode,single,False,OutputType.CHIP_HISTONE,,H3K27me3,
UBERON:0002369 Histone ChIP-seq H3K36me3,.,Histone ChIP-seq,UBERON:0002369,adrenal gland,tissue,adult,encode,single,False,OutputType.CHIP_HISTONE,,H3K36me3,
UBERON:0002369 Histone ChIP-seq H3K4me1,.,Histone ChIP-seq,UBERON:0002369,adrenal gland,tissue,adult,encode,single,False,OutputType.CHIP_HISTONE,,H3K4me1,
UBERON:0002369 Histone ChIP-seq H3K4me3,.,Histone ChIP-seq,UBERON:0002369,adrenal gland,tissue,adult,encode,single,False,OutputType.CHIP_HISTONE,,H3K4me3,
UBERON:0002369 Histone ChIP-seq H3K9me3,.,Histone ChIP-seq,UBERON:0002369,adrenal gland,tissue,embryonic,encode,single,False,OutputType.CHIP_HISTONE,,H3K9me3,
UBERON:0002370 Histone ChIP-seq H3K27ac,.,Histone ChIP-seq,UBERON:0002370,thymus,tissue,embryonic,encode,single,False,OutputType.CHIP_HISTONE,,H3K27ac,
UBERON:0002370 Histone ChIP-seq H3K27me3,.,Histone ChIP-seq,UBERON:0002370,thymus,tissue,embryonic,encode,single,False,OutputType.CHIP_HISTONE,,H3K27me3,
UBERON:0002370 Histone ChIP-seq H3K36me3,.,Histone ChIP-seq,UBERON:0002370,thymus,tissue,embryonic,encode,single,False,OutputType.CHIP_HISTONE,,H3K36me3,
UBERON:0002370 Histone ChIP-seq H3K4me1,.,Histone ChIP-seq,UBERON:0002370,thymus,tissue,embryonic,encode,single,False,OutputType.CHIP_HISTONE,,H3K4me1,
UBERON:0002370 Histone ChIP-seq H3K4me3,.,Histone ChIP-seq,UBERON:0002370,thymus,tissue,embryonic,encode,single,False,OutputType.CHIP_HISTONE,,H3K4me3,
UBERON:0002370 Histone ChIP-seq H3K9me3,.,Histone ChIP-seq,UBERON:0002370,thymus,tissue,embryonic,encode,single,False,OutputType.CHIP_HISTONE,,H3K9me3,
UBERON:0002686 Histone ChIP-seq H3K27ac,.,Histone ChIP-seq,UBERON:0002686,angular gyrus,tissue,adult,encode,single,False,OutputType.CHIP_HISTONE,,H3K27ac,
UBERON:0002686 Histone ChIP-seq H3K36me3,.,Histone ChIP-seq,UBERON:0002686,angular gyrus,tissue,adult,encode,single,False,OutputType.CHIP_HISTONE,,H3K36me3,
UBERON:0002686 Histone ChIP-seq H3K4me1,.,Histone ChIP-seq,UBERON:0002686,angular gyrus,tissue,adult,encode,single,False,OutputType.CHIP_HISTONE,,H3K4me1,
UBERON:0002686 Histone ChIP-seq H3K4me3,.,Histone ChIP-seq,UBERON:0002686,angular gyrus,tissue,adult,encode,single,False,OutputType.CHIP_HISTONE,,H3K4me3,
UBERON:0002686 Histone ChIP-seq H3K9ac,.,Histone ChIP-seq,UBERON:0002686,angular gyrus,tissue,adult,encode,single,False,OutputType.CHIP_HISTONE,,H3K9ac,
UBERON:0002967 Histone ChIP-seq H3K27ac,.,Histone ChIP-seq,UBERON:0002967,cingulate gyrus,tissue,adult,encode,single,False,OutputType.CHIP_HISTONE,,H3K27ac,
UBERON:0002967 Histone ChIP-seq H3K36me3,.,Histone ChIP-seq,UBERON:0002967,cingulate gyrus,tissue,adult,encode,single,False,OutputType.CHIP_HISTONE,,H3K36me3,
UBERON:0002967 Histone ChIP-seq H3K4me1,.,Histone ChIP-seq,UBERON:0002967,cingulate gyrus,tissue,adult,encode,single,False,OutputType.CHIP_HISTONE,,H3K4me1,
UBERON:0002967 Histone ChIP-seq H3K4me3,.,Histone ChIP-seq,UBERON:0002967,cingulate gyrus,tissue,adult,encode,single,False,OutputType.CHIP_HISTONE,,H3K4me3,
UBERON:0002967 Histone ChIP-seq H3K9ac,.,Histone ChIP-seq,UBERON:0002967,cingulate gyrus,tissue,adult,encode,single,False,OutputType.CHIP_HISTONE,,H3K9ac,
UBERON:0003124 Histone ChIP-seq H3K27ac,.,Histone ChIP-seq,UBERON:0003124,chorion,tissue,embryonic,encode,single,False,OutputType.CHIP_HISTONE,,H3K27ac,
UBERON:0003124 Histone ChIP-seq H3K36me3,.,Histone ChIP-seq,UBERON:0003124,chorion,tissue,embryonic,encode,single,False,OutputType.CHIP_HISTONE,,H3K36me3,
UBERON:0003124 Histone ChIP-seq H3K4me1,.,Histone ChIP-seq,UBERON:0003124,chorion,tissue,embryonic,encode,single,False,OutputType.CHIP_HISTONE,,H3K4me1,
UBERON:0003124 Histone ChIP-seq H3K4me3,.,Histone ChIP-seq,UBERON:0003124,chorion,tissue,embryonic,encode,single,False,OutputType.CHIP_HISTONE,,H3K4me3,
UBERON:0003346 Histone ChIP-seq H3K27ac,.,Histone ChIP-seq,UBERON:0003346,mucosa of rectum,tissue,adult,encode,single,False,OutputType.CHIP_HISTONE,,H3K27ac,
UBERON:0003346 Histone ChIP-seq H3K36me3,.,Histone ChIP-seq,UBERON:0003346,mucosa of rectum,tissue,adult,encode,single,False,OutputType.CHIP_HISTONE,,H3K36me3,
UBERON:0003346 Histone ChIP-seq H3K4me1,.,Histone ChIP-seq,UBERON:0003346,mucosa of rectum,tissue,adult,encode,single,False,OutputType.CHIP_HISTONE,,H3K4me1,
UBERON:0003346 Histone ChIP-seq H3K4me3,.,Histone ChIP-seq,UBERON:0003346,mucosa of rectum,tissue,adult,encode,single,False,OutputType.CHIP_HISTONE,,H3K4me3,
UBERON:0003346 Histone ChIP-seq H3K9ac,.,Histone ChIP-seq,UBERON:0003346,mucosa of rectum,tissue,adult,encode,single,False,OutputType.CHIP_HISTONE,,H3K9ac,
UBERON:0004222 Histone ChIP-seq H3K27ac,.,Histone ChIP-seq,UBERON:0004222,stomach smooth muscle,tissue,adult,encode,single,False,OutputType.CHIP_HISTONE,,H3K27ac,
UBERON:0004222 Histone ChIP-seq H3K27me3,.,Histone ChIP-seq,UBERON:0004222,stomach smooth muscle,tissue,adult,encode,single,False,OutputType.CHIP_HISTONE,,H3K27me3,
UBERON:0004222 Histone ChIP-seq H3K36me3,.,Histone ChIP-seq,UBERON:0004222,stomach smooth muscle,tissue,adult,encode,single,False,OutputType.CHIP_HISTONE,,H3K36me3,
UBERON:0004222 Histone ChIP-seq H3K4me1,.,Histone ChIP-seq,UBERON:0004222,stomach smooth muscle,tissue,adult,encode,single,False,OutputType.CHIP_HISTONE,,H3K4me1,
UBERON:0004222 Histone ChIP-seq H3K4me3,.,Histone ChIP-seq,UBERON:0004222,stomach smooth muscle,tissue,adult,encode,single,False,OutputType.CHIP_HISTONE,,H3K4me3,
UBERON:0004222 Histone ChIP-seq H3K9ac,.,Histone ChIP-seq,UBERON:0004222,stomach smooth muscle,tissue,adult,encode,single,False,OutputType.CHIP_HISTONE,,H3K9ac,
UBERON:0004550 Histone ChIP-seq H3K27ac,.,Histone ChIP-seq,UBERON:0004550,gastroesophageal sphincter,tissue,adult,encode,single,False,OutputType.CHIP_HISTONE,,H3K27ac,
UBERON:0004550 Histone ChIP-seq H3K27me3,.,Histone ChIP-seq,UBERON:0004550,gastroesophageal sphincter,tissue,adult,encode,single,False,OutputType.CHIP_HISTONE,,H3K27me3,
UBERON:0004550 Histone ChIP-seq H3K36me3,.,Histone ChIP-seq,UBERON:0004550,gastroesophageal sphincter,tissue,adult,encode,single,False,OutputType.CHIP_HISTONE,,H3K36me3,
UBERON:0004550 Histone ChIP-seq H3K4me1,.,Histone ChIP-seq,UBERON:0004550,gastroesophageal sphincter,tissue,adult,encode,single,False,OutputType.CHIP_HISTONE,,H3K4me1,
UBERON:0004550 Histone ChIP-seq H3K4me3,.,Histone ChIP-seq,UBERON:0004550,gastroesophageal sphincter,tissue,adult,encode,single,False,OutputType.CHIP_HISTONE,,H3K4me3,
UBERON:0004550 Histone ChIP-seq H3K9me3,.,Histone ChIP-seq,UBERON:0004550,gastroesophageal sphincter,tissue,adult,encode,single,False,OutputType.CHIP_HISTONE,,H3K9me3,
UBERON:0004648 Histone ChIP-seq H3K27ac,.,Histone ChIP-seq,UBERON:0004648,esophagus muscularis mucosa,tissue,adult,encode,single,False,OutputType.CHIP_HISTONE,,H3K27ac,
UBERON:0004648 Histone ChIP-seq H3K27me3,.,Histone ChIP-seq,UBERON:0004648,esophagus muscularis mucosa,tissue,adult,encode,single,False,OutputType.CHIP_HISTONE,,H3K27me3,
UBERON:0004648 Histone ChIP-seq H3K36me3,.,Histone ChIP-seq,UBERON:0004648,esophagus muscularis mucosa,tissue,adult,encode,single,False,OutputType.CHIP_HISTONE,,H3K36me3,
UBERON:0004648 Histone ChIP-seq H3K4me1,.,Histone ChIP-seq,UBERON:0004648,esophagus muscularis mucosa,tissue,adult,encode,single,False,OutputType.CHIP_HISTONE,,H3K4me1,
UBERON:0004648 Histone ChIP-seq H3K4me3,.,Histone ChIP-seq,UBERON:0004648,esophagus muscularis mucosa,tissue,adult,encode,single,False,OutputType.CHIP_HISTONE,,H3K4me3,
UBERON:0004648 Histone ChIP-seq H3K9me3,.,Histone ChIP-seq,UBERON:0004648,esophagus muscularis mucosa,tissue,adult,encode,single,False,OutputType.CHIP_HISTONE,,H3K9me3,
UBERON:0004992 Histone ChIP-seq H3K4me1,.,Histone ChIP-seq,UBERON:0004992,mucosa of descending colon,tissue,adult,encode,single,False,OutputType.CHIP_HISTONE,,H3K4me1,
UBERON:0004992 Histone ChIP-seq H3K4me3,.,Histone ChIP-seq,UBERON:0004992,mucosa of descending colon,tissue,adult,encode,single,False,OutputType.CHIP_HISTONE,,H3K4me3,
UBERON:0004992 Histone ChIP-seq H3K9me3,.,Histone ChIP-seq,UBERON:0004992,mucosa of descending colon,tissue,adult,encode,single,False,OutputType.CHIP_HISTONE,,H3K9me3,
UBERON:0006631 Histone ChIP-seq H3K27ac,.,Histone ChIP-seq,UBERON:0006631,right atrium auricular region,tissue,adult,encode,single,False,OutputType.CHIP_HISTONE,,H3K27ac,
UBERON:0006631 Histone ChIP-seq H3K36me3,.,Histone ChIP-seq,UBERON:0006631,right atrium auricular region,tissue,adult,encode,single,False,OutputType.CHIP_HISTONE,,H3K36me3,
UBERON:0006631 Histone ChIP-seq H3K4me1,.,Histone ChIP-seq,UBERON:0006631,right atrium auricular region,tissue,adult,encode,single,False,OutputType.CHIP_HISTONE,,H3K4me1,
UBERON:0006631 Histone ChIP-seq H3K4me3,.,Histone ChIP-seq,UBERON:0006631,right atrium auricular region,tissue,adult,encode,single,False,OutputType.CHIP_HISTONE,,H3K4me3,
UBERON:0006631 Histone ChIP-seq H3K9me3,.,Histone ChIP-seq,UBERON:0006631,right atrium auricular region,tissue,adult,encode,single,False,OutputType.CHIP_HISTONE,,H3K9me3,
UBERON:0006920 Histone ChIP-seq H3K27ac,.,Histone ChIP-seq,UBERON:0006920,esophagus squamous epithelium,tissue,adult,encode,single,False,OutputType.CHIP_HISTONE,,H3K27ac,
UBERON:0006920 Histone ChIP-seq H3K27me3,.,Histone ChIP-seq,UBERON:0006920,esophagus squamous epithelium,tissue,adult,encode,single,False,OutputType.CHIP_HISTONE,,H3K27me3,
UBERON:0006920 Histone ChIP-seq H3K36me3,.,Histone ChIP-seq,UBERON:0006920,esophagus squamous epithelium,tissue,adult,encode,single,False,OutputType.CHIP_HISTONE,,H3K36me3,
UBERON:0006920 Histone ChIP-seq H3K4me1,.,Histone ChIP-seq,UBERON:0006920,esophagus squamous epithelium,tissue,adult,encode,single,False,OutputType.CHIP_HISTONE,,H3K4me1,
UBERON:0006920 Histone ChIP-seq H3K4me3,.,Histone ChIP-seq,UBERON:0006920,esophagus squamous epithelium,tissue,adult,encode,single,False,OutputType.CHIP_HISTONE,,H3K4me3,
UBERON:0006920 Histone ChIP-seq H3K9me3,.,Histone ChIP-seq,UBERON:0006920,esophagus squamous epithelium,tissue,adult,encode,single,False,OutputType.CHIP_HISTONE,,H3K9me3,
UBERON:0007106 Histone ChIP-seq H3K27ac,.,Histone ChIP-seq,UBERON:0007106,chorionic villus,tissue,embryonic,encode,single,False,OutputType.CHIP_HISTONE,,H3K27ac,
UBERON:0007610 Histone ChIP-seq H3K27ac,.,Histone ChIP-seq,UBERON:0007610,tibial artery,tissue,adult,encode,single,False,OutputType.CHIP_HISTONE,,H3K27ac,
UBERON:0007610 Histone ChIP-seq H3K27me3,.,Histone ChIP-seq,UBERON:0007610,tibial artery,tissue,adult,encode,single,False,OutputType.CHIP_HISTONE,,H3K27me3,
UBERON:0007610 Histone ChIP-seq H3K36me3,.,Histone ChIP-seq,UBERON:0007610,tibial artery,tissue,adult,encode,single,False,OutputType.CHIP_HISTONE,,H3K36me3,
UBERON:0007610 Histone ChIP-seq H3K4me1,.,Histone ChIP-seq,UBERON:0007610,tibial artery,tissue,adult,encode,single,False,OutputType.CHIP_HISTONE,,H3K4me1,
UBERON:0007610 Histone ChIP-seq H3K4me3,.,Histone ChIP-seq,UBERON:0007610,tibial artery,tissue,adult,encode,single,False,OutputType.CHIP_HISTONE,,H3K4me3,
UBERON:0007610 Histone ChIP-seq H3K9me3,.,Histone ChIP-seq,UBERON:0007610,tibial artery,tissue,adult,encode,single,False,OutputType.CHIP_HISTONE,,H3K9me3,
UBERON:0008367 Histone ChIP-seq H3K27ac,.,Histone ChIP-seq,UBERON:0008367,breast epithelium,tissue,adult,encode,single,False,OutputType.CHIP_HISTONE,,H3K27ac,
UBERON:0008367 Histone ChIP-seq H3K27me3,.,Histone ChIP-seq,UBERON:0008367,breast epithelium,tissue,adult,encode,single,False,OutputType.CHIP_HISTONE,,H3K27me3,
UBERON:0008367 Histone ChIP-seq H3K36me3,.,Histone ChIP-seq,UBERON:0008367,breast epithelium,tissue,adult,encode,single,False,OutputType.CHIP_HISTONE,,H3K36me3,
UBERON:0008367 Histone ChIP-seq H3K4me3,.,Histone ChIP-seq,UBERON:0008367,breast epithelium,tissue,adult,encode,single,False,OutputType.CHIP_HISTONE,,H3K4me3,
UBERON:0008367 Histone ChIP-seq H3K9me3,.,Histone ChIP-seq,UBERON:0008367,breast epithelium,tissue,adult,encode,single,False,OutputType.CHIP_HISTONE,,H3K9me3,
UBERON:0008450 Histone ChIP-seq H3K27ac,.,Histone ChIP-seq,UBERON:0008450,psoas muscle,tissue,adult,encode,single,False,OutputType.CHIP_HISTONE,,H3K27ac,
UBERON:0008450 Histone ChIP-seq H3K27me3,.,Histone ChIP-seq,UBERON:0008450,psoas muscle,tissue,adult,encode,single,False,OutputType.CHIP_HISTONE,,H3K27me3,
UBERON:0008450 Histone ChIP-seq H3K36me3,.,Histone ChIP-seq,UBERON:0008450,psoas muscle,tissue,adult,encode,single,False,OutputType.CHIP_HISTONE,,H3K36me3,
UBERON:0008450 Histone ChIP-seq H3K4me1,.,Histone ChIP-seq,UBERON:0008450,psoas muscle,tissue,adult,encode,single,False,OutputType.CHIP_HISTONE,,H3K4me1,
UBERON:0008450 Histone ChIP-seq H3K4me3,.,Histone ChIP-seq,UBERON:0008450,psoas muscle,tissue,adult,encode,single,False,OutputType.CHIP_HISTONE,,H3K4me3,
UBERON:0008952 Histone ChIP-seq H3K27ac,.,Histone ChIP-seq,UBERON:0008952,upper lobe of left lung,tissue,adult,encode,single,False,OutputType.CHIP_HISTONE,,H3K27ac,
UBERON:0008952 Histone ChIP-seq H3K36me3,.,Histone ChIP-seq,UBERON:0008952,upper lobe of left lung,tissue,adult,encode,single,False,OutputType.CHIP_HISTONE,,H3K36me3,
UBERON:0008952 Histone ChIP-seq H3K4me1,.,Histone ChIP-seq,UBERON:0008952,upper lobe of left lung,tissue,adult,encode,single,False,OutputType.CHIP_HISTONE,,H3K4me1,
UBERON:0008952 Histone ChIP-seq H3K4me3,.,Histone ChIP-seq,UBERON:0008952,upper lobe of left lung,tissue,adult,encode,single,False,OutputType.CHIP_HISTONE,,H3K4me3,
UBERON:0008953 Histone ChIP-seq H3K27ac,.,Histone ChIP-seq,UBERON:0008953,lower lobe of left lung,tissue,adult,encode,single,False,OutputType.CHIP_HISTONE,,H3K27ac,
UBERON:0008953 Histone ChIP-seq H3K27me3,.,Histone ChIP-seq,UBERON:0008953,lower lobe of left lung,tissue,adult,encode,single,False,OutputType.CHIP_HISTONE,,H3K27me3,
UBERON:0008953 Histone ChIP-seq H3K36me3,.,Histone ChIP-seq,UBERON:0008953,lower lobe of left lung,tissue,adult,encode,single,False,OutputType.CHIP_HISTONE,,H3K36me3,
UBERON:0008953 Histone ChIP-seq H3K4me1,.,Histone ChIP-seq,UBERON:0008953,lower lobe of left lung,tissue,adult,encode,single,False,OutputType.CHIP_HISTONE,,H3K4me1,
UBERON:0008953 Histone ChIP-seq H3K4me3,.,Histone ChIP-seq,UBERON:0008953,lower lobe of left lung,tissue,adult,encode,single,False,OutputType.CHIP_HISTONE,,H3K4me3,
UBERON:0008953 Histone ChIP-seq H3K9me3,.,Histone ChIP-seq,UBERON:0008953,lower lobe of left lung,tissue,adult,encode,single,False,OutputType.CHIP_HISTONE,,H3K9me3,
UBERON:0009834 Histone ChIP-seq H3K27ac,.,Histone ChIP-seq,UBERON:0009834,dorsolateral prefrontal cortex,tissue,adult,encode,single,False,OutputType.CHIP_HISTONE,,H3K27ac,
UBERON:0009834 Histone ChIP-seq H3K27me3,.,Histone ChIP-seq,UBERON:0009834,dorsolateral prefrontal cortex,tissue,adult,encode,single,False,OutputType.CHIP_HISTONE,,H3K27me3,
UBERON:0009834 Histone ChIP-seq H3K36me3,.,Histone ChIP-seq,UBERON:0009834,dorsolateral prefrontal cortex,tissue,adult,encode,single,False,OutputType.CHIP_HISTONE,,H3K36me3,
UBERON:0009834 Histone ChIP-seq H3K4me1,.,Histone ChIP-seq,UBERON:0009834,dorsolateral prefrontal cortex,tissue,adult,encode,single,False,OutputType.CHIP_HISTONE,,H3K4me1,
UBERON:0009834 Histone ChIP-seq H3K4me3,.,Histone ChIP-seq,UBERON:0009834,dorsolateral prefrontal cortex,tissue,adult,encode,single,False,OutputType.CHIP_HISTONE,,H3K4me3,
UBERON:0009834 Histone ChIP-seq H3K9ac,.,Histone ChIP-seq,UBERON:0009834,dorsolateral prefrontal cortex,tissue,adult,encode,single,False,OutputType.CHIP_HISTONE,,H3K9ac,
UBERON:0011907 Histone ChIP-seq H3K27ac,.,Histone ChIP-seq,UBERON:0011907,gastrocnemius medialis,tissue,adult,encode,single,False,OutputType.CHIP_HISTONE,,H3K27ac,
UBERON:0011907 Histone ChIP-seq H3K27me3,.,Histone ChIP-seq,UBERON:0011907,gastrocnemius medialis,tissue,adult,encode,single,False,OutputType.CHIP_HISTONE,,H3K27me3,
UBERON:0011907 Histone ChIP-seq H3K36me3,.,Histone ChIP-seq,UBERON:0011907,gastrocnemius medialis,tissue,adult,encode,single,False,OutputType.CHIP_HISTONE,,H3K36me3,
UBERON:0011907 Histone ChIP-seq H3K4me1,.,Histone ChIP-seq,UBERON:0011907,gastrocnemius medialis,tissue,adult,encode,single,False,OutputType.CHIP_HISTONE,,H3K4me1,
UBERON:0011907 Histone ChIP-seq H3K4me3,.,Histone ChIP-seq,UBERON:0011907,gastrocnemius medialis,tissue,adult,encode,single,False,OutputType.CHIP_HISTONE,,H3K4me3,
UBERON:0012488 Histone ChIP-seq H3K27ac,.,Histone ChIP-seq,UBERON:0012488,muscle layer of duodenum,tissue,adult,encode,single,False,OutputType.CHIP_HISTONE,,H3K27ac,
UBERON:0012488 Histone ChIP-seq H3K36me3,.,Histone ChIP-seq,UBERON:0012488,muscle layer of duodenum,tissue,adult,encode,single,False,OutputType.CHIP_HISTONE,,H3K36me3,
UBERON:0012488 Histone ChIP-seq H3K4me1,.,Histone ChIP-seq,UBERON:0012488,muscle layer of duodenum,tissue,adult,encode,single,False,OutputType.CHIP_HISTONE,,H3K4me1,
UBERON:0012488 Histone ChIP-seq H3K4me3,.,Histone ChIP-seq,UBERON:0012488,muscle layer of duodenum,tissue,adult,encode,single,False,OutputType.CHIP_HISTONE,,H3K4me3,
UBERON:0012488 Histone ChIP-seq H3K9me3,.,Histone ChIP-seq,UBERON:0012488,muscle layer of duodenum,tissue,adult,encode,single,False,OutputType.CHIP_HISTONE,,H3K9me3,
UBERON:0012489 Histone ChIP-seq H3K27ac,.,Histone ChIP-seq,UBERON:0012489,muscle layer of colon,tissue,adult,encode,single,False,OutputType.CHIP_HISTONE,,H3K27ac,
UBERON:0012489 Histone ChIP-seq H3K36me3,.,Histone ChIP-seq,UBERON:0012489,muscle layer of colon,tissue,adult,encode,single,False,OutputType.CHIP_HISTONE,,H3K36me3,
UBERON:0012489 Histone ChIP-seq H3K4me1,.,Histone ChIP-seq,UBERON:0012489,muscle layer of colon,tissue,adult,encode,single,False,OutputType.CHIP_HISTONE,,H3K4me1,
UBERON:0012489 Histone ChIP-seq H3K4me3,.,Histone ChIP-seq,UBERON:0012489,muscle layer of colon,tissue,adult,encode,single,False,OutputType.CHIP_HISTONE,,H3K4me3,
UBERON:0012489 Histone ChIP-seq H3K9ac,.,Histone ChIP-seq,UBERON:0012489,muscle layer of colon,tissue,adult,encode,single,False,OutputType.CHIP_HISTONE,,H3K9ac,
UBERON:0014455 Histone ChIP-seq H3K27ac,.,Histone ChIP-seq,UBERON:0014455,subcutaneous abdominal adipose tissue,tissue,adult,encode,single,False,OutputType.CHIP_HISTONE,,H3K27ac,
UBERON:0014455 Histone ChIP-seq H3K27me3,.,Histone ChIP-seq,UBERON:0014455,subcutaneous abdominal adipose tissue,tissue,adult,encode,single,False,OutputType.CHIP_HISTONE,,H3K27me3,
UBERON:0014455 Histone ChIP-seq H3K36me3,.,Histone ChIP-seq,UBERON:0014455,subcutaneous abdominal adipose tissue,tissue,adult,encode,single,False,OutputType.CHIP_HISTONE,,H3K36me3,
UBERON:0014455 Histone ChIP-seq H3K4me1,.,Histone ChIP-seq,UBERON:0014455,subcutaneous abdominal adipose tissue,tissue,adult,encode,single,False,OutputType.CHIP_HISTONE,,H3K4me1,
UBERON:0014455 Histone ChIP-seq H3K4me3,.,Histone ChIP-seq,UBERON:0014455,subcutaneous abdominal adipose tissue,tissue,adult,encode,single,False,OutputType.CHIP_HISTONE,,H3K4me3,
UBERON:0014455 Histone ChIP-seq H3K9ac,.,Histone ChIP-seq,UBERON:0014455,subcutaneous abdominal adipose tissue,tissue,adult,encode,single,False,OutputType.CHIP_HISTONE,,H3K9ac,
UBERON:0014455 Histone ChIP-seq H3K9me3,.,Histone ChIP-seq,UBERON:0014455,subcutaneous abdominal adipose tissue,tissue,adult,encode,single,False,OutputType.CHIP_HISTONE,,H3K9me3,
UBERON:0018112 Histone ChIP-seq H3K27ac,.,Histone ChIP-seq,UBERON:0018112,rectal smooth muscle tissue,tissue,adult,encode,single,False,OutputType.CHIP_HISTONE,,H3K27ac,
UBERON:0018112 Histone ChIP-seq H3K36me3,.,Histone ChIP-seq,UBERON:0018112,rectal smooth muscle tissue,tissue,adult,encode,single,False,OutputType.CHIP_HISTONE,,H3K36me3,
UBERON:0018112 Histone ChIP-seq H3K4me1,.,Histone ChIP-seq,UBERON:0018112,rectal smooth muscle tissue,tissue,adult,encode,single,False,OutputType.CHIP_HISTONE,,H3K4me1,
UBERON:0018112 Histone ChIP-seq H3K4me3,.,Histone ChIP-seq,UBERON:0018112,rectal smooth muscle tissue,tissue,adult,encode,single,False,OutputType.CHIP_HISTONE,,H3K4me3,
UBERON:0036149 Histone ChIP-seq H3K27ac,.,Histone ChIP-seq,UBERON:0036149,suprapubic skin,tissue,adult,encode,single,False,OutputType.CHIP_HISTONE,,H3K27ac,
UBERON:0036149 Histone ChIP-seq H3K27me3,.,Histone ChIP-seq,UBERON:0036149,suprapubic skin,tissue,adult,encode,single,False,OutputType.CHIP_HISTONE,,H3K27me3,
UBERON:0036149 Histone ChIP-seq H3K36me3,.,Histone ChIP-seq,UBERON:0036149,suprapubic skin,tissue,adult,encode,single,False,OutputType.CHIP_HISTONE,,H3K36me3,
UBERON:0036149 Histone ChIP-seq H3K4me1,.,Histone ChIP-seq,UBERON:0036149,suprapubic skin,tissue,adult,encode,single,False,OutputType.CHIP_HISTONE,,H3K4me1,
UBERON:0036149 Histone ChIP-seq H3K4me3,.,Histone ChIP-seq,UBERON:0036149,suprapubic skin,tissue,adult,encode,single,False,OutputType.CHIP_HISTONE,,H3K4me3,
CL:0000062 TF ChIP-seq CTCF,.,TF ChIP-seq,CL:0000062,osteoblast,primary_cell,unknown,encode,single,False,OutputType.CHIP_TF,,,CTCF
CL:0000115 TF ChIP-seq CTCF,.,TF ChIP-seq,CL:0000115,endothelial cell,in_vitro_differentiated_cells,adult,encode,single,False,OutputType.CHIP_TF,,,CTCF
CL:0000127 TF ChIP-seq CTCF,.,TF ChIP-seq,CL:0000127,astrocyte,primary_cell,unknown,encode,single,False,OutputType.CHIP_TF,,,CTCF
CL:0000127 TF ChIP-seq EZH2,.,TF ChIP-seq,CL:0000127,astrocyte,primary_cell,unknown,encode,single,False,OutputType.CHIP_TF,,,EZH2
CL:0000137 TF ChIP-seq CTCF,.,TF ChIP-seq,CL:0000137,osteocyte,in_vitro_differentiated_cells,embryonic,encode,single,False,OutputType.CHIP_TF,,,CTCF
CL:0000138 TF ChIP-seq CTCF,.,TF ChIP-seq,CL:0000138,chondrocyte,in_vitro_differentiated_cells,embryonic,encode,single,False,OutputType.CHIP_TF,,,CTCF
CL:0000169 TF ChIP-seq CTCF,.,TF ChIP-seq,CL:0000169,type B pancreatic cell,in_vitro_differentiated_cells,embryonic,encode,single,False,OutputType.CHIP_TF,,,CTCF
CL:0000182 TF ChIP-seq EZH2,.,TF ChIP-seq,CL:0000182,hepatocyte,in_vitro_differentiated_cells,embryonic,encode,single,False,OutputType.CHIP_TF,,,EZH2
CL:0000223 TF ChIP-seq CTCF,.,TF ChIP-seq,CL:0000223,endodermal cell,in_vitro_differentiated_cells,embryonic,encode,single,False,OutputType.CHIP_TF,,,CTCF
CL:0000236 TF ChIP-seq CTCF,.,TF ChIP-seq,CL:0000236,B cell,primary_cell,adult,encode,single,False,OutputType.CHIP_TF,,,CTCF
CL:0000312 TF ChIP-seq CTCF,.,TF ChIP-seq,CL:0000312,keratinocyte,primary_cell,unknown,encode,single,False,OutputType.CHIP_TF,,,CTCF
CL:0000312 TF ChIP-seq EZH2,.,TF ChIP-seq,CL:0000312,keratinocyte,primary_cell,unknown,encode,single,False,OutputType.CHIP_TF,,,EZH2
CL:0000515 TF ChIP-seq CTCF,.,TF ChIP-seq,CL:0000515,skeletal muscle myoblast,primary_cell,adult,encode,single,False,OutputType.CHIP_TF,,,CTCF
CL:0000623 TF ChIP-seq CTCF,.,TF ChIP-seq,CL:0000623,natural killer cell,primary_cell,adult,encode,single,False,OutputType.CHIP_TF,,,CTCF
CL:0000624 TF ChIP-seq CTCF,.,TF ChIP-seq,CL:0000624,"CD4-positive, alpha-beta T cell",primary_cell,adult,encode,single,False,OutputType.CHIP_TF,,,CTCF
CL:0000625 TF ChIP-seq CTCF,.,TF ChIP-seq,CL:0000625,"CD8-positive, alpha-beta T cell",primary_cell,adult,encode,single,False,OutputType.CHIP_TF,,,CTCF
CL:0000679 TF ChIP-seq CTCF,.,TF ChIP-seq,CL:0000679,glutamatergic neuron,in_vitro_differentiated_cells,adult,encode,single,False,OutputType.CHIP_TF,,,CTCF
"CL:0000679 TF ChIP-seq EGR1 male adult (30 years) genetically modified (insertion) using CRISPR targeting H. sapiens EGR1, genetically modified (insertion) using TALEN inserting M. musculus Neurog2",.,TF ChIP-seq,CL:0000679,glutamatergic neuron,in_vitro_differentiated_cells,unknown,encode,paired,True,OutputType.CHIP_TF,,,EGR1
"CL:0000679 TF ChIP-seq FOSL1 male adult (30 years) genetically modified (insertion) using CRISPR targeting H. sapiens FOSL1, genetically modified (insertion) using TALEN inserting M. musculus Neurog2",.,TF ChIP-seq,CL:0000679,glutamatergic neuron,in_vitro_differentiated_cells,unknown,encode,paired,True,OutputType.CHIP_TF,,,FOSL1
"CL:0000679 TF ChIP-seq ID3 male adult (30 years) genetically modified (insertion) using CRISPR targeting H. sapiens ID3, genetically modified (insertion) using TALEN inserting M. musculus Neurog2",.,TF ChIP-seq,CL:0000679,glutamatergic neuron,in_vitro_differentiated_cells,unknown,encode,paired,True,OutputType.CHIP_TF,,,ID3
"CL:0000679 TF ChIP-seq TOX4 male adult (30 years) genetically modified (insertion) using CRISPR targeting H. sapiens TOX4, genetically modified (insertion) using TALEN inserting M. musculus Neurog2",.,TF ChIP-seq,CL:0000679,glutamatergic neuron,in_vitro_differentiated_cells,unknown,encode,paired,True,OutputType.CHIP_TF,,,TOX4
CL:0000706 TF ChIP-seq CTCF,.,TF ChIP-seq,CL:0000706,choroid plexus epithelial cell,primary_cell,unknown,encode,single,False,OutputType.CHIP_TF,,,CTCF
CL:0000746 TF ChIP-seq CTCF,.,TF ChIP-seq,CL:0000746,cardiac muscle cell,primary_cell,unknown,encode,single,False,OutputType.CHIP_TF,,,CTCF
CL:0000765 TF ChIP-seq POLR2A,.,TF ChIP-seq,CL:0000765,erythroblast,primary_cell,unknown,encode,single,False,OutputType.CHIP_TF,,,POLR2A
CL:0000775 TF ChIP-seq CTCF,.,TF ChIP-seq,CL:0000775,neutrophil,primary_cell,unknown,encode,single,False,OutputType.CHIP_TF,,,CTCF
CL:0001054 TF ChIP-seq CTCF,.,TF ChIP-seq,CL:0001054,CD14-positive monocyte,primary_cell,adult,encode,single,False,OutputType.CHIP_TF,,,CTCF
CL:0002231 TF ChIP-seq CTCF,.,TF ChIP-seq,CL:0002231,epithelial cell of prostate,primary_cell,unknown,encode,paired,False,OutputType.CHIP_TF,,,CTCF
CL:0002306 TF ChIP-seq CTCF,.,TF ChIP-seq,CL:0002306,epithelial cell of proximal tubule,primary_cell,unknown,encode,single,False,OutputType.CHIP_TF,,,CTCF
CL:0002319 TF ChIP-seq CTCF,.,TF ChIP-seq,CL:0002319,neural cell,in_vitro_differentiated_cells,embryonic,encode,paired,False,OutputType.CHIP_TF,,,CTCF
CL:0002319 TF ChIP-seq POLR2AphosphoS5,.,TF ChIP-seq,CL:0002319,neural cell,in_vitro_differentiated_cells,embryonic,encode,single,False,OutputType.CHIP_TF,,,POLR2AphosphoS5
CL:0002319 TF ChIP-seq RAD21,.,TF ChIP-seq,CL:0002319,neural cell,in_vitro_differentiated_cells,embryonic,encode,paired,False,OutputType.CHIP_TF,,,RAD21
CL:0002319 TF ChIP-seq REST,.,TF ChIP-seq,CL:0002319,neural cell,in_vitro_differentiated_cells,embryonic,encode,single,False,OutputType.CHIP_TF,,,REST
CL:0002319 TF ChIP-seq TAF1,.,TF ChIP-seq,CL:0002319,neural cell,in_vitro_differentiated_cells,embryonic,encode,single,False,OutputType.CHIP_TF,,,TAF1
CL:0002327 TF ChIP-seq CTCF,.,TF ChIP-seq,CL:0002327,mammary epithelial cell,primary_cell,unknown,encode,single,False,OutputType.CHIP_TF,,,CTCF
CL:0002327 TF ChIP-seq EZH2,.,TF ChIP-seq,CL:0002327,mammary epithelial cell,primary_cell,adult,encode,single,False,OutputType.CHIP_TF,,,EZH2
CL:0002328 TF ChIP-seq CTCF,.,TF ChIP-seq,CL:0002328,bronchial epithelial cell,primary_cell,unknown,encode,single,False,OutputType.CHIP_TF,,,CTCF
CL:0002351 TF ChIP-seq CTCF,.,TF ChIP-seq,CL:0002351,progenitor cell of endocrine pancreas,in_vitro_differentiated_cells,embryonic,encode,single,False,OutputType.CHIP_TF,,,CTCF
CL:0002518 TF ChIP-seq CTCF,.,TF ChIP-seq,CL:0002518,kidney epithelial cell,primary_cell,unknown,encode,single,False,OutputType.CHIP_TF,,,CTCF
CL:0002547 TF ChIP-seq CTCF,.,TF ChIP-seq,CL:0002547,fibroblast of the aortic adventitia,primary_cell,unknown,encode,single,False,OutputType.CHIP_TF,,,CTCF
CL:0002548 TF ChIP-seq CTCF,.,TF ChIP-seq,CL:0002548,cardiac fibroblast,primary_cell,adult,encode,single,False,OutputType.CHIP_TF,,,CTCF
CL:0002551 TF ChIP-seq CTCF,.,TF ChIP-seq,CL:0002551,fibroblast of dermis,primary_cell,unknown,encode,single,False,OutputType.CHIP_TF,,,CTCF
CL:0002553 TF ChIP-seq CTCF,.,TF ChIP-seq,CL:0002553,fibroblast of lung,primary_cell,adult,encode,single,False,OutputType.CHIP_TF,,,CTCF
CL:0002555 TF ChIP-seq CTCF,.,TF ChIP-seq,CL:0002555,fibroblast of mammary gland,primary_cell,unknown,encode,single,False,OutputType.CHIP_TF,,,CTCF
CL:0002557 TF ChIP-seq CTCF,.,TF ChIP-seq,CL:0002557,fibroblast of pulmonary artery,primary_cell,unknown,encode,single,False,OutputType.CHIP_TF,,,CTCF
CL:0002558 TF ChIP-seq CTCF,.,TF ChIP-seq,CL:0002558,fibroblast of villous mesenchyme,primary_cell,unknown,encode,single,False,OutputType.CHIP_TF,,,CTCF
CL:0002586 TF ChIP-seq CTCF,.,TF ChIP-seq,CL:0002586,retinal pigment epithelial cell,primary_cell,unknown,encode,single,False,OutputType.CHIP_TF,,,CTCF
CL:0002606 TF ChIP-seq CTCF,.,TF ChIP-seq,CL:0002606,astrocyte of the spinal cord,primary_cell,unknown,encode,single,False,OutputType.CHIP_TF,,,CTCF
CL:0002618 TF ChIP-seq CTCF,.,TF ChIP-seq,CL:0002618,endothelial cell of umbilical vein,primary_cell,newborn,encode,single,False,OutputType.CHIP_TF,,,CTCF
CL:0002618 TF ChIP-seq FOS,.,TF ChIP-seq,CL:0002618,endothelial cell of umbilical vein,primary_cell,newborn,encode,single,False,OutputType.CHIP_TF,,,FOS
CL:0002618 TF ChIP-seq GATA2,.,TF ChIP-seq,CL:0002618,endothelial cell of umbilical vein,primary_cell,newborn,encode,single,False,OutputType.CHIP_TF,,,GATA2
CL:0002618 TF ChIP-seq JUN,.,TF ChIP-seq,CL:0002618,endothelial cell of umbilical vein,primary_cell,newborn,encode,single,False,OutputType.CHIP_TF,,,JUN
CL:0002618 TF ChIP-seq MAX,.,TF ChIP-seq,CL:0002618,endothelial cell of umbilical vein,primary_cell,newborn,encode,single,False,OutputType.CHIP_TF,,,MAX
CL:0002618 TF ChIP-seq MYC,.,TF ChIP-seq,CL:0002618,endothelial cell of umbilical vein,primary_cell,newborn,encode,single,False,OutputType.CHIP_TF,,,MYC
CL:0002618 TF ChIP-seq POLR2A,.,TF ChIP-seq,CL:0002618,endothelial cell of umbilical vein,primary_cell,newborn,encode,single,False,OutputType.CHIP_TF,,,POLR2A
CL:0002618 TF ChIP-seq POLR2AphosphoS5,.,TF ChIP-seq,CL:0002618,endothelial cell of umbilical vein,primary_cell,newborn,encode,single,False,OutputType.CHIP_TF,,,POLR2AphosphoS5
CL:0011012 TF ChIP-seq CTCF,.,TF ChIP-seq,CL:0011012,neural crest cell,in_vitro_differentiated_cells,embryonic,encode,single,False,OutputType.CHIP_TF,,,CTCF
CL:0011019 TF ChIP-seq CTCF,.,TF ChIP-seq,CL:0011019,mesothelial cell of epicardium,in_vitro_differentiated_cells,embryonic,encode,single,False,OutputType.CHIP_TF,,,CTCF
CL:0011020 TF ChIP-seq CTCF,.,TF ChIP-seq,CL:0011020,neural progenitor cell,in_vitro_differentiated_cells,embryonic,encode,single,False,OutputType.CHIP_TF,,,CTCF
CL:0011020 TF ChIP-seq EZH2,.,TF ChIP-seq,CL:0011020,neural progenitor cell,in_vitro_differentiated_cells,embryonic,encode,single,False,OutputType.CHIP_TF,,,EZH2
CL:0011020 TF ChIP-seq EZH2phosphoT487,.,TF ChIP-seq,CL:0011020,neural progenitor cell,in_vitro_differentiated_cells,embryonic,encode,single,False,OutputType.CHIP_TF,,,EZH2phosphoT487
CL:1001606 TF ChIP-seq CTCF,.,TF ChIP-seq,CL:1001606,foreskin keratinocyte,primary_cell,newborn,encode,paired,False,OutputType.CHIP_TF,,,CTCF
CL:1001608 TF ChIP-seq CTCF,.,TF ChIP-seq,CL:1001608,foreskin fibroblast,primary_cell,newborn,encode,single,False,OutputType.CHIP_TF,,,CTCF
CL:2000044 TF ChIP-seq CTCF,.,TF ChIP-seq,CL:2000044,brain microvascular endothelial cell,primary_cell,unknown,encode,single,False,OutputType.CHIP_TF,,,CTCF
CLO:0021511 TF ChIP-seq CTCF,.,TF ChIP-seq,CLO:0021511,AG10803,cell_line,adult,encode,single,False,OutputType.CHIP_TF,,,CTCF
CLO:0021752 TF ChIP-seq CTCF,.,TF ChIP-seq,CLO:0021752,AG09309,cell_line,adult,encode,single,False,OutputType.CHIP_TF,,,CTCF
CLO:0021754 TF ChIP-seq CTCF,.,TF ChIP-seq,CLO:0021754,AG09319,cell_line,adult,encode,single,False,OutputType.CHIP_TF,,,CTCF
CLO:0034837 TF ChIP-seq CTCF,.,TF ChIP-seq,CLO:0034837,AG04449,cell_line,embryonic,encode,single,False,OutputType.CHIP_TF,,,CTCF
EFO:0001086 TF ChIP-seq BCL3,.,TF ChIP-seq,EFO:0001086,A549,cell_line,adult,encode,single,False,OutputType.CHIP_TF,,,BCL3
EFO:0001086 TF ChIP-seq CEBPB,.,TF ChIP-seq,EFO:0001086,A549,cell_line,adult,encode,single,False,OutputType.CHIP_TF,,,CEBPB
EFO:0001086 TF ChIP-seq CTCF,.,TF ChIP-seq,EFO:0001086,A549,cell_line,adult,encode,single,False,OutputType.CHIP_TF,,,CTCF
EFO:0001086 TF ChIP-seq E2F6,.,TF ChIP-seq,EFO:0001086,A549,cell_line,adult,encode,single,False,OutputType.CHIP_TF,,,E2F6
EFO:0001086 TF ChIP-seq EP300,.,TF ChIP-seq,EFO:0001086,A549,cell_line,adult,encode,single,False,OutputType.CHIP_TF,,,EP300
EFO:0001086 TF ChIP-seq FOSL2,.,TF ChIP-seq,EFO:0001086,A549,cell_line,adult,encode,single,False,OutputType.CHIP_TF,,,FOSL2
EFO:0001086 TF ChIP-seq FOSL2 genetically modified (insertion) using CRISPR targeting H. sapiens FOSL2,.,TF ChIP-seq,EFO:0001086,A549,cell_line,adult,encode,paired,True,OutputType.CHIP_TF,,,FOSL2
EFO:0001086 TF ChIP-seq FOXF2 genetically modified (insertion) using CRISPR targeting H. sapiens FOXF2,.,TF ChIP-seq,EFO:0001086,A549,cell_line,adult,encode,paired,True,OutputType.CHIP_TF,,,FOXF2
EFO:0001086 TF ChIP-seq GATA3,.,TF ChIP-seq,EFO:0001086,A549,cell_line,adult,encode,single,False,OutputType.CHIP_TF,,,GATA3
EFO:0001086 TF ChIP-seq HOXB5 genetically modified (insertion) using CRISPR targeting H. sapiens HOXB5,.,TF ChIP-seq,EFO:0001086,A549,cell_line,adult,encode,paired,True,OutputType.CHIP_TF,,,HOXB5
EFO:0001086 TF ChIP-seq JUN,.,TF ChIP-seq,EFO:0001086,A549,cell_line,adult,encode,single,False,OutputType.CHIP_TF,,,JUN
EFO:0001086 TF ChIP-seq JUNB,.,TF ChIP-seq,EFO:0001086,A549,cell_line,adult,encode,single,False,OutputType.CHIP_TF,,,JUNB
EFO:0001086 TF ChIP-seq MAFK,.,TF ChIP-seq,EFO:0001086,A549,cell_line,adult,encode,paired,False,OutputType.CHIP_TF,,,MAFK
EFO:0001086 TF ChIP-seq MAX,.,TF ChIP-seq,EFO:0001086,A549,cell_line,adult,encode,single,False,OutputType.CHIP_TF,,,MAX
EFO:0001086 TF ChIP-seq MYC,.,TF ChIP-seq,EFO:0001086,A549,cell_line,adult,encode,single,False,OutputType.CHIP_TF,,,MYC
EFO:0001086 TF ChIP-seq NFE2L2,.,TF ChIP-seq,EFO:0001086,A549,cell_line,adult,encode,single,False,OutputType.CHIP_TF,,,NFE2L2
EFO:0001086 TF ChIP-seq NR3C1,.,TF ChIP-seq,EFO:0001086,A549,cell_line,adult,encode,single,False,OutputType.CHIP_TF,,,NR3C1
EFO:0001086 TF ChIP-seq NR5A2 genetically modified (insertion) using CRISPR targeting H. sapiens NR5A2,.,TF ChIP-seq,EFO:0001086,A549,cell_line,adult,encode,paired,True,OutputType.CHIP_TF,,,NR5A2
EFO:0001086 TF ChIP-seq PBX1 genetically modified (insertion) using CRISPR targeting H. sapiens PBX1,.,TF ChIP-seq,EFO:0001086,A549,cell_line,adult,encode,paired,True,OutputType.CHIP_TF,,,PBX1
EFO:0001086 TF ChIP-seq PBX3,.,TF ChIP-seq,EFO:0001086,A549,cell_line,adult,encode,single,False,OutputType.CHIP_TF,,,PBX3
EFO:0001086 TF ChIP-seq PHF8,.,TF ChIP-seq,EFO:0001086,A549,cell_line,adult,encode,single,False,OutputType.CHIP_TF,,,PHF8
EFO:0001086 TF ChIP-seq POLR2A,.,TF ChIP-seq,EFO:0001086,A549,cell_line,adult,encode,single,False,OutputType.CHIP_TF,,,POLR2A
EFO:0001086 TF ChIP-seq POLR2AphosphoS2,.,TF ChIP-seq,EFO:0001086,A549,cell_line,adult,encode,single,False,OutputType.CHIP_TF,,,POLR2AphosphoS2
EFO:0001086 TF ChIP-seq PRDM1 genetically modified (insertion) using CRISPR targeting H. sapiens PRDM1,.,TF ChIP-seq,EFO:0001086,A549,cell_line,adult,encode,paired,True,OutputType.CHIP_TF,,,PRDM1
EFO:0001086 TF ChIP-seq RAD21,.,TF ChIP-seq,EFO:0001086,A549,cell_line,adult,encode,single,False,OutputType.CHIP_TF,,,RAD21
EFO:0001086 TF ChIP-seq REST,.,TF ChIP-seq,EFO:0001086,A549,cell_line,adult,encode,single,False,OutputType.CHIP_TF,,,REST
EFO:0001086 TF ChIP-seq RFX5,.,TF ChIP-seq,EFO:0001086,A549,cell_line,adult,encode,paired,False,OutputType.CHIP_TF,,,RFX5
EFO:0001086 TF ChIP-seq SIN3A,.,TF ChIP-seq,EFO:0001086,A549,cell_line,adult,encode,paired,False,OutputType.CHIP_TF,,,SIN3A
EFO:0001086 TF ChIP-seq SMC3,.,TF ChIP-seq,EFO:0001086,A549,cell_line,adult,encode,single,False,OutputType.CHIP_TF,,,SMC3
EFO:0001086 TF ChIP-seq TEAD4,.,TF ChIP-seq,EFO:0001086,A549,cell_line,adult,encode,single,False,OutputType.CHIP_TF,,,TEAD4
EFO:0001086 TF ChIP-seq USF2,.,TF ChIP-seq,EFO:0001086,A549,cell_line,adult,encode,paired,False,OutputType.CHIP_TF,,,USF2
EFO:0001086 TF ChIP-seq ZFP36,.,TF ChIP-seq,EFO:0001086,A549,cell_line,adult,encode,paired,False,OutputType.CHIP_TF,,,ZFP36
EFO:0001086 TF ChIP-seq ZNF624 genetically modified (insertion) using CRISPR targeting H. sapiens ZNF624,.,TF ChIP-seq,EFO:0001086,A549,cell_line,adult,encode,paired,True,OutputType.CHIP_TF,,,ZNF624
EFO:0001099 TF ChIP-seq CTCF,.,TF ChIP-seq,EFO:0001099,Caco-2,cell_line,adult,encode,single,False,OutputType.CHIP_TF,,,CTCF
EFO:0001159 TF ChIP-seq CTCF,.,TF ChIP-seq,EFO:0001159,GM12872,cell_line,unknown,encode,single,False,OutputType.CHIP_TF,,,CTCF
EFO:0001160 TF ChIP-seq CTCF,.,TF ChIP-seq,EFO:0001160,GM12873,cell_line,unknown,encode,single,False,OutputType.CHIP_TF,,,CTCF
EFO:0001161 TF ChIP-seq CTCF,.,TF ChIP-seq,EFO:0001161,GM12874,cell_line,unknown,encode,single,False,OutputType.CHIP_TF,,,CTCF
EFO:0001162 TF ChIP-seq CTCF,.,TF ChIP-seq,EFO:0001162,GM12875,cell_line,unknown,encode,single,False,OutputType.CHIP_TF,,,CTCF
EFO:0001182 TF ChIP-seq ATF2 genetically modified (insertion) using site-specific recombination targeting H. sapiens ATF2,.,TF ChIP-seq,EFO:0001182,HEK293,cell_line,embryonic,encode,paired,True,OutputType.CHIP_TF,,,ATF2
EFO:0001182 TF ChIP-seq BCL11A genetically modified (insertion) using site-specific recombination targeting H. sapiens BCL11A,.,TF ChIP-seq,EFO:0001182,HEK293,cell_line,embryonic,encode,paired,True,OutputType.CHIP_TF,,,BCL11A
EFO:0001182 TF ChIP-seq BCL11B genetically modified (insertion) using site-specific recombination targeting H. sapiens BCL11B,.,TF ChIP-seq,EFO:0001182,HEK293,cell_line,embryonic,encode,paired,True,OutputType.CHIP_TF,,,BCL11B
EFO:0001182 TF ChIP-seq CTCF,.,TF ChIP-seq,EFO:0001182,HEK293,cell_line,embryonic,encode,single,False,OutputType.CHIP_TF,,,CTCF
EFO:0001182 TF ChIP-seq CTCF genetically modified (insertion) using site-specific recombination targeting H. sapiens CTCF,.,TF ChIP-seq,EFO:0001182,HEK293,cell_line,embryonic,encode,paired,True,OutputType.CHIP_TF,,,CTCF
EFO:0001182 TF ChIP-seq EGR2 genetically modified (insertion) using site-specific recombination targeting H. sapiens EGR2,.,TF ChIP-seq,EFO:0001182,HEK293,cell_line,embryonic,encode,paired,True,OutputType.CHIP_TF,,,EGR2
EFO:0001182 TF ChIP-seq FEZF1 genetically modified (insertion) using site-specific recombination targeting H. sapiens FEZF1,.,TF ChIP-seq,EFO:0001182,HEK293,cell_line,embryonic,encode,paired,True,OutputType.CHIP_TF,,,FEZF1
EFO:0001182 TF ChIP-seq GLIS1 genetically modified (insertion) using site-specific recombination targeting H. sapiens GLIS1,.,TF ChIP-seq,EFO:0001182,HEK293,cell_line,embryonic,encode,paired,True,OutputType.CHIP_TF,,,GLIS1
EFO:0001182 TF ChIP-seq GLIS2 genetically modified (insertion) using site-specific recombination targeting H. sapiens GLIS2,.,TF ChIP-seq,EFO:0001182,HEK293,cell_line,embryonic,encode,paired,True,OutputType.CHIP_TF,,,GLIS2
EFO:0001182 TF ChIP-seq HIC1 genetically modified (insertion) using site-specific recombination targeting H. sapiens HIC1,.,TF ChIP-seq,EFO:0001182,HEK293,cell_line,embryonic,encode,paired,True,OutputType.CHIP_TF,,,HIC1
EFO:0001182 TF ChIP-seq HOXB7 genetically modified (insertion) using CRISPR targeting H. sapiens HOXB7,.,TF ChIP-seq,EFO:0001182,HEK293,cell_line,embryonic,encode,single,True,OutputType.CHIP_TF,,,HOXB7
EFO:0001182 TF ChIP-seq IKZF3 genetically modified (insertion) using site-specific recombination targeting H. sapiens IKZF3,.,TF ChIP-seq,EFO:0001182,HEK293,cell_line,embryonic,encode,paired,True,OutputType.CHIP_TF,,,IKZF3
EFO:0001182 TF ChIP-seq INSM2 genetically modified (insertion) using site-specific recombination targeting H. sapiens INSM2,.,TF ChIP-seq,EFO:0001182,HEK293,cell_line,embryonic,encode,paired,True,OutputType.CHIP_TF,,,INSM2
EFO:0001182 TF ChIP-seq KLF1 genetically modified (insertion) using site-specific recombination targeting H. sapiens KLF1,.,TF ChIP-seq,EFO:0001182,HEK293,cell_line,embryonic,encode,paired,True,OutputType.CHIP_TF,,,KLF1
EFO:0001182 TF ChIP-seq KLF10 genetically modified (insertion) using site-specific recombination targeting H. sapiens KLF10,.,TF ChIP-seq,EFO:0001182,HEK293,cell_line,embryonic,encode,paired,True,OutputType.CHIP_TF,,,KLF10
EFO:0001182 TF ChIP-seq KLF16 genetically modified (insertion) using site-specific recombination targeting H. sapiens KLF16,.,TF ChIP-seq,EFO:0001182,HEK293,cell_line,embryonic,encode,paired,True,OutputType.CHIP_TF,,,KLF16
EFO:0001182 TF ChIP-seq KLF17 genetically modified (insertion) using site-specific recombination targeting H. sapiens KLF17,.,TF ChIP-seq,EFO:0001182,HEK293,cell_line,embryonic,encode,paired,True,OutputType.CHIP_TF,,,KLF17
EFO:0001182 TF ChIP-seq KLF7 genetically modified (insertion) using site-specific recombination targeting H. sapiens KLF7,.,TF ChIP-seq,EFO:0001182,HEK293,cell_line,embryonic,encode,paired,True,OutputType.CHIP_TF,,,KLF7
EFO:0001182 TF ChIP-seq KLF8 genetically modified (insertion) using site-specific recombination targeting H. sapiens KLF8,.,TF ChIP-seq,EFO:0001182,HEK293,cell_line,embryonic,encode,paired,True,OutputType.CHIP_TF,,,KLF8
EFO:0001182 TF ChIP-seq KLF9 genetically modified (insertion) using site-specific recombination targeting H. sapiens KLF9,.,TF ChIP-seq,EFO:0001182,HEK293,cell_line,embryonic,encode,paired,True,OutputType.CHIP_TF,,,KLF9
EFO:0001182 TF ChIP-seq MAZ genetically modified (insertion) using site-specific recombination targeting H. sapiens MAZ,.,TF ChIP-seq,EFO:0001182,HEK293,cell_line,embryonic,encode,paired,True,OutputType.CHIP_TF,,,MAZ
EFO:0001182 TF ChIP-seq MZF1 genetically modified (insertion) using site-specific recombination targeting H. sapiens MZF1,.,TF ChIP-seq,EFO:0001182,HEK293,cell_line,embryonic,encode,paired,True,OutputType.CHIP_TF,,,MZF1
EFO:0001182 TF ChIP-seq OSR2 genetically modified (insertion) using site-specific recombination targeting H. sapiens OSR2,.,TF ChIP-seq,EFO:0001182,HEK293,cell_line,embryonic,encode,paired,True,OutputType.CHIP_TF,,,OSR2
EFO:0001182 TF ChIP-seq PATZ1 genetically modified (insertion) using site-specific recombination targeting H. sapiens PATZ1,.,TF ChIP-seq,EFO:0001182,HEK293,cell_line,embryonic,encode,paired,True,OutputType.CHIP_TF,,,PATZ1
EFO:0001182 TF ChIP-seq PBX3 genetically modified (insertion) using CRISPR targeting H. sapiens PBX3,.,TF ChIP-seq,EFO:0001182,HEK293,cell_line,embryonic,encode,single,True,OutputType.CHIP_TF,,,PBX3
EFO:0001182 TF ChIP-seq PRDM1 genetically modified (insertion) using site-specific recombination targeting H. sapiens PRDM1,.,TF ChIP-seq,EFO:0001182,HEK293,cell_line,embryonic,encode,paired,True,OutputType.CHIP_TF,,,PRDM1
EFO:0001182 TF ChIP-seq PRDM10 genetically modified (insertion) using site-specific recombination targeting H. sapiens PRDM10,.,TF ChIP-seq,EFO:0001182,HEK293,cell_line,embryonic,encode,paired,True,OutputType.CHIP_TF,,,PRDM10
EFO:0001182 TF ChIP-seq PRDM4 genetically modified (insertion) using site-specific recombination targeting H. sapiens PRDM4,.,TF ChIP-seq,EFO:0001182,HEK293,cell_line,embryonic,encode,paired,True,OutputType.CHIP_TF,,,PRDM4
EFO:0001182 TF ChIP-seq PRDM6 genetically modified (insertion) using site-specific recombination targeting H. sapiens PRDM6,.,TF ChIP-seq,EFO:0001182,HEK293,cell_line,embryonic,encode,paired,True,OutputType.CHIP_TF,,,PRDM6
EFO:0001182 TF ChIP-seq REST genetically modified (insertion) using site-specific recombination targeting H. sapiens REST,.,TF ChIP-seq,EFO:0001182,HEK293,cell_line,embryonic,encode,paired,True,OutputType.CHIP_TF,,,REST
EFO:0001182 TF ChIP-seq SCRT1 genetically modified (insertion) using site-specific recombination targeting H. sapiens SCRT1,.,TF ChIP-seq,EFO:0001182,HEK293,cell_line,embryonic,encode,paired,True,OutputType.CHIP_TF,,,SCRT1
EFO:0001182 TF ChIP-seq SCRT2 genetically modified (insertion) using site-specific recombination targeting H. sapiens SCRT2,.,TF ChIP-seq,EFO:0001182,HEK293,cell_line,embryonic,encode,paired,True,OutputType.CHIP_TF,,,SCRT2
EFO:0001182 TF ChIP-seq SETDB1,.,TF ChIP-seq,EFO:0001182,HEK293,cell_line,embryonic,encode,single,False,OutputType.CHIP_TF,,,SETDB1
EFO:0001182 TF ChIP-seq SP2 genetically modified (insertion) using site-specific recombination targeting H. sapiens SP2,.,TF ChIP-seq,EFO:0001182,HEK293,cell_line,embryonic,encode,paired,True,OutputType.CHIP_TF,,,SP2
EFO:0001182 TF ChIP-seq SP3 genetically modified (insertion) using site-specific recombination targeting H. sapiens SP3,.,TF ChIP-seq,EFO:0001182,HEK293,cell_line,embryonic,encode,paired,True,OutputType.CHIP_TF,,,SP3
EFO:0001182 TF ChIP-seq SP7 genetically modified (insertion) using site-specific recombination targeting H. sapiens SP7,.,TF ChIP-seq,EFO:0001182,HEK293,cell_line,embryonic,encode,paired,True,OutputType.CHIP_TF,,,SP7
EFO:0001182 TF ChIP-seq TCF7L2,.,TF ChIP-seq,EFO:0001182,HEK293,cell_line,embryonic,encode,single,False,OutputType.CHIP_TF,,,TCF7L2
EFO:0001182 TF ChIP-seq TRIM28,.,TF ChIP-seq,EFO:0001182,HEK293,cell_line,embryonic,encode,single,False,OutputType.CHIP_TF,,,TRIM28
EFO:0001182 TF ChIP-seq WT1 genetically modified (insertion) using site-specific recombination targeting H. sapiens WT1,.,TF ChIP-seq,EFO:0001182,HEK293,cell_line,embryonic,encode,paired,True,OutputType.CHIP_TF,,,WT1
EFO:0001182 TF ChIP-seq YY1 genetically modified (insertion) using site-specific recombination targeting H. sapiens YY1,.,TF ChIP-seq,EFO:0001182,HEK293,cell_line,embryonic,encode,paired,True,OutputType.CHIP_TF,,,YY1
EFO:0001182 TF ChIP-seq YY2 genetically modified (insertion) using site-specific recombination targeting H. sapiens YY2,.,TF ChIP-seq,EFO:0001182,HEK293,cell_line,embryonic,encode,paired,True,OutputType.CHIP_TF,,,YY2
EFO:0001182 TF ChIP-seq ZBTB10 genetically modified (insertion) using site-specific recombination targeting H. sapiens ZBTB10,.,TF ChIP-seq,EFO:0001182,HEK293,cell_line,embryonic,encode,paired,True,OutputType.CHIP_TF,,,ZBTB10
EFO:0001182 TF ChIP-seq ZBTB11 genetically modified (insertion) using site-specific recombination targeting H. sapiens ZBTB11,.,TF ChIP-seq,EFO:0001182,HEK293,cell_line,embryonic,encode,paired,True,OutputType.CHIP_TF,,,ZBTB11
EFO:0001182 TF ChIP-seq ZBTB12 genetically modified (insertion) using site-specific recombination targeting H. sapiens ZBTB12,.,TF ChIP-seq,EFO:0001182,HEK293,cell_line,embryonic,encode,paired,True,OutputType.CHIP_TF,,,ZBTB12
EFO:0001182 TF ChIP-seq ZBTB17 genetically modified (insertion) using site-specific recombination targeting H. sapiens ZBTB17,.,TF ChIP-seq,EFO:0001182,HEK293,cell_line,embryonic,encode,paired,True,OutputType.CHIP_TF,,,ZBTB17
EFO:0001182 TF ChIP-seq ZBTB20 genetically modified (insertion) using site-specific recombination targeting H. sapiens ZBTB20,.,TF ChIP-seq,EFO:0001182,HEK293,cell_line,embryonic,encode,paired,True,OutputType.CHIP_TF,,,ZBTB20
EFO:0001182 TF ChIP-seq ZBTB21 genetically modified (insertion) using site-specific recombination targeting H. sapiens ZBTB21,.,TF ChIP-seq,EFO:0001182,HEK293,cell_line,embryonic,encode,paired,True,OutputType.CHIP_TF,,,ZBTB21
EFO:0001182 TF ChIP-seq ZBTB26 genetically modified (insertion) using site-specific recombination targeting H. sapiens ZBTB26,.,TF ChIP-seq,EFO:0001182,HEK293,cell_line,embryonic,encode,paired,True,OutputType.CHIP_TF,,,ZBTB26
EFO:0001182 TF ChIP-seq ZBTB44 genetically modified (insertion) using site-specific recombination targeting H. sapiens ZBTB44,.,TF ChIP-seq,EFO:0001182,HEK293,cell_line,embryonic,encode,paired,True,OutputType.CHIP_TF,,,ZBTB44
EFO:0001182 TF ChIP-seq ZBTB48 genetically modified (insertion) using site-specific recombination targeting H. sapiens ZBTB48,.,TF ChIP-seq,EFO:0001182,HEK293,cell_line,embryonic,encode,paired,True,OutputType.CHIP_TF,,,ZBTB48
EFO:0001182 TF ChIP-seq ZBTB6 genetically modified (insertion) using site-specific recombination targeting H. sapiens ZBTB6,.,TF ChIP-seq,EFO:0001182,HEK293,cell_line,embryonic,encode,paired,True,OutputType.CHIP_TF,,,ZBTB6
EFO:0001182 TF ChIP-seq ZBTB8A genetically modified (insertion) using site-specific recombination targeting H. sapiens ZBTB8A,.,TF ChIP-seq,EFO:0001182,HEK293,cell_line,embryonic,encode,paired,True,OutputType.CHIP_TF,,,ZBTB8A
EFO:0001182 TF ChIP-seq ZEB1 genetically modified (insertion) using site-specific recombination targeting H. sapiens ZEB1,.,TF ChIP-seq,EFO:0001182,HEK293,cell_line,embryonic,encode,paired,True,OutputType.CHIP_TF,,,ZEB1
EFO:0001182 TF ChIP-seq ZEB2 genetically modified (insertion) using site-specific recombination targeting H. sapiens ZEB2,.,TF ChIP-seq,EFO:0001182,HEK293,cell_line,embryonic,encode,paired,True,OutputType.CHIP_TF,,,ZEB2
EFO:0001182 TF ChIP-seq ZFHX2 genetically modified (insertion) using site-specific recombination targeting H. sapiens ZFHX2,.,TF ChIP-seq,EFO:0001182,HEK293,cell_line,embryonic,encode,paired,True,OutputType.CHIP_TF,,,ZFHX2
EFO:0001182 TF ChIP-seq ZFP37 genetically modified (insertion) using site-specific recombination targeting H. sapiens ZFP37,.,TF ChIP-seq,EFO:0001182,HEK293,cell_line,embryonic,encode,paired,True,OutputType.CHIP_TF,,,ZFP37
EFO:0001182 TF ChIP-seq ZFP69B genetically modified (insertion) using site-specific recombination targeting H. sapiens ZFP69B,.,TF ChIP-seq,EFO:0001182,HEK293,cell_line,embryonic,encode,paired,True,OutputType.CHIP_TF,,,ZFP69B
EFO:0001182 TF ChIP-seq ZIC2 genetically modified (insertion) using site-specific recombination targeting H. sapiens ZIC2,.,TF ChIP-seq,EFO:0001182,HEK293,cell_line,embryonic,encode,paired,True,OutputType.CHIP_TF,,,ZIC2
EFO:0001182 TF ChIP-seq ZNF10 genetically modified (insertion) using site-specific recombination targeting H. sapiens ZNF10,.,TF ChIP-seq,EFO:0001182,HEK293,cell_line,embryonic,encode,paired,True,OutputType.CHIP_TF,,,ZNF10
EFO:0001182 TF ChIP-seq ZNF121 genetically modified (insertion) using site-specific recombination targeting H. sapiens ZNF121,.,TF ChIP-seq,EFO:0001182,HEK293,cell_line,embryonic,encode,paired,True,OutputType.CHIP_TF,,,ZNF121
EFO:0001182 TF ChIP-seq ZNF133 genetically modified (insertion) using site-specific recombination targeting H. sapiens ZNF133,.,TF ChIP-seq,EFO:0001182,HEK293,cell_line,embryonic,encode,paired,True,OutputType.CHIP_TF,,,ZNF133
EFO:0001182 TF ChIP-seq ZNF146 genetically modified (insertion) using site-specific recombination targeting H. sapiens ZNF146,.,TF ChIP-seq,EFO:0001182,HEK293,cell_line,embryonic,encode,paired,True,OutputType.CHIP_TF,,,ZNF146
EFO:0001182 TF ChIP-seq ZNF157 genetically modified (insertion) using site-specific recombination targeting H. sapiens ZNF157,.,TF ChIP-seq,EFO:0001182,HEK293,cell_line,embryonic,encode,paired,True,OutputType.CHIP_TF,,,ZNF157
EFO:0001182 TF ChIP-seq ZNF18 genetically modified (insertion) using site-specific recombination targeting H. sapiens ZNF18,.,TF ChIP-seq,EFO:0001182,HEK293,cell_line,embryonic,encode,paired,True,OutputType.CHIP_TF,,,ZNF18
EFO:0001182 TF ChIP-seq ZNF189 genetically modified (insertion) using site-specific recombination targeting H. sapiens ZNF189,.,TF ChIP-seq,EFO:0001182,HEK293,cell_line,embryonic,encode,paired,True,OutputType.CHIP_TF,,,ZNF189
EFO:0001182 TF ChIP-seq ZNF2 genetically modified (insertion) using site-specific recombination targeting H. sapiens ZNF2,.,TF ChIP-seq,EFO:0001182,HEK293,cell_line,embryonic,encode,paired,True,OutputType.CHIP_TF,,,ZNF2
EFO:0001182 TF ChIP-seq ZNF24 genetically modified (insertion) using site-specific recombination targeting H. sapiens ZNF24,.,TF ChIP-seq,EFO:0001182,HEK293,cell_line,embryonic,encode,paired,True,OutputType.CHIP_TF,,,ZNF24
EFO:0001182 TF ChIP-seq ZNF263,.,TF ChIP-seq,EFO:0001182,HEK293,cell_line,embryonic,encode,single,False,OutputType.CHIP_TF,,,ZNF263
EFO:0001182 TF ChIP-seq ZNF324 genetically modified (insertion) using site-specific recombination targeting H. sapiens ZNF324,.,TF ChIP-seq,EFO:0001182,HEK293,cell_line,embryonic,encode,paired,True,OutputType.CHIP_TF,,,ZNF324
EFO:0001182 TF ChIP-seq ZNF335 genetically modified (insertion) using site-specific recombination targeting H. sapiens ZNF335,.,TF ChIP-seq,EFO:0001182,HEK293,cell_line,embryonic,encode,paired,True,OutputType.CHIP_TF,,,ZNF335
EFO:0001182 TF ChIP-seq ZNF34 genetically modified (insertion) using site-specific recombination targeting H. sapiens ZNF34,.,TF ChIP-seq,EFO:0001182,HEK293,cell_line,embryonic,encode,paired,True,OutputType.CHIP_TF,,,ZNF34
EFO:0001182 TF ChIP-seq ZNF341 genetically modified (insertion) using site-specific recombination targeting H. sapiens ZNF341,.,TF ChIP-seq,EFO:0001182,HEK293,cell_line,embryonic,encode,paired,True,OutputType.CHIP_TF,,,ZNF341
EFO:0001182 TF ChIP-seq ZNF362 genetically modified (insertion) using site-specific recombination targeting H. sapiens ZNF362,.,TF ChIP-seq,EFO:0001182,HEK293,cell_line,embryonic,encode,paired,True,OutputType.CHIP_TF,,,ZNF362
EFO:0001182 TF ChIP-seq ZNF366 genetically modified (insertion) using site-specific recombination targeting H. sapiens ZNF366,.,TF ChIP-seq,EFO:0001182,HEK293,cell_line,embryonic,encode,paired,True,OutputType.CHIP_TF,,,ZNF366
EFO:0001182 TF ChIP-seq ZNF391 genetically modified (insertion) using site-specific recombination targeting H. sapiens ZNF391,.,TF ChIP-seq,EFO:0001182,HEK293,cell_line,embryonic,encode,paired,True,OutputType.CHIP_TF,,,ZNF391
EFO:0001182 TF ChIP-seq ZNF394 genetically modified (insertion) using site-specific recombination targeting H. sapiens ZNF394,.,TF ChIP-seq,EFO:0001182,HEK293,cell_line,embryonic,encode,paired,True,OutputType.CHIP_TF,,,ZNF394
EFO:0001182 TF ChIP-seq ZNF398 genetically modified (insertion) using site-specific recombination targeting H. sapiens ZNF398,.,TF ChIP-seq,EFO:0001182,HEK293,cell_line,embryonic,encode,paired,True,OutputType.CHIP_TF,,,ZNF398
EFO:0001182 TF ChIP-seq ZNF423 genetically modified (insertion) using site-specific recombination targeting H. sapiens ZNF423,.,TF ChIP-seq,EFO:0001182,HEK293,cell_line,embryonic,encode,paired,True,OutputType.CHIP_TF,,,ZNF423
EFO:0001182 TF ChIP-seq ZNF426 genetically modified (insertion) using site-specific recombination targeting H. sapiens ZNF426,.,TF ChIP-seq,EFO:0001182,HEK293,cell_line,embryonic,encode,paired,True,OutputType.CHIP_TF,,,ZNF426
EFO:0001182 TF ChIP-seq ZNF449 genetically modified (insertion) using site-specific recombination targeting H. sapiens ZNF449,.,TF ChIP-seq,EFO:0001182,HEK293,cell_line,embryonic,encode,paired,True,OutputType.CHIP_TF,,,ZNF449
EFO:0001182 TF ChIP-seq ZNF501 genetically modified (insertion) using site-specific recombination targeting H. sapiens ZNF501,.,TF ChIP-seq,EFO:0001182,HEK293,cell_line,embryonic,encode,paired,True,OutputType.CHIP_TF,,,ZNF501
EFO:0001182 TF ChIP-seq ZNF513 genetically modified (insertion) using site-specific recombination targeting H. sapiens ZNF513,.,TF ChIP-seq,EFO:0001182,HEK293,cell_line,embryonic,encode,paired,True,OutputType.CHIP_TF,,,ZNF513
EFO:0001182 TF ChIP-seq ZNF518A genetically modified (insertion) using site-specific recombination targeting H. sapiens ZNF518A,.,TF ChIP-seq,EFO:0001182,HEK293,cell_line,embryonic,encode,paired,True,OutputType.CHIP_TF,,,ZNF518A
EFO:0001182 TF ChIP-seq ZNF558 genetically modified (insertion) using site-specific recombination targeting H. sapiens ZNF558,.,TF ChIP-seq,EFO:0001182,HEK293,cell_line,embryonic,encode,paired,True,OutputType.CHIP_TF,,,ZNF558
EFO:0001182 TF ChIP-seq ZNF561 genetically modified (insertion) using site-specific recombination targeting H. sapiens ZNF561,.,TF ChIP-seq,EFO:0001182,HEK293,cell_line,embryonic,encode,paired,True,OutputType.CHIP_TF,,,ZNF561
EFO:0001182 TF ChIP-seq ZNF580 genetically modified (insertion) using site-specific recombination targeting H. sapiens ZNF580,.,TF ChIP-seq,EFO:0001182,HEK293,cell_line,embryonic,encode,paired,True,OutputType.CHIP_TF,,,ZNF580
EFO:0001182 TF ChIP-seq ZNF585B genetically modified (insertion) using site-specific recombination targeting H. sapiens ZNF585B,.,TF ChIP-seq,EFO:0001182,HEK293,cell_line,embryonic,encode,paired,True,OutputType.CHIP_TF,,,ZNF585B
EFO:0001182 TF ChIP-seq ZNF596 genetically modified (insertion) using site-specific recombination targeting H. sapiens ZNF596,.,TF ChIP-seq,EFO:0001182,HEK293,cell_line,embryonic,encode,paired,True,OutputType.CHIP_TF,,,ZNF596
EFO:0001182 TF ChIP-seq ZNF600 genetically modified (insertion) using site-specific recombination targeting H. sapiens ZNF600,.,TF ChIP-seq,EFO:0001182,HEK293,cell_line,embryonic,encode,paired,True,OutputType.CHIP_TF,,,ZNF600
EFO:0001182 TF ChIP-seq ZNF610 genetically modified (insertion) using site-specific recombination targeting H. sapiens ZNF610,.,TF ChIP-seq,EFO:0001182,HEK293,cell_line,embryonic,encode,paired,True,OutputType.CHIP_TF,,,ZNF610
EFO:0001182 TF ChIP-seq ZNF623 genetically modified (insertion) using site-specific recombination targeting H. sapiens ZNF623,.,TF ChIP-seq,EFO:0001182,HEK293,cell_line,embryonic,encode,paired,True,OutputType.CHIP_TF,,,ZNF623
EFO:0001182 TF ChIP-seq ZNF629 genetically modified (insertion) using site-specific recombination targeting H. sapiens ZNF629,.,TF ChIP-seq,EFO:0001182,HEK293,cell_line,embryonic,encode,paired,True,OutputType.CHIP_TF,,,ZNF629
EFO:0001182 TF ChIP-seq ZNF639 genetically modified (insertion) using site-specific recombination targeting H. sapiens ZNF639,.,TF ChIP-seq,EFO:0001182,HEK293,cell_line,embryonic,encode,paired,True,OutputType.CHIP_TF,,,ZNF639
EFO:0001182 TF ChIP-seq ZNF654 genetically modified (insertion) using site-specific recombination targeting H. sapiens ZNF654,.,TF ChIP-seq,EFO:0001182,HEK293,cell_line,embryonic,encode,paired,True,OutputType.CHIP_TF,,,ZNF654
EFO:0001182 TF ChIP-seq ZNF660 genetically modified (insertion) using site-specific recombination targeting H. sapiens ZNF660,.,TF ChIP-seq,EFO:0001182,HEK293,cell_line,embryonic,encode,paired,True,OutputType.CHIP_TF,,,ZNF660
EFO:0001182 TF ChIP-seq ZNF664 genetically modified (insertion) using site-specific recombination targeting H. sapiens ZNF664,.,TF ChIP-seq,EFO:0001182,HEK293,cell_line,embryonic,encode,paired,True,OutputType.CHIP_TF,,,ZNF664
EFO:0001182 TF ChIP-seq ZNF680 genetically modified (insertion) using site-specific recombination targeting H. sapiens ZNF680,.,TF ChIP-seq,EFO:0001182,HEK293,cell_line,embryonic,encode,paired,True,OutputType.CHIP_TF,,,ZNF680
EFO:0001182 TF ChIP-seq ZNF692 genetically modified (insertion) using site-specific recombination targeting H. sapiens ZNF692,.,TF ChIP-seq,EFO:0001182,HEK293,cell_line,embryonic,encode,paired,True,OutputType.CHIP_TF,,,ZNF692
EFO:0001182 TF ChIP-seq ZNF76 genetically modified (insertion) using site-specific recombination targeting H. sapiens ZNF76,.,TF ChIP-seq,EFO:0001182,HEK293,cell_line,embryonic,encode,paired,True,OutputType.CHIP_TF,,,ZNF76
EFO:0001182 TF ChIP-seq ZNF770 genetically modified (insertion) using site-specific recombination targeting H. sapiens ZNF770,.,TF ChIP-seq,EFO:0001182,HEK293,cell_line,embryonic,encode,paired,True,OutputType.CHIP_TF,,,ZNF770
EFO:0001182 TF ChIP-seq ZNF843 genetically modified (insertion) using site-specific recombination targeting H. sapiens ZNF843,.,TF ChIP-seq,EFO:0001182,HEK293,cell_line,embryonic,encode,paired,True,OutputType.CHIP_TF,,,ZNF843
EFO:0001182 TF ChIP-seq ZSCAN21 genetically modified (insertion) using site-specific recombination targeting H. sapiens ZSCAN21,.,TF ChIP-seq,EFO:0001182,HEK293,cell_line,embryonic,encode,paired,True,OutputType.CHIP_TF,,,ZSCAN21
EFO:0001182 TF ChIP-seq ZSCAN30 genetically modified (insertion) using site-specific recombination targeting H. sapiens ZSCAN30,.,TF ChIP-seq,EFO:0001182,HEK293,cell_line,embryonic,encode,paired,True,OutputType.CHIP_TF,,,ZSCAN30
EFO:0001182 TF ChIP-seq ZSCAN4 genetically modified (insertion) using site-specific recombination targeting H. sapiens ZSCAN4,.,TF ChIP-seq,EFO:0001182,HEK293,cell_line,embryonic,encode,paired,True,OutputType.CHIP_TF,,,ZSCAN4
EFO:0001182 TF ChIP-seq ZSCAN5C genetically modified (insertion) using site-specific recombination targeting H. sapiens ZSCAN5C,.,TF ChIP-seq,EFO:0001182,HEK293,cell_line,embryonic,encode,paired,True,OutputType.CHIP_TF,,,ZSCAN5C
EFO:0001182 TF ChIP-seq ZXDB genetically modified (insertion) using site-specific recombination targeting H. sapiens ZXDB,.,TF ChIP-seq,EFO:0001182,HEK293,cell_line,embryonic,encode,paired,True,OutputType.CHIP_TF,,,ZXDB
EFO:0001184 TF ChIP-seq ELF4,.,TF ChIP-seq,EFO:0001184,HEK293T,cell_line,embryonic,encode,paired,False,OutputType.CHIP_TF,,,ELF4
EFO:0001184 TF ChIP-seq L3MBTL2,.,TF ChIP-seq,EFO:0001184,HEK293T,cell_line,embryonic,encode,paired,False,OutputType.CHIP_TF,,,L3MBTL2
EFO:0001184 TF ChIP-seq PKNOX1,.,TF ChIP-seq,EFO:0001184,HEK293T,cell_line,embryonic,encode,paired,False,OutputType.CHIP_TF,,,PKNOX1
EFO:0001184 TF ChIP-seq ZFX,.,TF ChIP-seq,EFO:0001184,HEK293T,cell_line,embryonic,encode,paired,False,OutputType.CHIP_TF,,,ZFX
EFO:0001184 TF ChIP-seq ZNF384,.,TF ChIP-seq,EFO:0001184,HEK293T,cell_line,embryonic,encode,paired,False,OutputType.CHIP_TF,,,ZNF384
EFO:0001187 TF ChIP-seq AFF4 genetically modified (insertion) using CRISPR targeting H. sapiens AFF4,.,TF ChIP-seq,EFO:0001187,HepG2,cell_line,child,encode,single,True,OutputType.CHIP_TF,,,AFF4
EFO:0001187 TF ChIP-seq AGO2,.,TF ChIP-seq,EFO:0001187,HepG2,cell_line,child,encode,single,False,OutputType.CHIP_TF,,,AGO2
EFO:0001187 TF ChIP-seq AHDC1 genetically modified (insertion) using CRISPR targeting H. sapiens AHDC1,.,TF ChIP-seq,EFO:0001187,HepG2,cell_line,child,encode,single,True,OutputType.CHIP_TF,,,AHDC1
EFO:0001187 TF ChIP-seq AHR genetically modified (insertion) using CRISPR targeting H. sapiens AHR,.,TF ChIP-seq,EFO:0001187,HepG2,cell_line,child,encode,single,True,OutputType.CHIP_TF,,,AHR
EFO:0001187 TF ChIP-seq AKAP8 genetically modified (insertion) using CRISPR targeting H. sapiens AKAP8,.,TF ChIP-seq,EFO:0001187,HepG2,cell_line,child,encode,single,True,OutputType.CHIP_TF,,,AKAP8
EFO:0001187 TF ChIP-seq ARHGAP35 genetically modified (insertion) using CRISPR targeting H. sapiens ARHGAP35,.,TF ChIP-seq,EFO:0001187,HepG2,cell_line,child,encode,single,True,OutputType.CHIP_TF,,,ARHGAP35
EFO:0001187 TF ChIP-seq ARID2 genetically modified (insertion) using CRISPR targeting H. sapiens ARID2,.,TF ChIP-seq,EFO:0001187,HepG2,cell_line,child,encode,single,True,OutputType.CHIP_TF,,,ARID2
EFO:0001187 TF ChIP-seq ARID3A,.,TF ChIP-seq,EFO:0001187,HepG2,cell_line,child,encode,single,False,OutputType.CHIP_TF,,,ARID3A
EFO:0001187 TF ChIP-seq ARID3A genetically modified (insertion) using CRISPR targeting H. sapiens ARID3A,.,TF ChIP-seq,EFO:0001187,HepG2,cell_line,child,encode,single,True,OutputType.CHIP_TF,,,ARID3A
EFO:0001187 TF ChIP-seq ARID4A genetically modified (insertion) using CRISPR targeting H. sapiens ARID4A,.,TF ChIP-seq,EFO:0001187,HepG2,cell_line,child,encode,single,True,OutputType.CHIP_TF,,,ARID4A
EFO:0001187 TF ChIP-seq ARID4B genetically modified (insertion) using CRISPR targeting H. sapiens ARID4B,.,TF ChIP-seq,EFO:0001187,HepG2,cell_line,child,encode,single,True,OutputType.CHIP_TF,,,ARID4B
EFO:0001187 TF ChIP-seq ARID5B genetically modified (insertion) using CRISPR targeting H. sapiens ARID5B,.,TF ChIP-seq,EFO:0001187,HepG2,cell_line,child,encode,single,True,OutputType.CHIP_TF,,,ARID5B
EFO:0001187 TF ChIP-seq ARNT2 genetically modified (insertion) using CRISPR targeting H. sapiens ARNT2,.,TF ChIP-seq,EFO:0001187,HepG2,cell_line,child,encode,single,True,OutputType.CHIP_TF,,,ARNT2
EFO:0001187 TF ChIP-seq ARNTL genetically modified (insertion) using CRISPR targeting H. sapiens ARNTL,.,TF ChIP-seq,EFO:0001187,HepG2,cell_line,child,encode,single,True,OutputType.CHIP_TF,,,ARNTL
EFO:0001187 TF ChIP-seq ASH2L,.,TF ChIP-seq,EFO:0001187,HepG2,cell_line,child,encode,single,False,OutputType.CHIP_TF,,,ASH2L
EFO:0001187 TF ChIP-seq ATF1 genetically modified (insertion) using CRISPR targeting H. sapiens ATF1,.,TF ChIP-seq,EFO:0001187,HepG2,cell_line,child,encode,single,True,OutputType.CHIP_TF,,,ATF1
EFO:0001187 TF ChIP-seq ATF2,.,TF ChIP-seq,EFO:0001187,HepG2,cell_line,child,encode,paired,False,OutputType.CHIP_TF,,,ATF2
EFO:0001187 TF ChIP-seq ATF2 genetically modified (insertion) using CRISPR targeting H. sapiens ATF2,.,TF ChIP-seq,EFO:0001187,HepG2,cell_line,child,encode,single,True,OutputType.CHIP_TF,,,ATF2
EFO:0001187 TF ChIP-seq ATF3 genetically modified (insertion) using CRISPR targeting H. sapiens ATF3,.,TF ChIP-seq,EFO:0001187,HepG2,cell_line,child,encode,single,True,OutputType.CHIP_TF,,,ATF3
EFO:0001187 TF ChIP-seq ATF4 genetically modified (insertion) using CRISPR targeting H. sapiens ATF4,.,TF ChIP-seq,EFO:0001187,HepG2,cell_line,child,encode,single,True,OutputType.CHIP_TF,,,ATF4
EFO:0001187 TF ChIP-seq ATF7,.,TF ChIP-seq,EFO:0001187,HepG2,cell_line,child,encode,paired,False,OutputType.CHIP_TF,,,ATF7
EFO:0001187 TF ChIP-seq ATF7 genetically modified (insertion) using CRISPR targeting H. sapiens ATF7,.,TF ChIP-seq,EFO:0001187,HepG2,cell_line,child,encode,single,True,OutputType.CHIP_TF,,,ATF7
EFO:0001187 TF ChIP-seq ATF7-NPFF genetically modified (insertion) using CRISPR targeting H. sapiens ATF7,.,TF ChIP-seq,EFO:0001187,HepG2,cell_line,child,encode,single,True,OutputType.CHIP_TF,,,ATF7-NPFF
EFO:0001187 TF ChIP-seq BATF2 genetically modified (insertion) using CRISPR targeting H. sapiens BATF2,.,TF ChIP-seq,EFO:0001187,HepG2,cell_line,child,encode,single,True,OutputType.CHIP_TF,,,BATF2
EFO:0001187 TF ChIP-seq BAZ2A genetically modified (insertion) using CRISPR targeting H. sapiens BAZ2A,.,TF ChIP-seq,EFO:0001187,HepG2,cell_line,child,encode,single,True,OutputType.CHIP_TF,,,BAZ2A
EFO:0001187 TF ChIP-seq BCL3 genetically modified (insertion) using CRISPR targeting H. sapiens BCL3,.,TF ChIP-seq,EFO:0001187,HepG2,cell_line,child,encode,single,True,OutputType.CHIP_TF,,,BCL3
EFO:0001187 TF ChIP-seq BCL6 genetically modified (insertion) using CRISPR targeting H. sapiens BCL6,.,TF ChIP-seq,EFO:0001187,HepG2,cell_line,child,encode,single,True,OutputType.CHIP_TF,,,BCL6
EFO:0001187 TF ChIP-seq BCLAF1,.,TF ChIP-seq,EFO:0001187,HepG2,cell_line,child,encode,paired,False,OutputType.CHIP_TF,,,BCLAF1
EFO:0001187 TF ChIP-seq BHLHE40,.,TF ChIP-seq,EFO:0001187,HepG2,cell_line,child,encode,single,False,OutputType.CHIP_TF,,,BHLHE40
EFO:0001187 TF ChIP-seq BORCS8-MEF2B genetically modified (insertion) using CRISPR targeting H. sapiens BORCS8,.,TF ChIP-seq,EFO:0001187,HepG2,cell_line,child,encode,single,True,OutputType.CHIP_TF,,,BORCS8-MEF2B
EFO:0001187 TF ChIP-seq BRCA1 genetically modified (insertion) using CRISPR targeting H. sapiens BRCA1,.,TF ChIP-seq,EFO:0001187,HepG2,cell_line,child,encode,single,True,OutputType.CHIP_TF,,,BRCA1
EFO:0001187 TF ChIP-seq BRD4 genetically modified (insertion) using CRISPR targeting H. sapiens BRD4,.,TF ChIP-seq,EFO:0001187,HepG2,cell_line,child,encode,single,True,OutputType.CHIP_TF,,,BRD4
EFO:0001187 TF ChIP-seq BRF2 genetically modified (insertion) using CRISPR targeting H. sapiens BRF2,.,TF ChIP-seq,EFO:0001187,HepG2,cell_line,child,encode,single,True,OutputType.CHIP_TF,,,BRF2
EFO:0001187 TF ChIP-seq CAMTA2 genetically modified (insertion) using CRISPR targeting H. sapiens CAMTA2,.,TF ChIP-seq,EFO:0001187,HepG2,cell_line,child,encode,single,True,OutputType.CHIP_TF,,,CAMTA2
EFO:0001187 TF ChIP-seq CBFB genetically modified (insertion) using CRISPR targeting H. sapiens CBFB,.,TF ChIP-seq,EFO:0001187,HepG2,cell_line,child,encode,single,True,OutputType.CHIP_TF,,,CBFB
EFO:0001187 TF ChIP-seq CBX1,.,TF ChIP-seq,EFO:0001187,HepG2,cell_line,child,encode,single,False,OutputType.CHIP_TF,,,CBX1
EFO:0001187 TF ChIP-seq CBX5 genetically modified (insertion) using CRISPR targeting H. sapiens CBX5,.,TF ChIP-seq,EFO:0001187,HepG2,cell_line,child,encode,single,True,OutputType.CHIP_TF,,,CBX5
EFO:0001187 TF ChIP-seq CCDC6 genetically modified (insertion) using CRISPR targeting H. sapiens CCDC6,.,TF ChIP-seq,EFO:0001187,HepG2,cell_line,child,encode,single,True,OutputType.CHIP_TF,,,CCDC6
EFO:0001187 TF ChIP-seq CEBPA genetically modified (insertion) using CRISPR targeting H. sapiens CEBPA,.,TF ChIP-seq,EFO:0001187,HepG2,cell_line,child,encode,single,True,OutputType.CHIP_TF,,,CEBPA
EFO:0001187 TF ChIP-seq CEBPB,.,TF ChIP-seq,EFO:0001187,HepG2,cell_line,child,encode,single,False,OutputType.CHIP_TF,,,CEBPB
EFO:0001187 TF ChIP-seq CEBPD genetically modified (insertion) using CRISPR targeting H. sapiens CEBPD,.,TF ChIP-seq,EFO:0001187,HepG2,cell_line,child,encode,single,True,OutputType.CHIP_TF,,,CEBPD
EFO:0001187 TF ChIP-seq CEBPG genetically modified (insertion) using CRISPR targeting H. sapiens CEBPG,.,TF ChIP-seq,EFO:0001187,HepG2,cell_line,child,encode,single,True,OutputType.CHIP_TF,,,CEBPG
EFO:0001187 TF ChIP-seq CHD2,.,TF ChIP-seq,EFO:0001187,HepG2,cell_line,child,encode,single,False,OutputType.CHIP_TF,,,CHD2
EFO:0001187 TF ChIP-seq CHD4,.,TF ChIP-seq,EFO:0001187,HepG2,cell_line,child,encode,single,False,OutputType.CHIP_TF,,,CHD4
EFO:0001187 TF ChIP-seq CREB1,.,TF ChIP-seq,EFO:0001187,HepG2,cell_line,child,encode,paired,False,OutputType.CHIP_TF,,,CREB1
EFO:0001187 TF ChIP-seq CREB1 genetically modified (insertion) using CRISPR targeting H. sapiens CREB1,.,TF ChIP-seq,EFO:0001187,HepG2,cell_line,child,encode,single,True,OutputType.CHIP_TF,,,CREB1
EFO:0001187 TF ChIP-seq CREM,.,TF ChIP-seq,EFO:0001187,HepG2,cell_line,child,encode,single,False,OutputType.CHIP_TF,,,CREM
EFO:0001187 TF ChIP-seq CSRNP1 genetically modified (insertion) using CRISPR targeting H. sapiens CSRNP1,.,TF ChIP-seq,EFO:0001187,HepG2,cell_line,child,encode,single,True,OutputType.CHIP_TF,,,CSRNP1
EFO:0001187 TF ChIP-seq CTCF,.,TF ChIP-seq,EFO:0001187,HepG2,cell_line,child,encode,single,False,OutputType.CHIP_TF,,,CTCF
EFO:0001187 TF ChIP-seq CTCF genetically modified (insertion) using CRISPR targeting H. sapiens CTCF,.,TF ChIP-seq,EFO:0001187,HepG2,cell_line,child,encode,single,True,OutputType.CHIP_TF,,,CTCF
EFO:0001187 TF ChIP-seq DLX6 genetically modified (insertion) using CRISPR targeting H. sapiens DLX6,.,TF ChIP-seq,EFO:0001187,HepG2,cell_line,child,encode,single,True,OutputType.CHIP_TF,,,DLX6
EFO:0001187 TF ChIP-seq DMAP1 genetically modified (insertion) using CRISPR targeting H. sapiens DMAP1,.,TF ChIP-seq,EFO:0001187,HepG2,cell_line,child,encode,single,True,OutputType.CHIP_TF,,,DMAP1
EFO:0001187 TF ChIP-seq DNMT1 genetically modified (insertion) using CRISPR targeting H. sapiens DNMT1,.,TF ChIP-seq,EFO:0001187,HepG2,cell_line,child,encode,single,True,OutputType.CHIP_TF,,,DNMT1
EFO:0001187 TF ChIP-seq DNMT3B genetically modified (insertion) using CRISPR targeting H. sapiens DNMT3B,.,TF ChIP-seq,EFO:0001187,HepG2,cell_line,child,encode,single,True,OutputType.CHIP_TF,,,DNMT3B
EFO:0001187 TF ChIP-seq DPF2 genetically modified (insertion) using CRISPR targeting H. sapiens DPF2,.,TF ChIP-seq,EFO:0001187,HepG2,cell_line,child,encode,single,True,OutputType.CHIP_TF,,,DPF2
EFO:0001187 TF ChIP-seq DR1 genetically modified (insertion) using CRISPR targeting H. sapiens DR1,.,TF ChIP-seq,EFO:0001187,HepG2,cell_line,child,encode,single,True,OutputType.CHIP_TF,,,DR1
EFO:0001187 TF ChIP-seq DRAP1 genetically modified (insertion) using CRISPR targeting H. sapiens DRAP1,.,TF ChIP-seq,EFO:0001187,HepG2,cell_line,child,encode,single,True,OutputType.CHIP_TF,,,DRAP1
EFO:0001187 TF ChIP-seq DZIP1 genetically modified (insertion) using CRISPR targeting H. sapiens DZIP1,.,TF ChIP-seq,EFO:0001187,HepG2,cell_line,child,encode,single,True,OutputType.CHIP_TF,,,DZIP1
EFO:0001187 TF ChIP-seq E2F1 genetically modified (insertion) using CRISPR targeting H. sapiens E2F1,.,TF ChIP-seq,EFO:0001187,HepG2,cell_line,child,encode,single,True,OutputType.CHIP_TF,,,E2F1
EFO:0001187 TF ChIP-seq E2F4 genetically modified (insertion) using CRISPR targeting H. sapiens E2F4,.,TF ChIP-seq,EFO:0001187,HepG2,cell_line,child,encode,single,True,OutputType.CHIP_TF,,,E2F4
EFO:0001187 TF ChIP-seq E2F5 genetically modified (insertion) using CRISPR targeting H. sapiens E2F5,.,TF ChIP-seq,EFO:0001187,HepG2,cell_line,child,encode,single,True,OutputType.CHIP_TF,,,E2F5
EFO:0001187 TF ChIP-seq E2F8 genetically modified (insertion) using CRISPR targeting H. sapiens E2F8,.,TF ChIP-seq,EFO:0001187,HepG2,cell_line,child,encode,single,True,OutputType.CHIP_TF,,,E2F8
EFO:0001187 TF ChIP-seq EEA1 genetically modified (insertion) using CRISPR targeting H. sapiens EEA1,.,TF ChIP-seq,EFO:0001187,HepG2,cell_line,child,encode,single,True,OutputType.CHIP_TF,,,EEA1
EFO:0001187 TF ChIP-seq EED genetically modified (insertion) using CRISPR targeting H. sapiens EED,.,TF ChIP-seq,EFO:0001187,HepG2,cell_line,child,encode,single,True,OutputType.CHIP_TF,,,EED
EFO:0001187 TF ChIP-seq EGR1 genetically modified (insertion) using CRISPR targeting H. sapiens EGR1,.,TF ChIP-seq,EFO:0001187,HepG2,cell_line,child,encode,single,True,OutputType.CHIP_TF,,,EGR1
EFO:0001187 TF ChIP-seq EHMT2,.,TF ChIP-seq,EFO:0001187,HepG2,cell_line,child,encode,single,False,OutputType.CHIP_TF,,,EHMT2
EFO:0001187 TF ChIP-seq ELF1,.,TF ChIP-seq,EFO:0001187,HepG2,cell_line,child,encode,single,False,OutputType.CHIP_TF,,,ELF1
EFO:0001187 TF ChIP-seq ELF1 genetically modified (insertion) using CRISPR targeting H. sapiens ELF1,.,TF ChIP-seq,EFO:0001187,HepG2,cell_line,child,encode,single,True,OutputType.CHIP_TF,,,ELF1
EFO:0001187 TF ChIP-seq ELF3 genetically modified (insertion) using CRISPR targeting H. sapiens ELF3,.,TF ChIP-seq,EFO:0001187,HepG2,cell_line,child,encode,single,True,OutputType.CHIP_TF,,,ELF3
EFO:0001187 TF ChIP-seq ELF4 genetically modified (insertion) using CRISPR targeting H. sapiens ELF4,.,TF ChIP-seq,EFO:0001187,HepG2,cell_line,child,encode,single,True,OutputType.CHIP_TF,,,ELF4
EFO:0001187 TF ChIP-seq ELK1 genetically modified (insertion) using CRISPR targeting H. sapiens ELK1,.,TF ChIP-seq,EFO:0001187,HepG2,cell_line,child,encode,single,True,OutputType.CHIP_TF,,,ELK1
EFO:0001187 TF ChIP-seq EP300,.,TF ChIP-seq,EFO:0001187,HepG2,cell_line,child,encode,single,False,OutputType.CHIP_TF,,,EP300
EFO:0001187 TF ChIP-seq EP300 genetically modified (insertion) using CRISPR targeting H. sapiens EP300,.,TF ChIP-seq,EFO:0001187,HepG2,cell_line,child,encode,single,True,OutputType.CHIP_TF,,,EP300
EFO:0001187 TF ChIP-seq ERF genetically modified (insertion) using CRISPR targeting H. sapiens ERF,.,TF ChIP-seq,EFO:0001187,HepG2,cell_line,child,encode,single,True,OutputType.CHIP_TF,,,ERF
EFO:0001187 TF ChIP-seq ESRRA genetically modified (insertion) using CRISPR targeting H. sapiens ESRRA,.,TF ChIP-seq,EFO:0001187,HepG2,cell_line,child,encode,single,True,OutputType.CHIP_TF,,,ESRRA
EFO:0001187 TF ChIP-seq ETS1,.,TF ChIP-seq,EFO:0001187,HepG2,cell_line,child,encode,single,False,OutputType.CHIP_TF,,,ETS1
EFO:0001187 TF ChIP-seq ETV4,.,TF ChIP-seq,EFO:0001187,HepG2,cell_line,child,encode,single,False,OutputType.CHIP_TF,,,ETV4
EFO:0001187 TF ChIP-seq ETV4 genetically modified (insertion) using CRISPR targeting H. sapiens ETV4,.,TF ChIP-seq,EFO:0001187,HepG2,cell_line,child,encode,single,True,OutputType.CHIP_TF,,,ETV4
EFO:0001187 TF ChIP-seq ETV5 genetically modified (insertion) using CRISPR targeting H. sapiens ETV5,.,TF ChIP-seq,EFO:0001187,HepG2,cell_line,child,encode,single,True,OutputType.CHIP_TF,,,ETV5
EFO:0001187 TF ChIP-seq ETV6 genetically modified (insertion) using CRISPR targeting H. sapiens ETV6,.,TF ChIP-seq,EFO:0001187,HepG2,cell_line,child,encode,single,True,OutputType.CHIP_TF,,,ETV6
EFO:0001187 TF ChIP-seq EZH2,.,TF ChIP-seq,EFO:0001187,HepG2,cell_line,child,encode,single,False,OutputType.CHIP_TF,,,EZH2
EFO:0001187 TF ChIP-seq FBXL19 genetically modified (insertion) using CRISPR targeting H. sapiens FBXL19,.,TF ChIP-seq,EFO:0001187,HepG2,cell_line,child,encode,single,True,OutputType.CHIP_TF,,,FBXL19
EFO:0001187 TF ChIP-seq FOSL1 genetically modified (insertion) using CRISPR targeting H. sapiens FOSL1,.,TF ChIP-seq,EFO:0001187,HepG2,cell_line,child,encode,single,True,OutputType.CHIP_TF,,,FOSL1
EFO:0001187 TF ChIP-seq FOSL2,.,TF ChIP-seq,EFO:0001187,HepG2,cell_line,child,encode,single,False,OutputType.CHIP_TF,,,FOSL2
EFO:0001187 TF ChIP-seq FOSL2 genetically modified (insertion) using CRISPR targeting H. sapiens FOSL2,.,TF ChIP-seq,EFO:0001187,HepG2,cell_line,child,encode,single,True,OutputType.CHIP_TF,,,FOSL2
EFO:0001187 TF ChIP-seq FOXA1,.,TF ChIP-seq,EFO:0001187,HepG2,cell_line,child,encode,single,False,OutputType.CHIP_TF,,,FOXA1
EFO:0001187 TF ChIP-seq FOXA1 genetically modified (insertion) using CRISPR targeting H. sapiens FOXA1,.,TF ChIP-seq,EFO:0001187,HepG2,cell_line,child,encode,single,True,OutputType.CHIP_TF,,,FOXA1
EFO:0001187 TF ChIP-seq FOXA2,.,TF ChIP-seq,EFO:0001187,HepG2,cell_line,child,encode,paired,False,OutputType.CHIP_TF,,,FOXA2
EFO:0001187 TF ChIP-seq FOXA2 genetically modified (insertion) using CRISPR targeting H. sapiens FOXA2,.,TF ChIP-seq,EFO:0001187,HepG2,cell_line,child,encode,single,True,OutputType.CHIP_TF,,,FOXA2
EFO:0001187 TF ChIP-seq FOXA3 genetically modified (insertion) using CRISPR targeting H. sapiens FOXA3,.,TF ChIP-seq,EFO:0001187,HepG2,cell_line,child,encode,single,True,OutputType.CHIP_TF,,,FOXA3
EFO:0001187 TF ChIP-seq FOXC1 genetically modified (insertion) using CRISPR targeting H. sapiens FOXC1,.,TF ChIP-seq,EFO:0001187,HepG2,cell_line,child,encode,single,True,OutputType.CHIP_TF,,,FOXC1
EFO:0001187 TF ChIP-seq FOXJ3 genetically modified (insertion) using CRISPR targeting H. sapiens FOXJ3,.,TF ChIP-seq,EFO:0001187,HepG2,cell_line,child,encode,single,True,OutputType.CHIP_TF,,,FOXJ3
EFO:0001187 TF ChIP-seq FOXK1 genetically modified (insertion) using CRISPR targeting H. sapiens FOXK1,.,TF ChIP-seq,EFO:0001187,HepG2,cell_line,child,encode,single,True,OutputType.CHIP_TF,,,FOXK1
EFO:0001187 TF ChIP-seq FOXO1 genetically modified (insertion) using CRISPR targeting H. sapiens FOXO1,.,TF ChIP-seq,EFO:0001187,HepG2,cell_line,child,encode,single,True,OutputType.CHIP_TF,,,FOXO1
EFO:0001187 TF ChIP-seq FOXO4 genetically modified (insertion) using CRISPR targeting H. sapiens FOXO4,.,TF ChIP-seq,EFO:0001187,HepG2,cell_line,child,encode,single,True,OutputType.CHIP_TF,,,FOXO4
EFO:0001187 TF ChIP-seq FOXP1 genetically modified (insertion) using CRISPR targeting H. sapiens FOXP1,.,TF ChIP-seq,EFO:0001187,HepG2,cell_line,child,encode,single,True,OutputType.CHIP_TF,,,FOXP1
EFO:0001187 TF ChIP-seq FOXP4 genetically modified (insertion) using CRISPR targeting H. sapiens FOXP4,.,TF ChIP-seq,EFO:0001187,HepG2,cell_line,child,encode,single,True,OutputType.CHIP_TF,,,FOXP4
EFO:0001187 TF ChIP-seq FOXQ1 genetically modified (insertion) using CRISPR targeting H. sapiens FOXQ1,.,TF ChIP-seq,EFO:0001187,HepG2,cell_line,child,encode,single,True,OutputType.CHIP_TF,,,FOXQ1
EFO:0001187 TF ChIP-seq FUS,.,TF ChIP-seq,EFO:0001187,HepG2,cell_line,child,encode,single,False,OutputType.CHIP_TF,,,FUS
EFO:0001187 TF ChIP-seq GABPA,.,TF ChIP-seq,EFO:0001187,HepG2,cell_line,child,encode,single,False,OutputType.CHIP_TF,,,GABPA
EFO:0001187 TF ChIP-seq GABPA genetically modified (insertion) using CRISPR targeting H. sapiens GABPA,.,TF ChIP-seq,EFO:0001187,HepG2,cell_line,child,encode,single,True,OutputType.CHIP_TF,,,GABPA
EFO:0001187 TF ChIP-seq GABPB1 genetically modified (insertion) using CRISPR targeting H. sapiens GABPB1,.,TF ChIP-seq,EFO:0001187,HepG2,cell_line,child,encode,single,True,OutputType.CHIP_TF,,,GABPB1
EFO:0001187 TF ChIP-seq GATA2 genetically modified (insertion) using CRISPR targeting H. sapiens GATA2,.,TF ChIP-seq,EFO:0001187,HepG2,cell_line,child,encode,single,True,OutputType.CHIP_TF,,,GATA2
EFO:0001187 TF ChIP-seq GATA4,.,TF ChIP-seq,EFO:0001187,HepG2,cell_line,child,encode,single,False,OutputType.CHIP_TF,,,GATA4
EFO:0001187 TF ChIP-seq GATAD1 genetically modified (insertion) using CRISPR targeting H. sapiens GATAD1,.,TF ChIP-seq,EFO:0001187,HepG2,cell_line,child,encode,single,True,OutputType.CHIP_TF,,,GATAD1
EFO:0001187 TF ChIP-seq GATAD2A genetically modified (insertion) using CRISPR targeting H. sapiens GATAD2A,.,TF ChIP-seq,EFO:0001187,HepG2,cell_line,child,encode,single,True,OutputType.CHIP_TF,,,GATAD2A
EFO:0001187 TF ChIP-seq GATAD2B genetically modified (insertion) using CRISPR targeting H. sapiens GATAD2B,.,TF ChIP-seq,EFO:0001187,HepG2,cell_line,child,encode,single,True,OutputType.CHIP_TF,,,GATAD2B
EFO:0001187 TF ChIP-seq GFI1 genetically modified (insertion) using CRISPR targeting H. sapiens GFI1,.,TF ChIP-seq,EFO:0001187,HepG2,cell_line,child,encode,single,True,OutputType.CHIP_TF,,,GFI1
EFO:0001187 TF ChIP-seq GLI4 genetically modified (insertion) using CRISPR targeting H. sapiens GLI4,.,TF ChIP-seq,EFO:0001187,HepG2,cell_line,child,encode,single,True,OutputType.CHIP_TF,,,GLI4
EFO:0001187 TF ChIP-seq GLYR1 genetically modified (insertion) using CRISPR targeting H. sapiens GLYR1,.,TF ChIP-seq,EFO:0001187,HepG2,cell_line,child,encode,single,True,OutputType.CHIP_TF,,,GLYR1
EFO:0001187 TF ChIP-seq GMEB1 genetically modified (insertion) using CRISPR targeting H. sapiens GMEB1,.,TF ChIP-seq,EFO:0001187,HepG2,cell_line,child,encode,single,True,OutputType.CHIP_TF,,,GMEB1
EFO:0001187 TF ChIP-seq GMEB2 genetically modified (insertion) using CRISPR targeting H. sapiens GMEB2,.,TF ChIP-seq,EFO:0001187,HepG2,cell_line,child,encode,single,True,OutputType.CHIP_TF,,,GMEB2
EFO:0001187 TF ChIP-seq GPBP1L1 genetically modified (insertion) using CRISPR targeting H. sapiens GPBP1L1,.,TF ChIP-seq,EFO:0001187,HepG2,cell_line,child,encode,single,True,OutputType.CHIP_TF,,,GPBP1L1
EFO:0001187 TF ChIP-seq GZF1 genetically modified (insertion) using CRISPR targeting H. sapiens GZF1,.,TF ChIP-seq,EFO:0001187,HepG2,cell_line,child,encode,single,True,OutputType.CHIP_TF,,,GZF1
EFO:0001187 TF ChIP-seq HBP1 genetically modified (insertion) using CRISPR targeting H. sapiens HBP1,.,TF ChIP-seq,EFO:0001187,HepG2,cell_line,child,encode,single,True,OutputType.CHIP_TF,,,HBP1
EFO:0001187 TF ChIP-seq HCFC1,.,TF ChIP-seq,EFO:0001187,HepG2,cell_line,child,encode,single,False,OutputType.CHIP_TF,,,HCFC1
EFO:0001187 TF ChIP-seq HDAC1,.,TF ChIP-seq,EFO:0001187,HepG2,cell_line,child,encode,single,False,OutputType.CHIP_TF,,,HDAC1
EFO:0001187 TF ChIP-seq HDAC1 genetically modified (insertion) using CRISPR targeting H. sapiens HDAC1,.,TF ChIP-seq,EFO:0001187,HepG2,cell_line,child,encode,single,True,OutputType.CHIP_TF,,,HDAC1
EFO:0001187 TF ChIP-seq HDAC2,.,TF ChIP-seq,EFO:0001187,HepG2,cell_line,child,encode,single,False,OutputType.CHIP_TF,,,HDAC2
EFO:0001187 TF ChIP-seq HDAC2 genetically modified (insertion) using CRISPR targeting H. sapiens HDAC2,.,TF ChIP-seq,EFO:0001187,HepG2,cell_line,child,encode,single,True,OutputType.CHIP_TF,,,HDAC2
EFO:0001187 TF ChIP-seq HES4 genetically modified (insertion) using CRISPR targeting H. sapiens HES4,.,TF ChIP-seq,EFO:0001187,HepG2,cell_line,child,encode,single,True,OutputType.CHIP_TF,,,HES4
EFO:0001187 TF ChIP-seq HHEX genetically modified (insertion) using CRISPR targeting H. sapiens HHEX,.,TF ChIP-seq,EFO:0001187,HepG2,cell_line,child,encode,single,True,OutputType.CHIP_TF,,,HHEX
EFO:0001187 TF ChIP-seq HIC2 genetically modified (insertion) using CRISPR targeting H. sapiens HIC2,.,TF ChIP-seq,EFO:0001187,HepG2,cell_line,child,encode,single,True,OutputType.CHIP_TF,,,HIC2
EFO:0001187 TF ChIP-seq HINFP genetically modified (insertion) using CRISPR targeting H. sapiens HINFP,.,TF ChIP-seq,EFO:0001187,HepG2,cell_line,child,encode,single,True,OutputType.CHIP_TF,,,HINFP
EFO:0001187 TF ChIP-seq HIVEP1 genetically modified (insertion) using CRISPR targeting H. sapiens HIVEP1,.,TF ChIP-seq,EFO:0001187,HepG2,cell_line,child,encode,single,True,OutputType.CHIP_TF,,,HIVEP1
EFO:0001187 TF ChIP-seq HLF genetically modified (insertion) using CRISPR targeting H. sapiens HLF,.,TF ChIP-seq,EFO:0001187,HepG2,cell_line,child,encode,single,True,OutputType.CHIP_TF,,,HLF
EFO:0001187 TF ChIP-seq HMG20A genetically modified (insertion) using CRISPR targeting H. sapiens HMG20A,.,TF ChIP-seq,EFO:0001187,HepG2,cell_line,child,encode,single,True,OutputType.CHIP_TF,,,HMG20A
EFO:0001187 TF ChIP-seq HMG20B genetically modified (insertion) using CRISPR targeting H. sapiens HMG20B,.,TF ChIP-seq,EFO:0001187,HepG2,cell_line,child,encode,single,True,OutputType.CHIP_TF,,,HMG20B
EFO:0001187 TF ChIP-seq HMGA1 genetically modified (insertion) using CRISPR targeting H. sapiens HMGA1,.,TF ChIP-seq,EFO:0001187,HepG2,cell_line,child,encode,single,True,OutputType.CHIP_TF,,,HMGA1
EFO:0001187 TF ChIP-seq HMGXB3 genetically modified (insertion) using CRISPR targeting H. sapiens HMGXB3,.,TF ChIP-seq,EFO:0001187,HepG2,cell_line,child,encode,single,True,OutputType.CHIP_TF,,,HMGXB3
EFO:0001187 TF ChIP-seq HMGXB4 genetically modified (insertion) using CRISPR targeting H. sapiens HMGXB4,.,TF ChIP-seq,EFO:0001187,HepG2,cell_line,child,encode,single,True,OutputType.CHIP_TF,,,HMGXB4
EFO:0001187 TF ChIP-seq HNF1A,.,TF ChIP-seq,EFO:0001187,HepG2,cell_line,child,encode,single,False,OutputType.CHIP_TF,,,HNF1A
EFO:0001187 TF ChIP-seq HNF1A genetically modified (insertion) using CRISPR targeting H. sapiens HNF1A,.,TF ChIP-seq,EFO:0001187,HepG2,cell_line,child,encode,single,True,OutputType.CHIP_TF,,,HNF1A
EFO:0001187 TF ChIP-seq HNF1B genetically modified (insertion) using CRISPR targeting H. sapiens HNF1B,.,TF ChIP-seq,EFO:0001187,HepG2,cell_line,child,encode,single,True,OutputType.CHIP_TF,,,HNF1B
EFO:0001187 TF ChIP-seq HNF4A,.,TF ChIP-seq,EFO:0001187,HepG2,cell_line,child,encode,single,False,OutputType.CHIP_TF,,,HNF4A
EFO:0001187 TF ChIP-seq HNF4A genetically modified (insertion) using CRISPR targeting H. sapiens HNF4A,.,TF ChIP-seq,EFO:0001187,HepG2,cell_line,child,encode,single,True,OutputType.CHIP_TF,,,HNF4A
EFO:0001187 TF ChIP-seq HNF4G,.,TF ChIP-seq,EFO:0001187,HepG2,cell_line,child,encode,single,False,OutputType.CHIP_TF,,,HNF4G
EFO:0001187 TF ChIP-seq HNF4G genetically modified (insertion) using CRISPR targeting H. sapiens HNF4G,.,TF ChIP-seq,EFO:0001187,HepG2,cell_line,child,encode,single,True,OutputType.CHIP_TF,,,HNF4G
EFO:0001187 TF ChIP-seq HNRNPL,.,TF ChIP-seq,EFO:0001187,HepG2,cell_line,child,encode,single,False,OutputType.CHIP_TF,,,HNRNPL
EFO:0001187 TF ChIP-seq HOMEZ genetically modified (insertion) using CRISPR targeting H. sapiens HOMEZ,.,TF ChIP-seq,EFO:0001187,HepG2,cell_line,child,encode,single,True,OutputType.CHIP_TF,,,HOMEZ
EFO:0001187 TF ChIP-seq HOXA10 genetically modified (insertion) using CRISPR targeting H. sapiens HOXA10,.,TF ChIP-seq,EFO:0001187,HepG2,cell_line,child,encode,single,True,OutputType.CHIP_TF,,,HOXA10
EFO:0001187 TF ChIP-seq HOXA3 genetically modified (insertion) using CRISPR targeting H. sapiens HOXA3,.,TF ChIP-seq,EFO:0001187,HepG2,cell_line,child,encode,single,True,OutputType.CHIP_TF,,,HOXA3
EFO:0001187 TF ChIP-seq HOXA5 genetically modified (insertion) using CRISPR targeting H. sapiens HOXA5,.,TF ChIP-seq,EFO:0001187,HepG2,cell_line,child,encode,single,True,OutputType.CHIP_TF,,,HOXA5
EFO:0001187 TF ChIP-seq HOXA9 genetically modified (insertion) using CRISPR targeting H. sapiens HOXA9,.,TF ChIP-seq,EFO:0001187,HepG2,cell_line,child,encode,single,True,OutputType.CHIP_TF,,,HOXA9
EFO:0001187 TF ChIP-seq HOXD1 genetically modified (insertion) using CRISPR targeting H. sapiens HOXD1,.,TF ChIP-seq,EFO:0001187,HepG2,cell_line,child,encode,single,True,OutputType.CHIP_TF,,,HOXD1
EFO:0001187 TF ChIP-seq IKZF5 genetically modified (insertion) using CRISPR targeting H. sapiens IKZF5,.,TF ChIP-seq,EFO:0001187,HepG2,cell_line,child,encode,single,True,OutputType.CHIP_TF,,,IKZF5
EFO:0001187 TF ChIP-seq IRF2 genetically modified (insertion) using CRISPR targeting H. sapiens IRF2,.,TF ChIP-seq,EFO:0001187,HepG2,cell_line,child,encode,single,True,OutputType.CHIP_TF,,,IRF2
EFO:0001187 TF ChIP-seq IRF5 genetically modified (insertion) using CRISPR targeting H. sapiens IRF5,.,TF ChIP-seq,EFO:0001187,HepG2,cell_line,child,encode,single,True,OutputType.CHIP_TF,,,IRF5
EFO:0001187 TF ChIP-seq IRF9 genetically modified (insertion) using CRISPR targeting H. sapiens IRF9,.,TF ChIP-seq,EFO:0001187,HepG2,cell_line,child,encode,single,True,OutputType.CHIP_TF,,,IRF9
EFO:0001187 TF ChIP-seq IRX3 genetically modified (insertion) using CRISPR targeting H. sapiens IRX3,.,TF ChIP-seq,EFO:0001187,HepG2,cell_line,child,encode,single,True,OutputType.CHIP_TF,,,IRX3
EFO:0001187 TF ChIP-seq ISL2 genetically modified (insertion) using CRISPR targeting H. sapiens ISL2,.,TF ChIP-seq,EFO:0001187,HepG2,cell_line,child,encode,single,True,OutputType.CHIP_TF,,,ISL2
EFO:0001187 TF ChIP-seq JRK genetically modified (insertion) using CRISPR targeting H. sapiens JRK,.,TF ChIP-seq,EFO:0001187,HepG2,cell_line,child,encode,single,True,OutputType.CHIP_TF,,,JRK
EFO:0001187 TF ChIP-seq JUN,.,TF ChIP-seq,EFO:0001187,HepG2,cell_line,child,encode,single,False,OutputType.CHIP_TF,,,JUN
EFO:0001187 TF ChIP-seq JUN genetically modified (insertion) using CRISPR targeting H. sapiens JUN,.,TF ChIP-seq,EFO:0001187,HepG2,cell_line,child,encode,single,True,OutputType.CHIP_TF,,,JUN
EFO:0001187 TF ChIP-seq JUNB genetically modified (insertion) using CRISPR targeting H. sapiens JUNB,.,TF ChIP-seq,EFO:0001187,HepG2,cell_line,child,encode,single,True,OutputType.CHIP_TF,,,JUNB
EFO:0001187 TF ChIP-seq JUND,.,TF ChIP-seq,EFO:0001187,HepG2,cell_line,child,encode,single,False,OutputType.CHIP_TF,,,JUND
EFO:0001187 TF ChIP-seq JUND genetically modified (insertion) using CRISPR targeting H. sapiens JUND,.,TF ChIP-seq,EFO:0001187,HepG2,cell_line,child,encode,single,True,OutputType.CHIP_TF,,,JUND
EFO:0001187 TF ChIP-seq KAT7 genetically modified (insertion) using CRISPR targeting H. sapiens KAT7,.,TF ChIP-seq,EFO:0001187,HepG2,cell_line,child,encode,single,True,OutputType.CHIP_TF,,,KAT7
EFO:0001187 TF ChIP-seq KAT8 genetically modified (insertion) using CRISPR targeting H. sapiens KAT8,.,TF ChIP-seq,EFO:0001187,HepG2,cell_line,child,encode,single,True,OutputType.CHIP_TF,,,KAT8
EFO:0001187 TF ChIP-seq KDM1A,.,TF ChIP-seq,EFO:0001187,HepG2,cell_line,child,encode,single,False,OutputType.CHIP_TF,,,KDM1A
EFO:0001187 TF ChIP-seq KDM1A genetically modified (insertion) using CRISPR targeting H. sapiens KDM1A,.,TF ChIP-seq,EFO:0001187,HepG2,cell_line,child,encode,single,True,OutputType.CHIP_TF,,,KDM1A
EFO:0001187 TF ChIP-seq KDM2A genetically modified (insertion) using CRISPR targeting H. sapiens KDM2A,.,TF ChIP-seq,EFO:0001187,HepG2,cell_line,child,encode,single,True,OutputType.CHIP_TF,,,KDM2A
EFO:0001187 TF ChIP-seq KDM3A genetically modified (insertion) using CRISPR targeting H. sapiens KDM3A,.,TF ChIP-seq,EFO:0001187,HepG2,cell_line,child,encode,single,True,OutputType.CHIP_TF,,,KDM3A
EFO:0001187 TF ChIP-seq KDM4B genetically modified (insertion) using CRISPR targeting H. sapiens KDM4B,.,TF ChIP-seq,EFO:0001187,HepG2,cell_line,child,encode,single,True,OutputType.CHIP_TF,,,KDM4B
EFO:0001187 TF ChIP-seq KDM5A,.,TF ChIP-seq,EFO:0001187,HepG2,cell_line,child,encode,single,False,OutputType.CHIP_TF,,,KDM5A
EFO:0001187 TF ChIP-seq KDM5B genetically modified (insertion) using CRISPR targeting H. sapiens KDM5B,.,TF ChIP-seq,EFO:0001187,HepG2,cell_line,child,encode,single,True,OutputType.CHIP_TF,,,KDM5B
EFO:0001187 TF ChIP-seq KDM6A genetically modified (insertion) using CRISPR targeting H. sapiens KDM6A,.,TF ChIP-seq,EFO:0001187,HepG2,cell_line,child,encode,single,True,OutputType.CHIP_TF,,,KDM6A
EFO:0001187 TF ChIP-seq KLF11 genetically modified (insertion) using CRISPR targeting H. sapiens KLF11,.,TF ChIP-seq,EFO:0001187,HepG2,cell_line,child,encode,single,True,OutputType.CHIP_TF,,,KLF11
EFO:0001187 TF ChIP-seq KLF12 genetically modified (insertion) using CRISPR targeting H. sapiens KLF12,.,TF ChIP-seq,EFO:0001187,HepG2,cell_line,child,encode,single,True,OutputType.CHIP_TF,,,KLF12
EFO:0001187 TF ChIP-seq KLF16 genetically modified (insertion) using CRISPR targeting H. sapiens KLF16,.,TF ChIP-seq,EFO:0001187,HepG2,cell_line,child,encode,single,True,OutputType.CHIP_TF,,,KLF16
EFO:0001187 TF ChIP-seq KLF6 genetically modified (insertion) using CRISPR targeting H. sapiens KLF6,.,TF ChIP-seq,EFO:0001187,HepG2,cell_line,child,encode,single,True,OutputType.CHIP_TF,,,KLF6
EFO:0001187 TF ChIP-seq KLF9 genetically modified (insertion) using CRISPR targeting H. sapiens KLF9,.,TF ChIP-seq,EFO:0001187,HepG2,cell_line,child,encode,single,True,OutputType.CHIP_TF,,,KLF9
EFO:0001187 TF ChIP-seq KMT2A genetically modified (insertion) using CRISPR targeting H. sapiens KMT2A,.,TF ChIP-seq,EFO:0001187,HepG2,cell_line,child,encode,single,True,OutputType.CHIP_TF,,,KMT2A
EFO:0001187 TF ChIP-seq KMT2B genetically modified (insertion) using CRISPR targeting H. sapiens KMT2B,.,TF ChIP-seq,EFO:0001187,HepG2,cell_line,child,encode,single,True,OutputType.CHIP_TF,,,KMT2B
EFO:0001187 TF ChIP-seq LBX2 genetically modified (insertion) using CRISPR targeting H. sapiens LBX2,.,TF ChIP-seq,EFO:0001187,HepG2,cell_line,child,encode,single,True,OutputType.CHIP_TF,,,LBX2
EFO:0001187 TF ChIP-seq LCOR genetically modified (insertion) using CRISPR targeting H. sapiens LCOR,.,TF ChIP-seq,EFO:0001187,HepG2,cell_line,child,encode,single,True,OutputType.CHIP_TF,,,LCOR
EFO:0001187 TF ChIP-seq LCORL genetically modified (insertion) using CRISPR targeting H. sapiens LCORL,.,TF ChIP-seq,EFO:0001187,HepG2,cell_line,child,encode,single,True,OutputType.CHIP_TF,,,LCORL
EFO:0001187 TF ChIP-seq LIN54 genetically modified (insertion) using CRISPR targeting H. sapiens LIN54,.,TF ChIP-seq,EFO:0001187,HepG2,cell_line,child,encode,single,True,OutputType.CHIP_TF,,,LIN54
EFO:0001187 TF ChIP-seq MAFF,.,TF ChIP-seq,EFO:0001187,HepG2,cell_line,child,encode,single,False,OutputType.CHIP_TF,,,MAFF
EFO:0001187 TF ChIP-seq MAFK,.,TF ChIP-seq,EFO:0001187,HepG2,cell_line,child,encode,single,False,OutputType.CHIP_TF,,,MAFK
EFO:0001187 TF ChIP-seq MAX,.,TF ChIP-seq,EFO:0001187,HepG2,cell_line,child,encode,single,False,OutputType.CHIP_TF,,,MAX
EFO:0001187 TF ChIP-seq MAX genetically modified (insertion) using CRISPR targeting H. sapiens MAX,.,TF ChIP-seq,EFO:0001187,HepG2,cell_line,child,encode,single,True,OutputType.CHIP_TF,,,MAX
EFO:0001187 TF ChIP-seq MAZ,.,TF ChIP-seq,EFO:0001187,HepG2,cell_line,child,encode,single,False,OutputType.CHIP_TF,,,MAZ
EFO:0001187 TF ChIP-seq MAZ genetically modified (insertion) using CRISPR targeting H. sapiens MAZ,.,TF ChIP-seq,EFO:0001187,HepG2,cell_line,child,encode,single,True,OutputType.CHIP_TF,,,MAZ
EFO:0001187 TF ChIP-seq MBD1 genetically modified (insertion) using CRISPR targeting H. sapiens MBD1,.,TF ChIP-seq,EFO:0001187,HepG2,cell_line,child,encode,single,True,OutputType.CHIP_TF,,,MBD1
EFO:0001187 TF ChIP-seq MED1 genetically modified (insertion) using CRISPR targeting H. sapiens MED1,.,TF ChIP-seq,EFO:0001187,HepG2,cell_line,child,encode,single,True,OutputType.CHIP_TF,,,MED1
EFO:0001187 TF ChIP-seq MED13 genetically modified (insertion) using CRISPR targeting H. sapiens MED13,.,TF ChIP-seq,EFO:0001187,HepG2,cell_line,child,encode,single,True,OutputType.CHIP_TF,,,MED13
EFO:0001187 TF ChIP-seq MEF2A genetically modified (insertion) using CRISPR targeting H. sapiens MEF2A,.,TF ChIP-seq,EFO:0001187,HepG2,cell_line,child,encode,single,True,OutputType.CHIP_TF,,,MEF2A
EFO:0001187 TF ChIP-seq MEF2D genetically modified (insertion) using CRISPR targeting H. sapiens MEF2D,.,TF ChIP-seq,EFO:0001187,HepG2,cell_line,child,encode,single,True,OutputType.CHIP_TF,,,MEF2D
EFO:0001187 TF ChIP-seq MEIS1 genetically modified (insertion) using CRISPR targeting H. sapiens MEIS1,.,TF ChIP-seq,EFO:0001187,HepG2,cell_line,child,encode,single,True,OutputType.CHIP_TF,,,MEIS1
EFO:0001187 TF ChIP-seq MEIS2 genetically modified (insertion) using CRISPR targeting H. sapiens MEIS2,.,TF ChIP-seq,EFO:0001187,HepG2,cell_line,child,encode,single,True,OutputType.CHIP_TF,,,MEIS2
EFO:0001187 TF ChIP-seq MGA genetically modified (insertion) using CRISPR targeting H. sapiens MGA,.,TF ChIP-seq,EFO:0001187,HepG2,cell_line,child,encode,single,True,OutputType.CHIP_TF,,,MGA
EFO:0001187 TF ChIP-seq MIER2 genetically modified (insertion) using CRISPR targeting H. sapiens MIER2,.,TF ChIP-seq,EFO:0001187,HepG2,cell_line,child,encode,single,True,OutputType.CHIP_TF,,,MIER2
EFO:0001187 TF ChIP-seq MIER3 genetically modified (insertion) using CRISPR targeting H. sapiens MIER3,.,TF ChIP-seq,EFO:0001187,HepG2,cell_line,child,encode,single,True,OutputType.CHIP_TF,,,MIER3
EFO:0001187 TF ChIP-seq MIXL1 genetically modified (insertion) using CRISPR targeting H. sapiens MIXL1,.,TF ChIP-seq,EFO:0001187,HepG2,cell_line,child,encode,single,True,OutputType.CHIP_TF,,,MIXL1
EFO:0001187 TF ChIP-seq MLX genetically modified (insertion) using CRISPR targeting H. sapiens MLX,.,TF ChIP-seq,EFO:0001187,HepG2,cell_line,child,encode,single,True,OutputType.CHIP_TF,,,MLX
EFO:0001187 TF ChIP-seq MNT,.,TF ChIP-seq,EFO:0001187,HepG2,cell_line,child,encode,paired,False,OutputType.CHIP_TF,,,MNT
EFO:0001187 TF ChIP-seq MNX1 genetically modified (insertion) using CRISPR targeting H. sapiens MNX1,.,TF ChIP-seq,EFO:0001187,HepG2,cell_line,child,encode,single,True,OutputType.CHIP_TF,,,MNX1
EFO:0001187 TF ChIP-seq MTA1 genetically modified (insertion) using CRISPR targeting H. sapiens MTA1,.,TF ChIP-seq,EFO:0001187,HepG2,cell_line,child,encode,single,True,OutputType.CHIP_TF,,,MTA1
EFO:0001187 TF ChIP-seq MTERF2 genetically modified (insertion) using CRISPR targeting MTERF2,.,TF ChIP-seq,EFO:0001187,HepG2,cell_line,child,encode,single,True,OutputType.CHIP_TF,,,MTERF2
EFO:0001187 TF ChIP-seq MTERF4 genetically modified (insertion) using CRISPR targeting H. sapiens MTERF4,.,TF ChIP-seq,EFO:0001187,HepG2,cell_line,child,encode,single,True,OutputType.CHIP_TF,,,MTERF4
EFO:0001187 TF ChIP-seq MTF2 genetically modified (insertion) using CRISPR targeting H. sapiens MTF2,.,TF ChIP-seq,EFO:0001187,HepG2,cell_line,child,encode,single,True,OutputType.CHIP_TF,,,MTF2
EFO:0001187 TF ChIP-seq MXD1 genetically modified (insertion) using CRISPR targeting H. sapiens MXD1,.,TF ChIP-seq,EFO:0001187,HepG2,cell_line,child,encode,single,True,OutputType.CHIP_TF,,,MXD1
EFO:0001187 TF ChIP-seq MXD3 genetically modified (insertion) using CRISPR targeting H. sapiens MXD3,.,TF ChIP-seq,EFO:0001187,HepG2,cell_line,child,encode,single,True,OutputType.CHIP_TF,,,MXD3
EFO:0001187 TF ChIP-seq MXD4 genetically modified (insertion) using CRISPR targeting H. sapiens MXD4,.,TF ChIP-seq,EFO:0001187,HepG2,cell_line,child,encode,single,True,OutputType.CHIP_TF,,,MXD4
EFO:0001187 TF ChIP-seq MXI1,.,TF ChIP-seq,EFO:0001187,HepG2,cell_line,child,encode,single,False,OutputType.CHIP_TF,,,MXI1
EFO:0001187 TF ChIP-seq MYBL2,.,TF ChIP-seq,EFO:0001187,HepG2,cell_line,child,encode,single,False,OutputType.CHIP_TF,,,MYBL2
EFO:0001187 TF ChIP-seq MYBL2 genetically modified (insertion) using CRISPR targeting H. sapiens MYBL2,.,TF ChIP-seq,EFO:0001187,HepG2,cell_line,child,encode,single,True,OutputType.CHIP_TF,,,MYBL2
EFO:0001187 TF ChIP-seq MYC genetically modified (insertion) using CRISPR targeting H. sapiens MYC,.,TF ChIP-seq,EFO:0001187,HepG2,cell_line,child,encode,single,True,OutputType.CHIP_TF,,,MYC
EFO:0001187 TF ChIP-seq MYPOP genetically modified (insertion) using CRISPR targeting H. sapiens MYPOP,.,TF ChIP-seq,EFO:0001187,HepG2,cell_line,child,encode,single,True,OutputType.CHIP_TF,,,MYPOP
EFO:0001187 TF ChIP-seq NACC2 genetically modified (insertion) using CRISPR targeting H. sapiens NACC2,.,TF ChIP-seq,EFO:0001187,HepG2,cell_line,child,encode,single,True,OutputType.CHIP_TF,,,NACC2
EFO:0001187 TF ChIP-seq NAIF1 genetically modified (insertion) using CRISPR targeting H. sapiens NAIF1,.,TF ChIP-seq,EFO:0001187,HepG2,cell_line,child,encode,single,True,OutputType.CHIP_TF,,,NAIF1
EFO:0001187 TF ChIP-seq NCOA1 genetically modified (insertion) using CRISPR targeting H. sapiens NCOA1,.,TF ChIP-seq,EFO:0001187,HepG2,cell_line,child,encode,single,True,OutputType.CHIP_TF,,,NCOA1
EFO:0001187 TF ChIP-seq NCOA2 genetically modified (insertion) using CRISPR targeting H. sapiens NCOA2,.,TF ChIP-seq,EFO:0001187,HepG2,cell_line,child,encode,single,True,OutputType.CHIP_TF,,,NCOA2
EFO:0001187 TF ChIP-seq NCOR1,.,TF ChIP-seq,EFO:0001187,HepG2,cell_line,child,encode,single,False,OutputType.CHIP_TF,,,NCOR1
EFO:0001187 TF ChIP-seq NFAT5 genetically modified (insertion) using CRISPR targeting H. sapiens NFAT5,.,TF ChIP-seq,EFO:0001187,HepG2,cell_line,child,encode,single,True,OutputType.CHIP_TF,,,NFAT5
EFO:0001187 TF ChIP-seq NFE2L2,.,TF ChIP-seq,EFO:0001187,HepG2,cell_line,child,encode,single,False,OutputType.CHIP_TF,,,NFE2L2
EFO:0001187 TF ChIP-seq NFIA genetically modified (insertion) using CRISPR targeting H. sapiens NFIA,.,TF ChIP-seq,EFO:0001187,HepG2,cell_line,child,encode,single,True,OutputType.CHIP_TF,,,NFIA
EFO:0001187 TF ChIP-seq NFIC,.,TF ChIP-seq,EFO:0001187,HepG2,cell_line,child,encode,single,False,OutputType.CHIP_TF,,,NFIC
EFO:0001187 TF ChIP-seq NFIL3 genetically modified (insertion) using CRISPR targeting H. sapiens NFIL3,.,TF ChIP-seq,EFO:0001187,HepG2,cell_line,child,encode,single,True,OutputType.CHIP_TF,,,NFIL3
EFO:0001187 TF ChIP-seq NFKB2 genetically modified (insertion) using CRISPR targeting H. sapiens NFKB2,.,TF ChIP-seq,EFO:0001187,HepG2,cell_line,child,encode,single,True,OutputType.CHIP_TF,,,NFKB2
EFO:0001187 TF ChIP-seq NFKBIZ genetically modified (insertion) using CRISPR targeting H. sapiens NFKBIZ,.,TF ChIP-seq,EFO:0001187,HepG2,cell_line,child,encode,single,True,OutputType.CHIP_TF,,,NFKBIZ
EFO:0001187 TF ChIP-seq NFYA genetically modified (insertion) using CRISPR targeting H. sapiens NFYA,.,TF ChIP-seq,EFO:0001187,HepG2,cell_line,child,encode,single,True,OutputType.CHIP_TF,,,NFYA
EFO:0001187 TF ChIP-seq NFYB genetically modified (insertion) using CRISPR targeting H. sapiens NFYB,.,TF ChIP-seq,EFO:0001187,HepG2,cell_line,child,encode,single,True,OutputType.CHIP_TF,,,NFYB
EFO:0001187 TF ChIP-seq NFYC genetically modified (insertion) using CRISPR targeting H. sapiens NFYC,.,TF ChIP-seq,EFO:0001187,HepG2,cell_line,child,encode,single,True,OutputType.CHIP_TF,,,NFYC
EFO:0001187 TF ChIP-seq NKX3-1 genetically modified (insertion) using CRISPR targeting H. sapiens NKX3-1,.,TF ChIP-seq,EFO:0001187,HepG2,cell_line,child,encode,single,True,OutputType.CHIP_TF,,,NKX3-1
EFO:0001187 TF ChIP-seq NONO,.,TF ChIP-seq,EFO:0001187,HepG2,cell_line,child,encode,single,False,OutputType.CHIP_TF,,,NONO
EFO:0001187 TF ChIP-seq NONO genetically modified (insertion) using CRISPR targeting H. sapiens NONO,.,TF ChIP-seq,EFO:0001187,HepG2,cell_line,child,encode,single,True,OutputType.CHIP_TF,,,NONO
EFO:0001187 TF ChIP-seq NR0B2 genetically modified (insertion) using CRISPR targeting H. sapiens NR0B2,.,TF ChIP-seq,EFO:0001187,HepG2,cell_line,child,encode,single,True,OutputType.CHIP_TF,,,NR0B2
EFO:0001187 TF ChIP-seq NR2C2,.,TF ChIP-seq,EFO:0001187,HepG2,cell_line,child,encode,single,False,OutputType.CHIP_TF,,,NR2C2
EFO:0001187 TF ChIP-seq NR2C2 genetically modified (insertion) using CRISPR targeting H. sapiens NR2C2,.,TF ChIP-seq,EFO:0001187,HepG2,cell_line,child,encode,single,True,OutputType.CHIP_TF,,,NR2C2
EFO:0001187 TF ChIP-seq NR2F1 genetically modified (insertion) using CRISPR targeting H. sapiens NR2F1,.,TF ChIP-seq,EFO:0001187,HepG2,cell_line,child,encode,paired,True,OutputType.CHIP_TF,,,NR2F1
EFO:0001187 TF ChIP-seq NR2F2,.,TF ChIP-seq,EFO:0001187,HepG2,cell_line,child,encode,single,False,OutputType.CHIP_TF,,,NR2F2
EFO:0001187 TF ChIP-seq NR2F6,.,TF ChIP-seq,EFO:0001187,HepG2,cell_line,child,encode,single,False,OutputType.CHIP_TF,,,NR2F6
EFO:0001187 TF ChIP-seq NR2F6 genetically modified (insertion) using CRISPR targeting H. sapiens NR2F6,.,TF ChIP-seq,EFO:0001187,HepG2,cell_line,child,encode,single,True,OutputType.CHIP_TF,,,NR2F6
EFO:0001187 TF ChIP-seq NR5A1 genetically modified (insertion) using CRISPR targeting H. sapiens NR5A1,.,TF ChIP-seq,EFO:0001187,HepG2,cell_line,child,encode,single,True,OutputType.CHIP_TF,,,NR5A1
EFO:0001187 TF ChIP-seq NRF1,.,TF ChIP-seq,EFO:0001187,HepG2,cell_line,child,encode,single,False,OutputType.CHIP_TF,,,NRF1
EFO:0001187 TF ChIP-seq NRF1 genetically modified (insertion) using CRISPR targeting H. sapiens NRF1,.,TF ChIP-seq,EFO:0001187,HepG2,cell_line,child,encode,single,True,OutputType.CHIP_TF,,,NRF1
EFO:0001187 TF ChIP-seq NRL genetically modified (insertion) using CRISPR targeting H. sapiens NRL,.,TF ChIP-seq,EFO:0001187,HepG2,cell_line,child,encode,single,True,OutputType.CHIP_TF,,,NRL
EFO:0001187 TF ChIP-seq ONECUT1 genetically modified (insertion) using CRISPR targeting H. sapiens ONECUT1,.,TF ChIP-seq,EFO:0001187,HepG2,cell_line,child,encode,single,True,OutputType.CHIP_TF,,,ONECUT1
EFO:0001187 TF ChIP-seq ONECUT2 genetically modified (insertion) using CRISPR targeting H. sapiens ONECUT2,.,TF ChIP-seq,EFO:0001187,HepG2,cell_line,child,encode,single,True,OutputType.CHIP_TF,,,ONECUT2
EFO:0001187 TF ChIP-seq PATZ1 genetically modified (insertion) using CRISPR targeting H. sapiens PATZ1,.,TF ChIP-seq,EFO:0001187,HepG2,cell_line,child,encode,single,True,OutputType.CHIP_TF,,,PATZ1
EFO:0001187 TF ChIP-seq PAX8 genetically modified (insertion) using CRISPR targeting H. sapiens PAX8,.,TF ChIP-seq,EFO:0001187,HepG2,cell_line,child,encode,single,True,OutputType.CHIP_TF,,,PAX8
EFO:0001187 TF ChIP-seq PAXIP1 genetically modified (insertion) using CRISPR targeting H. sapiens PAXIP1,.,TF ChIP-seq,EFO:0001187,HepG2,cell_line,child,encode,single,True,OutputType.CHIP_TF,,,PAXIP1
EFO:0001187 TF ChIP-seq PBX2 genetically modified (insertion) using CRISPR targeting H. sapiens PBX2,.,TF ChIP-seq,EFO:0001187,HepG2,cell_line,child,encode,single,True,OutputType.CHIP_TF,,,PBX2
EFO:0001187 TF ChIP-seq PCBP1,.,TF ChIP-seq,EFO:0001187,HepG2,cell_line,child,encode,single,False,OutputType.CHIP_TF,,,PCBP1
EFO:0001187 TF ChIP-seq PHF20 genetically modified (insertion) using CRISPR targeting H. sapiens PHF20,.,TF ChIP-seq,EFO:0001187,HepG2,cell_line,child,encode,single,True,OutputType.CHIP_TF,,,PHF20
EFO:0001187 TF ChIP-seq PHF21A genetically modified (insertion) using CRISPR targeting H. sapiens PHF21A,.,TF ChIP-seq,EFO:0001187,HepG2,cell_line,child,encode,single,True,OutputType.CHIP_TF,,,PHF21A
EFO:0001187 TF ChIP-seq PHF5A genetically modified (insertion) using CRISPR targeting H. sapiens PHF5A,.,TF ChIP-seq,EFO:0001187,HepG2,cell_line,child,encode,single,True,OutputType.CHIP_TF,,,PHF5A
EFO:0001187 TF ChIP-seq PHF8 genetically modified (insertion) using CRISPR targeting H. sapiens PHF8,.,TF ChIP-seq,EFO:0001187,HepG2,cell_line,child,encode,single,True,OutputType.CHIP_TF,,,PHF8
EFO:0001187 TF ChIP-seq PITX1 genetically modified (insertion) using CRISPR targeting H. sapiens PITX1,.,TF ChIP-seq,EFO:0001187,HepG2,cell_line,child,encode,single,True,OutputType.CHIP_TF,,,PITX1
EFO:0001187 TF ChIP-seq POGK genetically modified (insertion) using CRISPR targeting H. sapiens POGK,.,TF ChIP-seq,EFO:0001187,HepG2,cell_line,child,encode,single,True,OutputType.CHIP_TF,,,POGK
EFO:0001187 TF ChIP-seq POGZ genetically modified (insertion) using CRISPR targeting H. sapiens POGZ,.,TF ChIP-seq,EFO:0001187,HepG2,cell_line,child,encode,single,True,OutputType.CHIP_TF,,,POGZ
EFO:0001187 TF ChIP-seq POLR2A,.,TF ChIP-seq,EFO:0001187,HepG2,cell_line,child,encode,single,False,OutputType.CHIP_TF,,,POLR2A
EFO:0001187 TF ChIP-seq POLR2AphosphoS2,.,TF ChIP-seq,EFO:0001187,HepG2,cell_line,child,encode,single,False,OutputType.CHIP_TF,,,POLR2AphosphoS2
EFO:0001187 TF ChIP-seq POLR2AphosphoS5,.,TF ChIP-seq,EFO:0001187,HepG2,cell_line,child,encode,single,False,OutputType.CHIP_TF,,,POLR2AphosphoS5
EFO:0001187 TF ChIP-seq POLR2G,.,TF ChIP-seq,EFO:0001187,HepG2,cell_line,child,encode,single,False,OutputType.CHIP_TF,,,POLR2G
EFO:0001187 TF ChIP-seq POU2F1 genetically modified (insertion) using CRISPR targeting H. sapiens POU2F1,.,TF ChIP-seq,EFO:0001187,HepG2,cell_line,child,encode,single,True,OutputType.CHIP_TF,,,POU2F1
EFO:0001187 TF ChIP-seq PPARG genetically modified (insertion) using CRISPR targeting H. sapiens PPARG,.,TF ChIP-seq,EFO:0001187,HepG2,cell_line,child,encode,single,True,OutputType.CHIP_TF,,,PPARG
EFO:0001187 TF ChIP-seq PRDM10 genetically modified (insertion) using CRISPR targeting H. sapiens PRDM10,.,TF ChIP-seq,EFO:0001187,HepG2,cell_line,child,encode,single,True,OutputType.CHIP_TF,,,PRDM10
EFO:0001187 TF ChIP-seq PRDM15 genetically modified (insertion) using CRISPR targeting H. sapiens PRDM15,.,TF ChIP-seq,EFO:0001187,HepG2,cell_line,child,encode,single,True,OutputType.CHIP_TF,,,PRDM15
EFO:0001187 TF ChIP-seq PRMT3 genetically modified (insertion) using CRISPR targeting H. sapiens PRMT3,.,TF ChIP-seq,EFO:0001187,HepG2,cell_line,child,encode,single,True,OutputType.CHIP_TF,,,PRMT3
EFO:0001187 TF ChIP-seq PROX1 genetically modified (insertion) using CRISPR targeting H. sapiens PROX1,.,TF ChIP-seq,EFO:0001187,HepG2,cell_line,child,encode,single,True,OutputType.CHIP_TF,,,PROX1
EFO:0001187 TF ChIP-seq RAD21,.,TF ChIP-seq,EFO:0001187,HepG2,cell_line,child,encode,single,False,OutputType.CHIP_TF,,,RAD21
EFO:0001187 TF ChIP-seq RAD21 genetically modified (insertion) using CRISPR targeting H. sapiens RAD21,.,TF ChIP-seq,EFO:0001187,HepG2,cell_line,child,encode,paired,True,OutputType.CHIP_TF,,,RAD21
EFO:0001187 TF ChIP-seq RAD51,.,TF ChIP-seq,EFO:0001187,HepG2,cell_line,child,encode,paired,False,OutputType.CHIP_TF,,,RAD51
EFO:0001187 TF ChIP-seq RARA genetically modified (insertion) using CRISPR targeting H. sapiens RARA,.,TF ChIP-seq,EFO:0001187,HepG2,cell_line,child,encode,single,True,OutputType.CHIP_TF,,,RARA
EFO:0001187 TF ChIP-seq RBFOX2,.,TF ChIP-seq,EFO:0001187,HepG2,cell_line,child,encode,single,False,OutputType.CHIP_TF,,,RBFOX2
EFO:0001187 TF ChIP-seq RBM22,.,TF ChIP-seq,EFO:0001187,HepG2,cell_line,child,encode,single,False,OutputType.CHIP_TF,,,RBM22
EFO:0001187 TF ChIP-seq RBPJ genetically modified (insertion) using CRISPR targeting H. sapiens RBPJ,.,TF ChIP-seq,EFO:0001187,HepG2,cell_line,child,encode,single,True,OutputType.CHIP_TF,,,RBPJ
EFO:0001187 TF ChIP-seq RCOR2 genetically modified (insertion) using CRISPR targeting H. sapiens RCOR2,.,TF ChIP-seq,EFO:0001187,HepG2,cell_line,child,encode,single,True,OutputType.CHIP_TF,,,RCOR2
EFO:0001187 TF ChIP-seq REL genetically modified (insertion) using CRISPR targeting H. sapiens REL,.,TF ChIP-seq,EFO:0001187,HepG2,cell_line,child,encode,single,True,OutputType.CHIP_TF,,,REL
EFO:0001187 TF ChIP-seq REPIN1 genetically modified (insertion) using CRISPR targeting H. sapiens REPIN1,.,TF ChIP-seq,EFO:0001187,HepG2,cell_line,child,encode,single,True,OutputType.CHIP_TF,,,REPIN1
EFO:0001187 TF ChIP-seq RERE genetically modified (insertion) using CRISPR targeting H. sapiens RERE,.,TF ChIP-seq,EFO:0001187,HepG2,cell_line,child,encode,single,True,OutputType.CHIP_TF,,,RERE
EFO:0001187 TF ChIP-seq REST,.,TF ChIP-seq,EFO:0001187,HepG2,cell_line,child,encode,single,False,OutputType.CHIP_TF,,,REST
EFO:0001187 TF ChIP-seq RFX1,.,TF ChIP-seq,EFO:0001187,HepG2,cell_line,child,encode,paired,False,OutputType.CHIP_TF,,,RFX1
EFO:0001187 TF ChIP-seq RFX3 genetically modified (insertion) using CRISPR targeting H. sapiens RFX3,.,TF ChIP-seq,EFO:0001187,HepG2,cell_line,child,encode,single,True,OutputType.CHIP_TF,,,RFX3
EFO:0001187 TF ChIP-seq RFX5,.,TF ChIP-seq,EFO:0001187,HepG2,cell_line,child,encode,single,False,OutputType.CHIP_TF,,,RFX5
EFO:0001187 TF ChIP-seq RFXANK genetically modified (insertion) using CRISPR targeting H. sapiens RFXANK,.,TF ChIP-seq,EFO:0001187,HepG2,cell_line,child,encode,single,True,OutputType.CHIP_TF,,,RFXANK
EFO:0001187 TF ChIP-seq RFXAP genetically modified (insertion) using CRISPR targeting H. sapiens RFXAP,.,TF ChIP-seq,EFO:0001187,HepG2,cell_line,child,encode,single,True,OutputType.CHIP_TF,,,RFXAP
EFO:0001187 TF ChIP-seq RNF2,.,TF ChIP-seq,EFO:0001187,HepG2,cell_line,child,encode,paired,False,OutputType.CHIP_TF,,,RNF2
EFO:0001187 TF ChIP-seq RREB1 genetically modified (insertion) using CRISPR targeting H. sapiens RREB1,.,TF ChIP-seq,EFO:0001187,HepG2,cell_line,child,encode,single,True,OutputType.CHIP_TF,,,RREB1
EFO:0001187 TF ChIP-seq RXRA,.,TF ChIP-seq,EFO:0001187,HepG2,cell_line,child,encode,single,False,OutputType.CHIP_TF,,,RXRA
EFO:0001187 TF ChIP-seq RXRA genetically modified (insertion) using CRISPR targeting H. sapiens RXRA,.,TF ChIP-seq,EFO:0001187,HepG2,cell_line,child,encode,single,True,OutputType.CHIP_TF,,,RXRA
EFO:0001187 TF ChIP-seq RXRB genetically modified (insertion) using CRISPR targeting H. sapiens RXRB,.,TF ChIP-seq,EFO:0001187,HepG2,cell_line,child,encode,single,True,OutputType.CHIP_TF,,,RXRB
EFO:0001187 TF ChIP-seq SAFB2 genetically modified (insertion) using CRISPR targeting H. sapiens SAFB2,.,TF ChIP-seq,EFO:0001187,HepG2,cell_line,child,encode,single,True,OutputType.CHIP_TF,,,SAFB2
EFO:0001187 TF ChIP-seq SALL1 genetically modified (insertion) using CRISPR targeting H. sapiens SALL1,.,TF ChIP-seq,EFO:0001187,HepG2,cell_line,child,encode,single,True,OutputType.CHIP_TF,,,SALL1
EFO:0001187 TF ChIP-seq SALL2 genetically modified (insertion) using CRISPR targeting H. sapiens SALL2,.,TF ChIP-seq,EFO:0001187,HepG2,cell_line,child,encode,single,True,OutputType.CHIP_TF,,,SALL2
EFO:0001187 TF ChIP-seq SAP130 genetically modified (insertion) using CRISPR targeting H. sapiens SAP130,.,TF ChIP-seq,EFO:0001187,HepG2,cell_line,child,encode,single,True,OutputType.CHIP_TF,,,SAP130
EFO:0001187 TF ChIP-seq SFPQ genetically modified (insertion) using CRISPR targeting H. sapiens SFPQ,.,TF ChIP-seq,EFO:0001187,HepG2,cell_line,child,encode,single,True,OutputType.CHIP_TF,,,SFPQ
EFO:0001187 TF ChIP-seq SIN3A,.,TF ChIP-seq,EFO:0001187,HepG2,cell_line,child,encode,single,False,OutputType.CHIP_TF,,,SIN3A
EFO:0001187 TF ChIP-seq SIX1 genetically modified (insertion) using CRISPR targeting H. sapiens SIX1,.,TF ChIP-seq,EFO:0001187,HepG2,cell_line,child,encode,single,True,OutputType.CHIP_TF,,,SIX1
EFO:0001187 TF ChIP-seq SIX4 genetically modified (insertion) using CRISPR targeting H. sapiens SIX4,.,TF ChIP-seq,EFO:0001187,HepG2,cell_line,child,encode,single,True,OutputType.CHIP_TF,,,SIX4
EFO:0001187 TF ChIP-seq SKI,.,TF ChIP-seq,EFO:0001187,HepG2,cell_line,child,encode,paired,False,OutputType.CHIP_TF,,,SKI
EFO:0001187 TF ChIP-seq SKIL genetically modified (insertion) using CRISPR targeting H. sapiens SKIL,.,TF ChIP-seq,EFO:0001187,HepG2,cell_line,child,encode,single,True,OutputType.CHIP_TF,,,SKIL
EFO:0001187 TF ChIP-seq SMAD1 genetically modified (insertion) using CRISPR targeting H. sapiens SMAD1,.,TF ChIP-seq,EFO:0001187,HepG2,cell_line,child,encode,single,True,OutputType.CHIP_TF,,,SMAD1
EFO:0001187 TF ChIP-seq SMAD3 genetically modified (insertion) using CRISPR targeting H. sapiens SMAD3,.,TF ChIP-seq,EFO:0001187,HepG2,cell_line,child,encode,single,True,OutputType.CHIP_TF,,,SMAD3
EFO:0001187 TF ChIP-seq SMAD4 genetically modified (insertion) using CRISPR targeting H. sapiens SMAD4,.,TF ChIP-seq,EFO:0001187,HepG2,cell_line,child,encode,single,True,OutputType.CHIP_TF,,,SMAD4
EFO:0001187 TF ChIP-seq SMAD7 genetically modified (insertion) using CRISPR targeting H. sapiens SMAD7,.,TF ChIP-seq,EFO:0001187,HepG2,cell_line,child,encode,single,True,OutputType.CHIP_TF,,,SMAD7
EFO:0001187 TF ChIP-seq SMC3,.,TF ChIP-seq,EFO:0001187,HepG2,cell_line,child,encode,single,False,OutputType.CHIP_TF,,,SMC3
EFO:0001187 TF ChIP-seq SMYD3 genetically modified (insertion) using CRISPR targeting H. sapiens SMYD3,.,TF ChIP-seq,EFO:0001187,HepG2,cell_line,child,encode,single,True,OutputType.CHIP_TF,,,SMYD3
EFO:0001187 TF ChIP-seq SNAI1 genetically modified (insertion) using CRISPR targeting H. sapiens SNAI1,.,TF ChIP-seq,EFO:0001187,HepG2,cell_line,child,encode,single,True,OutputType.CHIP_TF,,,SNAI1
EFO:0001187 TF ChIP-seq SNAPC2 genetically modified (insertion) using CRISPR targeting H. sapiens SNAPC2,.,TF ChIP-seq,EFO:0001187,HepG2,cell_line,child,encode,single,True,OutputType.CHIP_TF,,,SNAPC2
EFO:0001187 TF ChIP-seq SNAPC4 genetically modified (insertion) using CRISPR targeting H. sapiens SNAPC4,.,TF ChIP-seq,EFO:0001187,HepG2,cell_line,child,encode,single,True,OutputType.CHIP_TF,,,SNAPC4
EFO:0001187 TF ChIP-seq SOX13,.,TF ChIP-seq,EFO:0001187,HepG2,cell_line,child,encode,single,False,OutputType.CHIP_TF,,,SOX13
EFO:0001187 TF ChIP-seq SOX13 genetically modified (insertion) using CRISPR targeting H. sapiens SOX13,.,TF ChIP-seq,EFO:0001187,HepG2,cell_line,child,encode,single,True,OutputType.CHIP_TF,,,SOX13
EFO:0001187 TF ChIP-seq SOX5 genetically modified (insertion) using CRISPR targeting H. sapiens SOX5,.,TF ChIP-seq,EFO:0001187,HepG2,cell_line,child,encode,single,True,OutputType.CHIP_TF,,,SOX5
EFO:0001187 TF ChIP-seq SOX6 genetically modified (insertion) using CRISPR targeting H. sapiens SOX6,.,TF ChIP-seq,EFO:0001187,HepG2,cell_line,child,encode,single,True,OutputType.CHIP_TF,,,SOX6
EFO:0001187 TF ChIP-seq SP1 genetically modified (insertion) using CRISPR targeting H. sapiens SP1,.,TF ChIP-seq,EFO:0001187,HepG2,cell_line,child,encode,single,True,OutputType.CHIP_TF,,,SP1
EFO:0001187 TF ChIP-seq SP2 genetically modified (insertion) using CRISPR targeting H. sapiens SP2,.,TF ChIP-seq,EFO:0001187,HepG2,cell_line,child,encode,single,True,OutputType.CHIP_TF,,,SP2
EFO:0001187 TF ChIP-seq SP4 genetically modified (insertion) using CRISPR targeting H. sapiens SP4,.,TF ChIP-seq,EFO:0001187,HepG2,cell_line,child,encode,single,True,OutputType.CHIP_TF,,,SP4
EFO:0001187 TF ChIP-seq SP5 genetically modified (insertion) using CRISPR targeting H. sapiens SP5,.,TF ChIP-seq,EFO:0001187,HepG2,cell_line,child,encode,single,True,OutputType.CHIP_TF,,,SP5
EFO:0001187 TF ChIP-seq SPEN genetically modified (insertion) using CRISPR targeting H. sapiens SPEN,.,TF ChIP-seq,EFO:0001187,HepG2,cell_line,child,encode,single,True,OutputType.CHIP_TF,,,SPEN
EFO:0001187 TF ChIP-seq SRF,.,TF ChIP-seq,EFO:0001187,HepG2,cell_line,child,encode,single,False,OutputType.CHIP_TF,,,SRF
EFO:0001187 TF ChIP-seq SRF genetically modified (insertion) using CRISPR targeting H. sapiens SRF,.,TF ChIP-seq,EFO:0001187,HepG2,cell_line,child,encode,single,True,OutputType.CHIP_TF,,,SRF
EFO:0001187 TF ChIP-seq SRSF1,.,TF ChIP-seq,EFO:0001187,HepG2,cell_line,child,encode,single,False,OutputType.CHIP_TF,,,SRSF1
EFO:0001187 TF ChIP-seq SRY genetically modified (insertion) using CRISPR targeting H. sapiens SRY,.,TF ChIP-seq,EFO:0001187,HepG2,cell_line,child,encode,single,True,OutputType.CHIP_TF,,,SRY
EFO:0001187 TF ChIP-seq SSRP1 genetically modified (insertion) using CRISPR targeting H. sapiens SSRP1,.,TF ChIP-seq,EFO:0001187,HepG2,cell_line,child,encode,single,True,OutputType.CHIP_TF,,,SSRP1
EFO:0001187 TF ChIP-seq STAG1 genetically modified (insertion) using CRISPR targeting H. sapiens STAG1,.,TF ChIP-seq,EFO:0001187,HepG2,cell_line,child,encode,single,True,OutputType.CHIP_TF,,,STAG1
EFO:0001187 TF ChIP-seq STAT6 genetically modified (insertion) using CRISPR targeting H. sapiens STAT6,.,TF ChIP-seq,EFO:0001187,HepG2,cell_line,child,encode,single,True,OutputType.CHIP_TF,,,STAT6
EFO:0001187 TF ChIP-seq SYNCRIP,.,TF ChIP-seq,EFO:0001187,HepG2,cell_line,child,encode,single,False,OutputType.CHIP_TF,,,SYNCRIP
EFO:0001187 TF ChIP-seq TAF1,.,TF ChIP-seq,EFO:0001187,HepG2,cell_line,child,encode,single,False,OutputType.CHIP_TF,,,TAF1
EFO:0001187 TF ChIP-seq TAF1 genetically modified (insertion) using CRISPR targeting H. sapiens TAF1,.,TF ChIP-seq,EFO:0001187,HepG2,cell_line,child,encode,single,True,OutputType.CHIP_TF,,,TAF1
EFO:0001187 TF ChIP-seq TARDBP genetically modified (insertion) using CRISPR targeting H. sapiens TARDBP,.,TF ChIP-seq,EFO:0001187,HepG2,cell_line,child,encode,single,True,OutputType.CHIP_TF,,,TARDBP
EFO:0001187 TF ChIP-seq TBL1XR1,.,TF ChIP-seq,EFO:0001187,HepG2,cell_line,child,encode,single,False,OutputType.CHIP_TF,,,TBL1XR1
EFO:0001187 TF ChIP-seq TBP,.,TF ChIP-seq,EFO:0001187,HepG2,cell_line,child,encode,single,False,OutputType.CHIP_TF,,,TBP
EFO:0001187 TF ChIP-seq TBX2 genetically modified (insertion) using CRISPR targeting H. sapiens TBX2,.,TF ChIP-seq,EFO:0001187,HepG2,cell_line,child,encode,single,True,OutputType.CHIP_TF,,,TBX2
EFO:0001187 TF ChIP-seq TBX3,.,TF ChIP-seq,EFO:0001187,HepG2,cell_line,child,encode,paired,False,OutputType.CHIP_TF,,,TBX3
EFO:0001187 TF ChIP-seq TCF12,.,TF ChIP-seq,EFO:0001187,HepG2,cell_line,child,encode,paired,False,OutputType.CHIP_TF,,,TCF12
EFO:0001187 TF ChIP-seq TCF12 genetically modified (insertion) using CRISPR targeting H. sapiens TCF12,.,TF ChIP-seq,EFO:0001187,HepG2,cell_line,child,encode,single,True,OutputType.CHIP_TF,,,TCF12
EFO:0001187 TF ChIP-seq TCF7,.,TF ChIP-seq,EFO:0001187,HepG2,cell_line,child,encode,single,False,OutputType.CHIP_TF,,,TCF7
EFO:0001187 TF ChIP-seq TCF7L2 genetically modified (insertion) using CRISPR targeting H. sapiens TCF7L2,.,TF ChIP-seq,EFO:0001187,HepG2,cell_line,child,encode,single,True,OutputType.CHIP_TF,,,TCF7L2
EFO:0001187 TF ChIP-seq TEAD1 genetically modified (insertion) using CRISPR targeting H. sapiens TEAD1,.,TF ChIP-seq,EFO:0001187,HepG2,cell_line,child,encode,single,True,OutputType.CHIP_TF,,,TEAD1
EFO:0001187 TF ChIP-seq TEAD4 genetically modified (insertion) using CRISPR targeting H. sapiens TEAD4,.,TF ChIP-seq,EFO:0001187,HepG2,cell_line,child,encode,single,True,OutputType.CHIP_TF,,,TEAD4
EFO:0001187 TF ChIP-seq TFAP4,.,TF ChIP-seq,EFO:0001187,HepG2,cell_line,child,encode,single,False,OutputType.CHIP_TF,,,TFAP4
EFO:0001187 TF ChIP-seq TFAP4 genetically modified (insertion) using CRISPR targeting H. sapiens TFAP4,.,TF ChIP-seq,EFO:0001187,HepG2,cell_line,child,encode,single,True,OutputType.CHIP_TF,,,TFAP4
EFO:0001187 TF ChIP-seq TFDP1 genetically modified (insertion) using CRISPR targeting H. sapiens TFDP1,.,TF ChIP-seq,EFO:0001187,HepG2,cell_line,child,encode,single,True,OutputType.CHIP_TF,,,TFDP1
EFO:0001187 TF ChIP-seq TFDP2 genetically modified (insertion) using CRISPR targeting H. sapiens TFDP2,.,TF ChIP-seq,EFO:0001187,HepG2,cell_line,child,encode,single,True,OutputType.CHIP_TF,,,TFDP2
EFO:0001187 TF ChIP-seq TFE3 genetically modified (insertion) using CRISPR targeting H. sapiens TFE3,.,TF ChIP-seq,EFO:0001187,HepG2,cell_line,child,encode,single,True,OutputType.CHIP_TF,,,TFE3
EFO:0001187 TF ChIP-seq TGIF2 genetically modified (insertion) using CRISPR targeting H. sapiens TGIF2,.,TF ChIP-seq,EFO:0001187,HepG2,cell_line,child,encode,single,True,OutputType.CHIP_TF,,,TGIF2
EFO:0001187 TF ChIP-seq THAP11 genetically modified (insertion) using CRISPR targeting H. sapiens THAP11,.,TF ChIP-seq,EFO:0001187,HepG2,cell_line,child,encode,single,True,OutputType.CHIP_TF,,,THAP11
EFO:0001187 TF ChIP-seq THAP4 genetically modified (insertion) using CRISPR targeting H. sapiens THAP4,.,TF ChIP-seq,EFO:0001187,HepG2,cell_line,child,encode,single,True,OutputType.CHIP_TF,,,THAP4
EFO:0001187 TF ChIP-seq THAP7 genetically modified (insertion) using CRISPR targeting H. sapiens THAP7,.,TF ChIP-seq,EFO:0001187,HepG2,cell_line,child,encode,single,True,OutputType.CHIP_TF,,,THAP7
EFO:0001187 TF ChIP-seq THAP9 genetically modified (insertion) using CRISPR targeting H. sapiens THAP9,.,TF ChIP-seq,EFO:0001187,HepG2,cell_line,child,encode,single,True,OutputType.CHIP_TF,,,THAP9
EFO:0001187 TF ChIP-seq THRA genetically modified (insertion) using CRISPR targeting H. sapiens THRA,.,TF ChIP-seq,EFO:0001187,HepG2,cell_line,child,encode,single,True,OutputType.CHIP_TF,,,THRA
EFO:0001187 TF ChIP-seq THRB genetically modified (insertion) using CRISPR targeting H. sapiens THRB,.,TF ChIP-seq,EFO:0001187,HepG2,cell_line,child,encode,single,True,OutputType.CHIP_TF,,,THRB
EFO:0001187 TF ChIP-seq TIGD6 genetically modified (insertion) using CRISPR targeting H. sapiens TIGD6,.,TF ChIP-seq,EFO:0001187,HepG2,cell_line,child,encode,single,True,OutputType.CHIP_TF,,,TIGD6
EFO:0001187 TF ChIP-seq TMF1 genetically modified (insertion) using CRISPR targeting H. sapiens TMF1,.,TF ChIP-seq,EFO:0001187,HepG2,cell_line,child,encode,single,True,OutputType.CHIP_TF,,,TMF1
EFO:0001187 TF ChIP-seq TOPORS genetically modified (insertion) using CRISPR targeting H. sapiens TOPORS,.,TF ChIP-seq,EFO:0001187,HepG2,cell_line,child,encode,single,True,OutputType.CHIP_TF,,,TOPORS
EFO:0001187 TF ChIP-seq TSC22D2 genetically modified (insertion) using CRISPR targeting H. sapiens TSC22D2,.,TF ChIP-seq,EFO:0001187,HepG2,cell_line,child,encode,single,True,OutputType.CHIP_TF,,,TSC22D2
EFO:0001187 TF ChIP-seq U2AF1,.,TF ChIP-seq,EFO:0001187,HepG2,cell_line,child,encode,single,False,OutputType.CHIP_TF,,,U2AF1
EFO:0001187 TF ChIP-seq UBTF genetically modified (insertion) using CRISPR targeting H. sapiens UBTF,.,TF ChIP-seq,EFO:0001187,HepG2,cell_line,child,encode,single,True,OutputType.CHIP_TF,,,UBTF
EFO:0001187 TF ChIP-seq USF1,.,TF ChIP-seq,EFO:0001187,HepG2,cell_line,child,encode,single,False,OutputType.CHIP_TF,,,USF1
EFO:0001187 TF ChIP-seq USF1 genetically modified (insertion) using CRISPR targeting H. sapiens USF1,.,TF ChIP-seq,EFO:0001187,HepG2,cell_line,child,encode,single,True,OutputType.CHIP_TF,,,USF1
EFO:0001187 TF ChIP-seq USF2,.,TF ChIP-seq,EFO:0001187,HepG2,cell_line,child,encode,single,False,OutputType.CHIP_TF,,,USF2
EFO:0001187 TF ChIP-seq USF2 genetically modified (insertion) using CRISPR targeting H. sapiens USF2,.,TF ChIP-seq,EFO:0001187,HepG2,cell_line,child,encode,single,True,OutputType.CHIP_TF,,,USF2
EFO:0001187 TF ChIP-seq WIZ genetically modified (insertion) using CRISPR targeting H. sapiens WIZ,.,TF ChIP-seq,EFO:0001187,HepG2,cell_line,child,encode,single,True,OutputType.CHIP_TF,,,WIZ
EFO:0001187 TF ChIP-seq XRCC5,.,TF ChIP-seq,EFO:0001187,HepG2,cell_line,child,encode,single,False,OutputType.CHIP_TF,,,XRCC5
EFO:0001187 TF ChIP-seq YEATS2 genetically modified (insertion) using CRISPR targeting H. sapiens YEATS2,.,TF ChIP-seq,EFO:0001187,HepG2,cell_line,child,encode,single,True,OutputType.CHIP_TF,,,YEATS2
EFO:0001187 TF ChIP-seq YEATS4 genetically modified (insertion) using CRISPR targeting H. sapiens YEATS4,.,TF ChIP-seq,EFO:0001187,HepG2,cell_line,child,encode,single,True,OutputType.CHIP_TF,,,YEATS4
EFO:0001187 TF ChIP-seq ZBED4 genetically modified (insertion) using CRISPR targeting H. sapiens ZBED4,.,TF ChIP-seq,EFO:0001187,HepG2,cell_line,child,encode,single,True,OutputType.CHIP_TF,,,ZBED4
EFO:0001187 TF ChIP-seq ZBTB10 genetically modified (insertion) using CRISPR targeting H. sapiens ZBTB10,.,TF ChIP-seq,EFO:0001187,HepG2,cell_line,child,encode,single,True,OutputType.CHIP_TF,,,ZBTB10
EFO:0001187 TF ChIP-seq ZBTB14 genetically modified (insertion) using CRISPR targeting H. sapiens ZBTB14,.,TF ChIP-seq,EFO:0001187,HepG2,cell_line,child,encode,single,True,OutputType.CHIP_TF,,,ZBTB14
EFO:0001187 TF ChIP-seq ZBTB2 genetically modified (insertion) using CRISPR targeting H. sapiens ZBTB2,.,TF ChIP-seq,EFO:0001187,HepG2,cell_line,child,encode,single,True,OutputType.CHIP_TF,,,ZBTB2
EFO:0001187 TF ChIP-seq ZBTB20 genetically modified (insertion) using CRISPR targeting H. sapiens ZBTB20,.,TF ChIP-seq,EFO:0001187,HepG2,cell_line,child,encode,single,True,OutputType.CHIP_TF,,,ZBTB20
EFO:0001187 TF ChIP-seq ZBTB21 genetically modified (insertion) using CRISPR targeting H. sapiens ZBTB21,.,TF ChIP-seq,EFO:0001187,HepG2,cell_line,child,encode,single,True,OutputType.CHIP_TF,,,ZBTB21
EFO:0001187 TF ChIP-seq ZBTB25 genetically modified (insertion) using CRISPR targeting H. sapiens ZBTB25,.,TF ChIP-seq,EFO:0001187,HepG2,cell_line,child,encode,single,True,OutputType.CHIP_TF,,,ZBTB25
EFO:0001187 TF ChIP-seq ZBTB26 genetically modified (insertion) using CRISPR targeting H. sapiens ZBTB26,.,TF ChIP-seq,EFO:0001187,HepG2,cell_line,child,encode,single,True,OutputType.CHIP_TF,,,ZBTB26
EFO:0001187 TF ChIP-seq ZBTB3 genetically modified (insertion) using CRISPR targeting H. sapiens ZBTB3,.,TF ChIP-seq,EFO:0001187,HepG2,cell_line,child,encode,single,True,OutputType.CHIP_TF,,,ZBTB3
EFO:0001187 TF ChIP-seq ZBTB33 genetically modified (insertion) using CRISPR targeting H. sapiens ZBTB33,.,TF ChIP-seq,EFO:0001187,HepG2,cell_line,child,encode,single,True,OutputType.CHIP_TF,,,ZBTB33
EFO:0001187 TF ChIP-seq ZBTB34 genetically modified (insertion) using CRISPR targeting H. sapiens ZBTB34,.,TF ChIP-seq,EFO:0001187,HepG2,cell_line,child,encode,single,True,OutputType.CHIP_TF,,,ZBTB34
EFO:0001187 TF ChIP-seq ZBTB37 genetically modified (insertion) using CRISPR targeting H. sapiens ZBTB37,.,TF ChIP-seq,EFO:0001187,HepG2,cell_line,child,encode,single,True,OutputType.CHIP_TF,,,ZBTB37
EFO:0001187 TF ChIP-seq ZBTB38 genetically modified (insertion) using CRISPR targeting H. sapiens ZBTB38,.,TF ChIP-seq,EFO:0001187,HepG2,cell_line,child,encode,single,True,OutputType.CHIP_TF,,,ZBTB38
EFO:0001187 TF ChIP-seq ZBTB39 genetically modified (insertion) using CRISPR targeting H. sapiens ZBTB39,.,TF ChIP-seq,EFO:0001187,HepG2,cell_line,child,encode,single,True,OutputType.CHIP_TF,,,ZBTB39
EFO:0001187 TF ChIP-seq ZBTB4 genetically modified (insertion) using CRISPR targeting H. sapiens ZBTB4,.,TF ChIP-seq,EFO:0001187,HepG2,cell_line,child,encode,single,True,OutputType.CHIP_TF,,,ZBTB4
EFO:0001187 TF ChIP-seq ZBTB40,.,TF ChIP-seq,EFO:0001187,HepG2,cell_line,child,encode,paired,False,OutputType.CHIP_TF,,,ZBTB40
EFO:0001187 TF ChIP-seq ZBTB40 genetically modified (insertion) using CRISPR targeting H. sapiens ZBTB40,.,TF ChIP-seq,EFO:0001187,HepG2,cell_line,child,encode,single,True,OutputType.CHIP_TF,,,ZBTB40
EFO:0001187 TF ChIP-seq ZBTB42 genetically modified (insertion) using CRISPR targeting H. sapiens ZBTB42,.,TF ChIP-seq,EFO:0001187,HepG2,cell_line,child,encode,single,True,OutputType.CHIP_TF,,,ZBTB42
EFO:0001187 TF ChIP-seq ZBTB43 genetically modified (insertion) using CRISPR targeting H. sapiens ZBTB43,.,TF ChIP-seq,EFO:0001187,HepG2,cell_line,child,encode,single,True,OutputType.CHIP_TF,,,ZBTB43
EFO:0001187 TF ChIP-seq ZBTB7A genetically modified (insertion) using CRISPR targeting H. sapiens ZBTB7A,.,TF ChIP-seq,EFO:0001187,HepG2,cell_line,child,encode,single,True,OutputType.CHIP_TF,,,ZBTB7A
EFO:0001187 TF ChIP-seq ZBTB7B genetically modified (insertion) using CRISPR targeting H. sapiens ZBTB7B,.,TF ChIP-seq,EFO:0001187,HepG2,cell_line,child,encode,single,True,OutputType.CHIP_TF,,,ZBTB7B
EFO:0001187 TF ChIP-seq ZC3H13 genetically modified (insertion) using CRISPR targeting H. sapiens ZC3H13,.,TF ChIP-seq,EFO:0001187,HepG2,cell_line,child,encode,single,True,OutputType.CHIP_TF,,,ZC3H13
EFO:0001187 TF ChIP-seq ZC3H4 genetically modified (insertion) using CRISPR targeting H. sapiens ZC3H4,.,TF ChIP-seq,EFO:0001187,HepG2,cell_line,child,encode,single,True,OutputType.CHIP_TF,,,ZC3H4
EFO:0001187 TF ChIP-seq ZC3H8 genetically modified (insertion) using CRISPR targeting H. sapiens ZC3H8,.,TF ChIP-seq,EFO:0001187,HepG2,cell_line,child,encode,single,True,OutputType.CHIP_TF,,,ZC3H8
EFO:0001187 TF ChIP-seq ZFHX3 genetically modified (insertion) using CRISPR targeting H. sapiens ZFHX3,.,TF ChIP-seq,EFO:0001187,HepG2,cell_line,child,encode,single,True,OutputType.CHIP_TF,,,ZFHX3
EFO:0001187 TF ChIP-seq ZFP1 genetically modified (insertion) using CRISPR targeting H. sapiens ZFP1,.,TF ChIP-seq,EFO:0001187,HepG2,cell_line,child,encode,single,True,OutputType.CHIP_TF,,,ZFP1
EFO:0001187 TF ChIP-seq ZFP36L1 genetically modified (insertion) using CRISPR targeting H. sapiens ZFP36L1,.,TF ChIP-seq,EFO:0001187,HepG2,cell_line,child,encode,single,True,OutputType.CHIP_TF,,,ZFP36L1
EFO:0001187 TF ChIP-seq ZFP37 genetically modified (insertion) using CRISPR targeting H. sapiens ZFP37,.,TF ChIP-seq,EFO:0001187,HepG2,cell_line,child,encode,single,True,OutputType.CHIP_TF,,,ZFP37
EFO:0001187 TF ChIP-seq ZFP64 genetically modified (insertion) using CRISPR targeting H. sapiens ZFP64,.,TF ChIP-seq,EFO:0001187,HepG2,cell_line,child,encode,single,True,OutputType.CHIP_TF,,,ZFP64
EFO:0001187 TF ChIP-seq ZFP82 genetically modified (insertion) using CRISPR targeting H. sapiens ZFP82,.,TF ChIP-seq,EFO:0001187,HepG2,cell_line,child,encode,single,True,OutputType.CHIP_TF,,,ZFP82
EFO:0001187 TF ChIP-seq ZFP90 genetically modified (insertion) using CRISPR targeting H. sapiens ZFP90,.,TF ChIP-seq,EFO:0001187,HepG2,cell_line,child,encode,single,True,OutputType.CHIP_TF,,,ZFP90
EFO:0001187 TF ChIP-seq ZFP91 genetically modified (insertion) using CRISPR targeting H. sapiens ZFP91,.,TF ChIP-seq,EFO:0001187,HepG2,cell_line,child,encode,single,True,OutputType.CHIP_TF,,,ZFP91
EFO:0001187 TF ChIP-seq ZFX genetically modified (insertion) using CRISPR targeting H. sapiens ZFX,.,TF ChIP-seq,EFO:0001187,HepG2,cell_line,child,encode,single,True,OutputType.CHIP_TF,,,ZFX
EFO:0001187 TF ChIP-seq ZFY genetically modified (insertion) using CRISPR targeting H. sapiens ZFY,.,TF ChIP-seq,EFO:0001187,HepG2,cell_line,child,encode,single,True,OutputType.CHIP_TF,,,ZFY
EFO:0001187 TF ChIP-seq ZGPAT genetically modified (insertion) using CRISPR targeting H. sapiens ZGPAT,.,TF ChIP-seq,EFO:0001187,HepG2,cell_line,child,encode,single,True,OutputType.CHIP_TF,,,ZGPAT
EFO:0001187 TF ChIP-seq ZHX1 genetically modified (insertion) using CRISPR targeting H. sapiens ZHX1,.,TF ChIP-seq,EFO:0001187,HepG2,cell_line,child,encode,single,True,OutputType.CHIP_TF,,,ZHX1
EFO:0001187 TF ChIP-seq ZHX2,.,TF ChIP-seq,EFO:0001187,HepG2,cell_line,child,encode,single,False,OutputType.CHIP_TF,,,ZHX2
EFO:0001187 TF ChIP-seq ZIK1 genetically modified (insertion) using CRISPR targeting H. sapiens ZIK1,.,TF ChIP-seq,EFO:0001187,HepG2,cell_line,child,encode,single,True,OutputType.CHIP_TF,,,ZIK1
EFO:0001187 TF ChIP-seq ZKSCAN1,.,TF ChIP-seq,EFO:0001187,HepG2,cell_line,child,encode,single,False,OutputType.CHIP_TF,,,ZKSCAN1
EFO:0001187 TF ChIP-seq ZKSCAN8 genetically modified (insertion) using CRISPR targeting H. sapiens ZKSCAN8,.,TF ChIP-seq,EFO:0001187,HepG2,cell_line,child,encode,single,True,OutputType.CHIP_TF,,,ZKSCAN8
EFO:0001187 TF ChIP-seq ZMAT3 genetically modified (insertion) using CRISPR targeting H. sapiens ZMAT3,.,TF ChIP-seq,EFO:0001187,HepG2,cell_line,child,encode,single,True,OutputType.CHIP_TF,,,ZMAT3
EFO:0001187 TF ChIP-seq ZMYM2 genetically modified (insertion) using CRISPR targeting H. sapiens ZMYM2,.,TF ChIP-seq,EFO:0001187,HepG2,cell_line,child,encode,single,True,OutputType.CHIP_TF,,,ZMYM2
EFO:0001187 TF ChIP-seq ZMYM3,.,TF ChIP-seq,EFO:0001187,HepG2,cell_line,child,encode,single,False,OutputType.CHIP_TF,,,ZMYM3
EFO:0001187 TF ChIP-seq ZMYM3 genetically modified (insertion) using CRISPR targeting H. sapiens ZMYM3,.,TF ChIP-seq,EFO:0001187,HepG2,cell_line,child,encode,single,True,OutputType.CHIP_TF,,,ZMYM3
EFO:0001187 TF ChIP-seq ZMYM4 genetically modified (insertion) using CRISPR targeting H. sapiens ZMYM4,.,TF ChIP-seq,EFO:0001187,HepG2,cell_line,child,encode,single,True,OutputType.CHIP_TF,,,ZMYM4
EFO:0001187 TF ChIP-seq ZNF12 genetically modified (insertion) using CRISPR targeting H. sapiens ZNF12,.,TF ChIP-seq,EFO:0001187,HepG2,cell_line,child,encode,single,True,OutputType.CHIP_TF,,,ZNF12
EFO:0001187 TF ChIP-seq ZNF121 genetically modified (insertion) using CRISPR targeting H. sapiens ZNF121,.,TF ChIP-seq,EFO:0001187,HepG2,cell_line,child,encode,single,True,OutputType.CHIP_TF,,,ZNF121
EFO:0001187 TF ChIP-seq ZNF124 genetically modified (insertion) using CRISPR targeting H. sapiens ZNF124,.,TF ChIP-seq,EFO:0001187,HepG2,cell_line,child,encode,single,True,OutputType.CHIP_TF,,,ZNF124
EFO:0001187 TF ChIP-seq ZNF136 genetically modified (insertion) using CRISPR targeting H. sapiens ZNF136,.,TF ChIP-seq,EFO:0001187,HepG2,cell_line,child,encode,single,True,OutputType.CHIP_TF,,,ZNF136
EFO:0001187 TF ChIP-seq ZNF138 genetically modified (insertion) using CRISPR targeting H. sapiens ZNF138,.,TF ChIP-seq,EFO:0001187,HepG2,cell_line,child,encode,single,True,OutputType.CHIP_TF,,,ZNF138
EFO:0001187 TF ChIP-seq ZNF142 genetically modified (insertion) using CRISPR targeting H. sapiens ZNF142,.,TF ChIP-seq,EFO:0001187,HepG2,cell_line,child,encode,single,True,OutputType.CHIP_TF,,,ZNF142
EFO:0001187 TF ChIP-seq ZNF143 genetically modified (insertion) using CRISPR targeting H. sapiens ZNF143,.,TF ChIP-seq,EFO:0001187,HepG2,cell_line,child,encode,single,True,OutputType.CHIP_TF,,,ZNF143
EFO:0001187 TF ChIP-seq ZNF146 genetically modified (insertion) using CRISPR targeting H. sapiens ZNF146,.,TF ChIP-seq,EFO:0001187,HepG2,cell_line,child,encode,single,True,OutputType.CHIP_TF,,,ZNF146
EFO:0001187 TF ChIP-seq ZNF160 genetically modified (insertion) using CRISPR targeting H. sapiens ZNF160,.,TF ChIP-seq,EFO:0001187,HepG2,cell_line,child,encode,single,True,OutputType.CHIP_TF,,,ZNF160
EFO:0001187 TF ChIP-seq ZNF181 genetically modified (insertion) using CRISPR targeting H. sapiens ZNF181,.,TF ChIP-seq,EFO:0001187,HepG2,cell_line,child,encode,single,True,OutputType.CHIP_TF,,,ZNF181
EFO:0001187 TF ChIP-seq ZNF205 genetically modified (insertion) using CRISPR targeting H. sapiens ZNF205,.,TF ChIP-seq,EFO:0001187,HepG2,cell_line,child,encode,single,True,OutputType.CHIP_TF,,,ZNF205
EFO:0001187 TF ChIP-seq ZNF217 genetically modified (insertion) using CRISPR targeting H. sapiens ZNF217,.,TF ChIP-seq,EFO:0001187,HepG2,cell_line,child,encode,single,True,OutputType.CHIP_TF,,,ZNF217
EFO:0001187 TF ChIP-seq ZNF219 genetically modified (insertion) using CRISPR targeting H. sapiens ZNF219,.,TF ChIP-seq,EFO:0001187,HepG2,cell_line,child,encode,single,True,OutputType.CHIP_TF,,,ZNF219
EFO:0001187 TF ChIP-seq ZNF221 genetically modified (insertion) using CRISPR targeting H. sapiens ZNF221,.,TF ChIP-seq,EFO:0001187,HepG2,cell_line,child,encode,single,True,OutputType.CHIP_TF,,,ZNF221
EFO:0001187 TF ChIP-seq ZNF224 genetically modified (insertion) using CRISPR targeting H. sapiens ZNF224,.,TF ChIP-seq,EFO:0001187,HepG2,cell_line,child,encode,single,True,OutputType.CHIP_TF,,,ZNF224
EFO:0001187 TF ChIP-seq ZNF225 genetically modified (insertion) using CRISPR targeting H. sapiens ZNF225,.,TF ChIP-seq,EFO:0001187,HepG2,cell_line,child,encode,single,True,OutputType.CHIP_TF,,,ZNF225
EFO:0001187 TF ChIP-seq ZNF230 genetically modified (insertion) using CRISPR targeting H. sapiens ZNF230,.,TF ChIP-seq,EFO:0001187,HepG2,cell_line,child,encode,single,True,OutputType.CHIP_TF,,,ZNF230
EFO:0001187 TF ChIP-seq ZNF232 genetically modified (insertion) using CRISPR targeting H. sapiens ZNF232,.,TF ChIP-seq,EFO:0001187,HepG2,cell_line,child,encode,single,True,OutputType.CHIP_TF,,,ZNF232
EFO:0001187 TF ChIP-seq ZNF235 genetically modified (insertion) using CRISPR targeting H. sapiens ZNF235,.,TF ChIP-seq,EFO:0001187,HepG2,cell_line,child,encode,single,True,OutputType.CHIP_TF,,,ZNF235
EFO:0001187 TF ChIP-seq ZNF24,.,TF ChIP-seq,EFO:0001187,HepG2,cell_line,child,encode,paired,False,OutputType.CHIP_TF,,,ZNF24
EFO:0001187 TF ChIP-seq ZNF263 genetically modified (insertion) using CRISPR targeting H. sapiens ZNF263,.,TF ChIP-seq,EFO:0001187,HepG2,cell_line,child,encode,single,True,OutputType.CHIP_TF,,,ZNF263
EFO:0001187 TF ChIP-seq ZNF264 genetically modified (insertion) using CRISPR targeting H. sapiens ZNF264,.,TF ChIP-seq,EFO:0001187,HepG2,cell_line,child,encode,single,True,OutputType.CHIP_TF,,,ZNF264
EFO:0001187 TF ChIP-seq ZNF274 genetically modified (insertion) using CRISPR targeting H. sapiens ZNF274,.,TF ChIP-seq,EFO:0001187,HepG2,cell_line,child,encode,single,True,OutputType.CHIP_TF,,,ZNF274
EFO:0001187 TF ChIP-seq ZNF275 genetically modified (insertion) using CRISPR targeting H. sapiens ZNF275,.,TF ChIP-seq,EFO:0001187,HepG2,cell_line,child,encode,single,True,OutputType.CHIP_TF,,,ZNF275
EFO:0001187 TF ChIP-seq ZNF276 genetically modified (insertion) using CRISPR targeting H. sapiens ZNF276,.,TF ChIP-seq,EFO:0001187,HepG2,cell_line,child,encode,single,True,OutputType.CHIP_TF,,,ZNF276
EFO:0001187 TF ChIP-seq ZNF280B genetically modified (insertion) using CRISPR targeting H. sapiens ZNF280B,.,TF ChIP-seq,EFO:0001187,HepG2,cell_line,child,encode,single,True,OutputType.CHIP_TF,,,ZNF280B
EFO:0001187 TF ChIP-seq ZNF280D genetically modified (insertion) using CRISPR targeting H. sapiens ZNF280D,.,TF ChIP-seq,EFO:0001187,HepG2,cell_line,child,encode,single,True,OutputType.CHIP_TF,,,ZNF280D
EFO:0001187 TF ChIP-seq ZNF281 genetically modified (insertion) using CRISPR targeting H. sapiens ZNF281,.,TF ChIP-seq,EFO:0001187,HepG2,cell_line,child,encode,single,True,OutputType.CHIP_TF,,,ZNF281
EFO:0001187 TF ChIP-seq ZNF292 genetically modified (insertion) using CRISPR targeting H. sapiens ZNF292,.,TF ChIP-seq,EFO:0001187,HepG2,cell_line,child,encode,single,True,OutputType.CHIP_TF,,,ZNF292
EFO:0001187 TF ChIP-seq ZNF3 genetically modified (insertion) using CRISPR targeting H. sapiens ZNF3,.,TF ChIP-seq,EFO:0001187,HepG2,cell_line,child,encode,single,True,OutputType.CHIP_TF,,,ZNF3
EFO:0001187 TF ChIP-seq ZNF317 genetically modified (insertion) using CRISPR targeting H. sapiens ZNF317,.,TF ChIP-seq,EFO:0001187,HepG2,cell_line,child,encode,single,True,OutputType.CHIP_TF,,,ZNF317
EFO:0001187 TF ChIP-seq ZNF318 genetically modified (insertion) using CRISPR targeting H. sapiens ZNF318,.,TF ChIP-seq,EFO:0001187,HepG2,cell_line,child,encode,single,True,OutputType.CHIP_TF,,,ZNF318
EFO:0001187 TF ChIP-seq ZNF329 genetically modified (insertion) using CRISPR targeting H. sapiens ZNF329,.,TF ChIP-seq,EFO:0001187,HepG2,cell_line,child,encode,single,True,OutputType.CHIP_TF,,,ZNF329
EFO:0001187 TF ChIP-seq ZNF331 genetically modified (insertion) using CRISPR targeting H. sapiens ZNF331,.,TF ChIP-seq,EFO:0001187,HepG2,cell_line,child,encode,single,True,OutputType.CHIP_TF,,,ZNF331
EFO:0001187 TF ChIP-seq ZNF333 genetically modified (insertion) using CRISPR targeting H. sapiens ZNF333,.,TF ChIP-seq,EFO:0001187,HepG2,cell_line,child,encode,single,True,OutputType.CHIP_TF,,,ZNF333
EFO:0001187 TF ChIP-seq ZNF335 genetically modified (insertion) using CRISPR targeting H. sapiens ZNF335,.,TF ChIP-seq,EFO:0001187,HepG2,cell_line,child,encode,single,True,OutputType.CHIP_TF,,,ZNF335
EFO:0001187 TF ChIP-seq ZNF337 genetically modified (insertion) using CRISPR targeting H. sapiens ZNF337,.,TF ChIP-seq,EFO:0001187,HepG2,cell_line,child,encode,single,True,OutputType.CHIP_TF,,,ZNF337
EFO:0001187 TF ChIP-seq ZNF33B genetically modified (insertion) using CRISPR targeting H. sapiens ZNF33B,.,TF ChIP-seq,EFO:0001187,HepG2,cell_line,child,encode,single,True,OutputType.CHIP_TF,,,ZNF33B
EFO:0001187 TF ChIP-seq ZNF34 genetically modified (insertion) using CRISPR targeting H. sapiens ZNF34,.,TF ChIP-seq,EFO:0001187,HepG2,cell_line,child,encode,single,True,OutputType.CHIP_TF,,,ZNF34
EFO:0001187 TF ChIP-seq ZNF343 genetically modified (insertion) using CRISPR targeting H. sapiens ZNF343,.,TF ChIP-seq,EFO:0001187,HepG2,cell_line,child,encode,single,True,OutputType.CHIP_TF,,,ZNF343
EFO:0001187 TF ChIP-seq ZNF350 genetically modified (insertion) using CRISPR targeting H. sapiens ZNF350,.,TF ChIP-seq,EFO:0001187,HepG2,cell_line,child,encode,single,True,OutputType.CHIP_TF,,,ZNF350
EFO:0001187 TF ChIP-seq ZNF362 genetically modified (insertion) using CRISPR targeting H. sapiens ZNF362,.,TF ChIP-seq,EFO:0001187,HepG2,cell_line,child,encode,single,True,OutputType.CHIP_TF,,,ZNF362
EFO:0001187 TF ChIP-seq ZNF384,.,TF ChIP-seq,EFO:0001187,HepG2,cell_line,child,encode,single,False,OutputType.CHIP_TF,,,ZNF384
EFO:0001187 TF ChIP-seq ZNF414 genetically modified (insertion) using CRISPR targeting H. sapiens ZNF414,.,TF ChIP-seq,EFO:0001187,HepG2,cell_line,child,encode,single,True,OutputType.CHIP_TF,,,ZNF414
EFO:0001187 TF ChIP-seq ZNF430 genetically modified (insertion) using CRISPR targeting H. sapiens ZNF430,.,TF ChIP-seq,EFO:0001187,HepG2,cell_line,child,encode,single,True,OutputType.CHIP_TF,,,ZNF430
EFO:0001187 TF ChIP-seq ZNF431 genetically modified (insertion) using CRISPR targeting H. sapiens ZNF431,.,TF ChIP-seq,EFO:0001187,HepG2,cell_line,child,encode,single,True,OutputType.CHIP_TF,,,ZNF431
EFO:0001187 TF ChIP-seq ZNF44 genetically modified (insertion) using CRISPR targeting H. sapiens ZNF44,.,TF ChIP-seq,EFO:0001187,HepG2,cell_line,child,encode,single,True,OutputType.CHIP_TF,,,ZNF44
EFO:0001187 TF ChIP-seq ZNF441 genetically modified (insertion) using CRISPR targeting H. sapiens ZNF441,.,TF ChIP-seq,EFO:0001187,HepG2,cell_line,child,encode,single,True,OutputType.CHIP_TF,,,ZNF441
EFO:0001187 TF ChIP-seq ZNF446 genetically modified (insertion) using CRISPR targeting H. sapiens ZNF446,.,TF ChIP-seq,EFO:0001187,HepG2,cell_line,child,encode,single,True,OutputType.CHIP_TF,,,ZNF446
EFO:0001187 TF ChIP-seq ZNF451 genetically modified (insertion) using CRISPR targeting H. sapiens ZNF451,.,TF ChIP-seq,EFO:0001187,HepG2,cell_line,child,encode,single,True,OutputType.CHIP_TF,,,ZNF451
EFO:0001187 TF ChIP-seq ZNF460 genetically modified (insertion) using CRISPR targeting H. sapiens ZNF460,.,TF ChIP-seq,EFO:0001187,HepG2,cell_line,child,encode,single,True,OutputType.CHIP_TF,,,ZNF460
EFO:0001187 TF ChIP-seq ZNF48 genetically modified (insertion) using CRISPR targeting H. sapiens ZNF48,.,TF ChIP-seq,EFO:0001187,HepG2,cell_line,child,encode,single,True,OutputType.CHIP_TF,,,ZNF48
EFO:0001187 TF ChIP-seq ZNF483 genetically modified (insertion) using CRISPR targeting H. sapiens ZNF483,.,TF ChIP-seq,EFO:0001187,HepG2,cell_line,child,encode,single,True,OutputType.CHIP_TF,,,ZNF483
EFO:0001187 TF ChIP-seq ZNF485 genetically modified (insertion) using CRISPR targeting H. sapiens ZNF485,.,TF ChIP-seq,EFO:0001187,HepG2,cell_line,child,encode,single,True,OutputType.CHIP_TF,,,ZNF485
EFO:0001187 TF ChIP-seq ZNF501 genetically modified (insertion) using CRISPR targeting H. sapiens ZNF501,.,TF ChIP-seq,EFO:0001187,HepG2,cell_line,child,encode,single,True,OutputType.CHIP_TF,,,ZNF501
EFO:0001187 TF ChIP-seq ZNF503 genetically modified (insertion) using CRISPR targeting H. sapiens ZNF503,.,TF ChIP-seq,EFO:0001187,HepG2,cell_line,child,encode,single,True,OutputType.CHIP_TF,,,ZNF503
EFO:0001187 TF ChIP-seq ZNF510 genetically modified (insertion) using CRISPR targeting H. sapiens ZNF510,.,TF ChIP-seq,EFO:0001187,HepG2,cell_line,child,encode,single,True,OutputType.CHIP_TF,,,ZNF510
EFO:0001187 TF ChIP-seq ZNF511 genetically modified (insertion) using CRISPR targeting H. sapiens ZNF511,.,TF ChIP-seq,EFO:0001187,HepG2,cell_line,child,encode,single,True,OutputType.CHIP_TF,,,ZNF511
EFO:0001187 TF ChIP-seq ZNF512B genetically modified (insertion) using CRISPR targeting H. sapiens ZNF512B,.,TF ChIP-seq,EFO:0001187,HepG2,cell_line,child,encode,single,True,OutputType.CHIP_TF,,,ZNF512B
EFO:0001187 TF ChIP-seq ZNF526 genetically modified (insertion) using CRISPR targeting H. sapiens ZNF526,.,TF ChIP-seq,EFO:0001187,HepG2,cell_line,child,encode,single,True,OutputType.CHIP_TF,,,ZNF526
EFO:0001187 TF ChIP-seq ZNF527 genetically modified (insertion) using CRISPR targeting H. sapiens ZNF527,.,TF ChIP-seq,EFO:0001187,HepG2,cell_line,child,encode,single,True,OutputType.CHIP_TF,,,ZNF527
EFO:0001187 TF ChIP-seq ZNF543 genetically modified (insertion) using CRISPR targeting H. sapiens ZNF543,.,TF ChIP-seq,EFO:0001187,HepG2,cell_line,child,encode,single,True,OutputType.CHIP_TF,,,ZNF543
EFO:0001187 TF ChIP-seq ZNF546 genetically modified (insertion) using CRISPR targeting H. sapiens ZNF546,.,TF ChIP-seq,EFO:0001187,HepG2,cell_line,child,encode,single,True,OutputType.CHIP_TF,,,ZNF546
EFO:0001187 TF ChIP-seq ZNF547 genetically modified (insertion) using CRISPR targeting H. sapiens ZNF547,.,TF ChIP-seq,EFO:0001187,HepG2,cell_line,child,encode,single,True,OutputType.CHIP_TF,,,ZNF547
EFO:0001187 TF ChIP-seq ZNF548 genetically modified (insertion) using CRISPR targeting H. sapiens ZNF548,.,TF ChIP-seq,EFO:0001187,HepG2,cell_line,child,encode,single,True,OutputType.CHIP_TF,,,ZNF548
EFO:0001187 TF ChIP-seq ZNF552 genetically modified (insertion) using CRISPR targeting H. sapiens ZNF552,.,TF ChIP-seq,EFO:0001187,HepG2,cell_line,child,encode,single,True,OutputType.CHIP_TF,,,ZNF552
EFO:0001187 TF ChIP-seq ZNF556 genetically modified (insertion) using CRISPR targeting H. sapiens ZNF556,.,TF ChIP-seq,EFO:0001187,HepG2,cell_line,child,encode,single,True,OutputType.CHIP_TF,,,ZNF556
EFO:0001187 TF ChIP-seq ZNF558 genetically modified (insertion) using CRISPR targeting H. sapiens ZNF558,.,TF ChIP-seq,EFO:0001187,HepG2,cell_line,child,encode,single,True,OutputType.CHIP_TF,,,ZNF558
EFO:0001187 TF ChIP-seq ZNF563 genetically modified (insertion) using CRISPR targeting H. sapiens ZNF563,.,TF ChIP-seq,EFO:0001187,HepG2,cell_line,child,encode,single,True,OutputType.CHIP_TF,,,ZNF563
EFO:0001187 TF ChIP-seq ZNF564 genetically modified (insertion) using CRISPR targeting H. sapiens ZNF564,.,TF ChIP-seq,EFO:0001187,HepG2,cell_line,child,encode,single,True,OutputType.CHIP_TF,,,ZNF564
EFO:0001187 TF ChIP-seq ZNF567 genetically modified (insertion) using CRISPR targeting H. sapiens ZNF567,.,TF ChIP-seq,EFO:0001187,HepG2,cell_line,child,encode,single,True,OutputType.CHIP_TF,,,ZNF567
EFO:0001187 TF ChIP-seq ZNF572 genetically modified (insertion) using CRISPR targeting H. sapiens ZNF572,.,TF ChIP-seq,EFO:0001187,HepG2,cell_line,child,encode,single,True,OutputType.CHIP_TF,,,ZNF572
EFO:0001187 TF ChIP-seq ZNF574 genetically modified (insertion) using CRISPR targeting H. sapiens ZNF574,.,TF ChIP-seq,EFO:0001187,HepG2,cell_line,child,encode,single,True,OutputType.CHIP_TF,,,ZNF574
EFO:0001187 TF ChIP-seq ZNF580 genetically modified (insertion) using CRISPR targeting H. sapiens ZNF580,.,TF ChIP-seq,EFO:0001187,HepG2,cell_line,child,encode,single,True,OutputType.CHIP_TF,,,ZNF580
EFO:0001187 TF ChIP-seq ZNF589 genetically modified (insertion) using CRISPR targeting H. sapiens ZNF589,.,TF ChIP-seq,EFO:0001187,HepG2,cell_line,child,encode,single,True,OutputType.CHIP_TF,,,ZNF589
EFO:0001187 TF ChIP-seq ZNF598 genetically modified (insertion) using CRISPR targeting H. sapiens ZNF598,.,TF ChIP-seq,EFO:0001187,HepG2,cell_line,child,encode,single,True,OutputType.CHIP_TF,,,ZNF598
EFO:0001187 TF ChIP-seq ZNF605 genetically modified (insertion) using CRISPR targeting H. sapiens ZNF605,.,TF ChIP-seq,EFO:0001187,HepG2,cell_line,child,encode,single,True,OutputType.CHIP_TF,,,ZNF605
EFO:0001187 TF ChIP-seq ZNF607 genetically modified (insertion) using CRISPR targeting H. sapiens ZNF607,.,TF ChIP-seq,EFO:0001187,HepG2,cell_line,child,encode,single,True,OutputType.CHIP_TF,,,ZNF607
EFO:0001187 TF ChIP-seq ZNF608 genetically modified (insertion) using CRISPR targeting H. sapiens ZNF608,.,TF ChIP-seq,EFO:0001187,HepG2,cell_line,child,encode,single,True,OutputType.CHIP_TF,,,ZNF608
EFO:0001187 TF ChIP-seq ZNF609 genetically modified (insertion) using CRISPR targeting H. sapiens ZNF609,.,TF ChIP-seq,EFO:0001187,HepG2,cell_line,child,encode,single,True,OutputType.CHIP_TF,,,ZNF609
EFO:0001187 TF ChIP-seq ZNF614 genetically modified (insertion) using CRISPR targeting H. sapiens ZNF614,.,TF ChIP-seq,EFO:0001187,HepG2,cell_line,child,encode,single,True,OutputType.CHIP_TF,,,ZNF614
EFO:0001187 TF ChIP-seq ZNF616 genetically modified (insertion) using CRISPR targeting H. sapiens ZNF616,.,TF ChIP-seq,EFO:0001187,HepG2,cell_line,child,encode,single,True,OutputType.CHIP_TF,,,ZNF616
EFO:0001187 TF ChIP-seq ZNF619 genetically modified (insertion) using CRISPR targeting H. sapiens ZNF619,.,TF ChIP-seq,EFO:0001187,HepG2,cell_line,child,encode,single,True,OutputType.CHIP_TF,,,ZNF619
EFO:0001187 TF ChIP-seq ZNF629 genetically modified (insertion) using CRISPR targeting H. sapiens ZNF629,.,TF ChIP-seq,EFO:0001187,HepG2,cell_line,child,encode,single,True,OutputType.CHIP_TF,,,ZNF629
EFO:0001187 TF ChIP-seq ZNF639 genetically modified (insertion) using CRISPR targeting H. sapiens ZNF639,.,TF ChIP-seq,EFO:0001187,HepG2,cell_line,child,encode,single,True,OutputType.CHIP_TF,,,ZNF639
EFO:0001187 TF ChIP-seq ZNF644 genetically modified (insertion) using CRISPR targeting H. sapiens ZNF644,.,TF ChIP-seq,EFO:0001187,HepG2,cell_line,child,encode,single,True,OutputType.CHIP_TF,,,ZNF644
EFO:0001187 TF ChIP-seq ZNF646 genetically modified (insertion) using CRISPR targeting H. sapiens ZNF646,.,TF ChIP-seq,EFO:0001187,HepG2,cell_line,child,encode,single,True,OutputType.CHIP_TF,,,ZNF646
EFO:0001187 TF ChIP-seq ZNF652 genetically modified (insertion) using CRISPR targeting H. sapiens ZNF652,.,TF ChIP-seq,EFO:0001187,HepG2,cell_line,child,encode,single,True,OutputType.CHIP_TF,,,ZNF652
EFO:0001187 TF ChIP-seq ZNF670 genetically modified (insertion) using CRISPR targeting H. sapiens ZNF670,.,TF ChIP-seq,EFO:0001187,HepG2,cell_line,child,encode,single,True,OutputType.CHIP_TF,,,ZNF670
EFO:0001187 TF ChIP-seq ZNF687 genetically modified (insertion) using CRISPR targeting H. sapiens ZNF687,.,TF ChIP-seq,EFO:0001187,HepG2,cell_line,child,encode,single,True,OutputType.CHIP_TF,,,ZNF687
EFO:0001187 TF ChIP-seq ZNF691 genetically modified (insertion) using CRISPR targeting H. sapiens ZNF691,.,TF ChIP-seq,EFO:0001187,HepG2,cell_line,child,encode,single,True,OutputType.CHIP_TF,,,ZNF691
EFO:0001187 TF ChIP-seq ZNF697 genetically modified (insertion) using CRISPR targeting H. sapiens ZNF697,.,TF ChIP-seq,EFO:0001187,HepG2,cell_line,child,encode,single,True,OutputType.CHIP_TF,,,ZNF697
EFO:0001187 TF ChIP-seq ZNF703 genetically modified (insertion) using CRISPR targeting H. sapiens ZNF703,.,TF ChIP-seq,EFO:0001187,HepG2,cell_line,child,encode,single,True,OutputType.CHIP_TF,,,ZNF703
EFO:0001187 TF ChIP-seq ZNF704 genetically modified (insertion) using CRISPR targeting H. sapiens ZNF704,.,TF ChIP-seq,EFO:0001187,HepG2,cell_line,child,encode,single,True,OutputType.CHIP_TF,,,ZNF704
EFO:0001187 TF ChIP-seq ZNF709 genetically modified (insertion) using CRISPR targeting H. sapiens ZNF709,.,TF ChIP-seq,EFO:0001187,HepG2,cell_line,child,encode,single,True,OutputType.CHIP_TF,,,ZNF709
EFO:0001187 TF ChIP-seq ZNF710 genetically modified (insertion) using CRISPR targeting H. sapiens ZNF710,.,TF ChIP-seq,EFO:0001187,HepG2,cell_line,child,encode,single,True,OutputType.CHIP_TF,,,ZNF710
EFO:0001187 TF ChIP-seq ZNF724P genetically modified (insertion) using CRISPR targeting H. sapiens ZNF724,.,TF ChIP-seq,EFO:0001187,HepG2,cell_line,child,encode,single,True,OutputType.CHIP_TF,,,ZNF724P
EFO:0001187 TF ChIP-seq ZNF740 genetically modified (insertion) using CRISPR targeting H. sapiens ZNF740,.,TF ChIP-seq,EFO:0001187,HepG2,cell_line,child,encode,single,True,OutputType.CHIP_TF,,,ZNF740
EFO:0001187 TF ChIP-seq ZNF746 genetically modified (insertion) using CRISPR targeting H. sapiens ZNF746,.,TF ChIP-seq,EFO:0001187,HepG2,cell_line,child,encode,single,True,OutputType.CHIP_TF,,,ZNF746
EFO:0001187 TF ChIP-seq ZNF747 genetically modified (insertion) using CRISPR targeting H. sapiens ZNF747,.,TF ChIP-seq,EFO:0001187,HepG2,cell_line,child,encode,single,True,OutputType.CHIP_TF,,,ZNF747
EFO:0001187 TF ChIP-seq ZNF749 genetically modified (insertion) using CRISPR targeting H. sapiens ZNF749,.,TF ChIP-seq,EFO:0001187,HepG2,cell_line,child,encode,single,True,OutputType.CHIP_TF,,,ZNF749
EFO:0001187 TF ChIP-seq ZNF761 genetically modified (insertion) using CRISPR targeting H. sapiens ZNF761,.,TF ChIP-seq,EFO:0001187,HepG2,cell_line,child,encode,single,True,OutputType.CHIP_TF,,,ZNF761
EFO:0001187 TF ChIP-seq ZNF766 genetically modified (insertion) using CRISPR targeting H. sapiens ZNF766,.,TF ChIP-seq,EFO:0001187,HepG2,cell_line,child,encode,single,True,OutputType.CHIP_TF,,,ZNF766
EFO:0001187 TF ChIP-seq ZNF768 genetically modified (insertion) using CRISPR targeting H. sapiens ZNF768,.,TF ChIP-seq,EFO:0001187,HepG2,cell_line,child,encode,single,True,OutputType.CHIP_TF,,,ZNF768
EFO:0001187 TF ChIP-seq ZNF770 genetically modified (insertion) using CRISPR targeting H. sapiens ZNF770,.,TF ChIP-seq,EFO:0001187,HepG2,cell_line,child,encode,single,True,OutputType.CHIP_TF,,,ZNF770
EFO:0001187 TF ChIP-seq ZNF772 genetically modified (insertion) using CRISPR targeting H. sapiens ZNF772,.,TF ChIP-seq,EFO:0001187,HepG2,cell_line,child,encode,single,True,OutputType.CHIP_TF,,,ZNF772
EFO:0001187 TF ChIP-seq ZNF776 genetically modified (insertion) using CRISPR targeting H. sapiens ZNF776,.,TF ChIP-seq,EFO:0001187,HepG2,cell_line,child,encode,single,True,OutputType.CHIP_TF,,,ZNF776
EFO:0001187 TF ChIP-seq ZNF777 genetically modified (insertion) using CRISPR targeting H. sapiens ZNF777,.,TF ChIP-seq,EFO:0001187,HepG2,cell_line,child,encode,single,True,OutputType.CHIP_TF,,,ZNF777
EFO:0001187 TF ChIP-seq ZNF780A genetically modified (insertion) using CRISPR targeting H. sapiens ZNF780A,.,TF ChIP-seq,EFO:0001187,HepG2,cell_line,child,encode,single,True,OutputType.CHIP_TF,,,ZNF780A
EFO:0001187 TF ChIP-seq ZNF782 genetically modified (insertion) using CRISPR targeting H. sapiens ZNF782,.,TF ChIP-seq,EFO:0001187,HepG2,cell_line,child,encode,single,True,OutputType.CHIP_TF,,,ZNF782
EFO:0001187 TF ChIP-seq ZNF784 genetically modified (insertion) using CRISPR targeting H. sapiens ZNF784,.,TF ChIP-seq,EFO:0001187,HepG2,cell_line,child,encode,single,True,OutputType.CHIP_TF,,,ZNF784
EFO:0001187 TF ChIP-seq ZNF786 genetically modified (insertion) using CRISPR targeting H. sapiens ZNF786,.,TF ChIP-seq,EFO:0001187,HepG2,cell_line,child,encode,single,True,OutputType.CHIP_TF,,,ZNF786
EFO:0001187 TF ChIP-seq ZNF788 genetically modified (insertion) using CRISPR targeting H. sapiens ZNF788P,.,TF ChIP-seq,EFO:0001187,HepG2,cell_line,child,encode,single,True,OutputType.CHIP_TF,,,ZNF788
EFO:0001187 TF ChIP-seq ZNF790 genetically modified (insertion) using CRISPR targeting H. sapiens ZNF790,.,TF ChIP-seq,EFO:0001187,HepG2,cell_line,child,encode,single,True,OutputType.CHIP_TF,,,ZNF790
EFO:0001187 TF ChIP-seq ZNF792 genetically modified (insertion) using CRISPR targeting H. sapiens ZNF792,.,TF ChIP-seq,EFO:0001187,HepG2,cell_line,child,encode,single,True,OutputType.CHIP_TF,,,ZNF792
EFO:0001187 TF ChIP-seq ZNF800 genetically modified (insertion) using CRISPR targeting H. sapiens ZNF800,.,TF ChIP-seq,EFO:0001187,HepG2,cell_line,child,encode,single,True,OutputType.CHIP_TF,,,ZNF800
EFO:0001187 TF ChIP-seq ZNF816 genetically modified (insertion) using CRISPR targeting H. sapiens ZNF816,.,TF ChIP-seq,EFO:0001187,HepG2,cell_line,child,encode,single,True,OutputType.CHIP_TF,,,ZNF816
EFO:0001187 TF ChIP-seq ZNF827 genetically modified (insertion) using CRISPR targeting H. sapiens ZNF827,.,TF ChIP-seq,EFO:0001187,HepG2,cell_line,child,encode,single,True,OutputType.CHIP_TF,,,ZNF827
EFO:0001187 TF ChIP-seq ZNF83 genetically modified (insertion) using CRISPR targeting H. sapiens ZNF83,.,TF ChIP-seq,EFO:0001187,HepG2,cell_line,child,encode,single,True,OutputType.CHIP_TF,,,ZNF83
EFO:0001187 TF ChIP-seq ZNF839 genetically modified (insertion) using CRISPR targeting H. sapiens ZNF839,.,TF ChIP-seq,EFO:0001187,HepG2,cell_line,child,encode,single,True,OutputType.CHIP_TF,,,ZNF839
EFO:0001187 TF ChIP-seq ZNF865 genetically modified (insertion) using CRISPR targeting H. sapiens ZNF865,.,TF ChIP-seq,EFO:0001187,HepG2,cell_line,child,encode,single,True,OutputType.CHIP_TF,,,ZNF865
EFO:0001187 TF ChIP-seq ZNF878 genetically modified (insertion) using CRISPR targeting H. sapiens ZNF878,.,TF ChIP-seq,EFO:0001187,HepG2,cell_line,child,encode,single,True,OutputType.CHIP_TF,,,ZNF878
EFO:0001187 TF ChIP-seq ZNF879 genetically modified (insertion) using CRISPR targeting H. sapiens ZNF879,.,TF ChIP-seq,EFO:0001187,HepG2,cell_line,child,encode,single,True,OutputType.CHIP_TF,,,ZNF879
EFO:0001187 TF ChIP-seq ZNF891 genetically modified (insertion) using CRISPR targeting H. sapiens ZNF891,.,TF ChIP-seq,EFO:0001187,HepG2,cell_line,child,encode,single,True,OutputType.CHIP_TF,,,ZNF891
EFO:0001187 TF ChIP-seq ZSCAN20 genetically modified (insertion) using CRISPR targeting H. sapiens ZSCAN20,.,TF ChIP-seq,EFO:0001187,HepG2,cell_line,child,encode,single,True,OutputType.CHIP_TF,,,ZSCAN20
EFO:0001187 TF ChIP-seq ZSCAN21 genetically modified (insertion) using CRISPR targeting H. sapiens ZSCAN21,.,TF ChIP-seq,EFO:0001187,HepG2,cell_line,child,encode,single,True,OutputType.CHIP_TF,,,ZSCAN21
EFO:0001187 TF ChIP-seq ZSCAN22 genetically modified (insertion) using CRISPR targeting H. sapiens ZSCAN22,.,TF ChIP-seq,EFO:0001187,HepG2,cell_line,child,encode,single,True,OutputType.CHIP_TF,,,ZSCAN22
EFO:0001187 TF ChIP-seq ZSCAN25 genetically modified (insertion) using CRISPR targeting H. sapiens ZSCAN25,.,TF ChIP-seq,EFO:0001187,HepG2,cell_line,child,encode,single,True,OutputType.CHIP_TF,,,ZSCAN25
EFO:0001187 TF ChIP-seq ZSCAN29 genetically modified (insertion) using CRISPR targeting H. sapiens ZSCAN29,.,TF ChIP-seq,EFO:0001187,HepG2,cell_line,child,encode,single,True,OutputType.CHIP_TF,,,ZSCAN29
EFO:0001187 TF ChIP-seq ZSCAN31 genetically modified (insertion) using CRISPR targeting H. sapiens ZSCAN31,.,TF ChIP-seq,EFO:0001187,HepG2,cell_line,child,encode,single,True,OutputType.CHIP_TF,,,ZSCAN31
EFO:0001187 TF ChIP-seq ZSCAN5A genetically modified (insertion) using CRISPR targeting H. sapiens ZSCAN5A,.,TF ChIP-seq,EFO:0001187,HepG2,cell_line,child,encode,single,True,OutputType.CHIP_TF,,,ZSCAN5A
EFO:0001187 TF ChIP-seq ZSCAN9 genetically modified (insertion) using CRISPR targeting H. sapiens ZSCAN9,.,TF ChIP-seq,EFO:0001187,HepG2,cell_line,child,encode,single,True,OutputType.CHIP_TF,,,ZSCAN9
EFO:0001187 TF ChIP-seq ZXDC genetically modified (insertion) using CRISPR targeting H. sapiens ZXDC,.,TF ChIP-seq,EFO:0001187,HepG2,cell_line,child,encode,single,True,OutputType.CHIP_TF,,,ZXDC
EFO:0001187 TF ChIP-seq ZZZ3 genetically modified (insertion) using CRISPR targeting H. sapiens ZZZ3,.,TF ChIP-seq,EFO:0001187,HepG2,cell_line,child,encode,single,True,OutputType.CHIP_TF,,,ZZZ3
EFO:0001196 TF ChIP-seq BHLHE40,.,TF ChIP-seq,EFO:0001196,IMR-90,cell_line,embryonic,encode,single,False,OutputType.CHIP_TF,,,BHLHE40
EFO:0001196 TF ChIP-seq CEBPB,.,TF ChIP-seq,EFO:0001196,IMR-90,cell_line,embryonic,encode,single,False,OutputType.CHIP_TF,,,CEBPB
EFO:0001196 TF ChIP-seq CTCF,.,TF ChIP-seq,EFO:0001196,IMR-90,cell_line,embryonic,encode,single,False,OutputType.CHIP_TF,,,CTCF
EFO:0001196 TF ChIP-seq FOS,.,TF ChIP-seq,EFO:0001196,IMR-90,cell_line,embryonic,encode,single,False,OutputType.CHIP_TF,,,FOS
EFO:0001196 TF ChIP-seq MAFK,.,TF ChIP-seq,EFO:0001196,IMR-90,cell_line,embryonic,encode,single,False,OutputType.CHIP_TF,,,MAFK
EFO:0001196 TF ChIP-seq MAZ,.,TF ChIP-seq,EFO:0001196,IMR-90,cell_line,embryonic,encode,single,False,OutputType.CHIP_TF,,,MAZ
EFO:0001196 TF ChIP-seq MXI1,.,TF ChIP-seq,EFO:0001196,IMR-90,cell_line,embryonic,encode,single,False,OutputType.CHIP_TF,,,MXI1
EFO:0001196 TF ChIP-seq NFE2L2,.,TF ChIP-seq,EFO:0001196,IMR-90,cell_line,embryonic,encode,single,False,OutputType.CHIP_TF,,,NFE2L2
EFO:0001196 TF ChIP-seq POLR2A,.,TF ChIP-seq,EFO:0001196,IMR-90,cell_line,embryonic,encode,single,False,OutputType.CHIP_TF,,,POLR2A
EFO:0001196 TF ChIP-seq RAD21,.,TF ChIP-seq,EFO:0001196,IMR-90,cell_line,embryonic,encode,single,False,OutputType.CHIP_TF,,,RAD21
EFO:0001196 TF ChIP-seq SMC3,.,TF ChIP-seq,EFO:0001196,IMR-90,cell_line,embryonic,encode,single,False,OutputType.CHIP_TF,,,SMC3
EFO:0001196 TF ChIP-seq USF2,.,TF ChIP-seq,EFO:0001196,IMR-90,cell_line,embryonic,encode,single,False,OutputType.CHIP_TF,,,USF2
EFO:0001200 TF ChIP-seq CTCF,.,TF ChIP-seq,EFO:0001200,MCF 10A,cell_line,adult,encode,single,False,OutputType.CHIP_TF,,,CTCF
EFO:0001203 TF ChIP-seq ATF7,.,TF ChIP-seq,EFO:0001203,MCF-7,cell_line,adult,encode,paired,False,OutputType.CHIP_TF,,,ATF7
EFO:0001203 TF ChIP-seq BMI1,.,TF ChIP-seq,EFO:0001203,MCF-7,cell_line,adult,encode,paired,False,OutputType.CHIP_TF,,,BMI1
EFO:0001203 TF ChIP-seq CEBPB,.,TF ChIP-seq,EFO:0001203,MCF-7,cell_line,adult,encode,single,False,OutputType.CHIP_TF,,,CEBPB
EFO:0001203 TF ChIP-seq CEBPG stably expressing C-terminal eGFP-tagged CEBPG,.,TF ChIP-seq,EFO:0001203,MCF-7,cell_line,adult,encode,single,True,OutputType.CHIP_TF,,,CEBPG
EFO:0001203 TF ChIP-seq CHD1,.,TF ChIP-seq,EFO:0001203,MCF-7,cell_line,adult,encode,paired,False,OutputType.CHIP_TF,,,CHD1
EFO:0001203 TF ChIP-seq CLOCK,.,TF ChIP-seq,EFO:0001203,MCF-7,cell_line,adult,encode,paired,False,OutputType.CHIP_TF,,,CLOCK
EFO:0001203 TF ChIP-seq CREB1,.,TF ChIP-seq,EFO:0001203,MCF-7,cell_line,adult,encode,paired,False,OutputType.CHIP_TF,,,CREB1
EFO:0001203 TF ChIP-seq CTBP1,.,TF ChIP-seq,EFO:0001203,MCF-7,cell_line,adult,encode,paired,False,OutputType.CHIP_TF,,,CTBP1
EFO:0001203 TF ChIP-seq CTCF,.,TF ChIP-seq,EFO:0001203,MCF-7,cell_line,adult,encode,single,False,OutputType.CHIP_TF,,,CTCF
EFO:0001203 TF ChIP-seq CUX1,.,TF ChIP-seq,EFO:0001203,MCF-7,cell_line,adult,encode,paired,False,OutputType.CHIP_TF,,,CUX1
EFO:0001203 TF ChIP-seq DPF2,.,TF ChIP-seq,EFO:0001203,MCF-7,cell_line,adult,encode,paired,False,OutputType.CHIP_TF,,,DPF2
EFO:0001203 TF ChIP-seq E2F1 stably expressing N-terminal HA-tagged E2F1,.,TF ChIP-seq,EFO:0001203,MCF-7,cell_line,adult,encode,single,True,OutputType.CHIP_TF,,,E2F1
EFO:0001203 TF ChIP-seq EGR1,.,TF ChIP-seq,EFO:0001203,MCF-7,cell_line,adult,encode,single,False,OutputType.CHIP_TF,,,EGR1
EFO:0001203 TF ChIP-seq ELF1,.,TF ChIP-seq,EFO:0001203,MCF-7,cell_line,adult,encode,paired,False,OutputType.CHIP_TF,,,ELF1
EFO:0001203 TF ChIP-seq ELK1,.,TF ChIP-seq,EFO:0001203,MCF-7,cell_line,adult,encode,paired,False,OutputType.CHIP_TF,,,ELK1
EFO:0001203 TF ChIP-seq EP300,.,TF ChIP-seq,EFO:0001203,MCF-7,cell_line,adult,encode,single,False,OutputType.CHIP_TF,,,EP300
EFO:0001203 TF ChIP-seq ESR1 genetically modified (insertion) using CRISPR targeting H. sapiens ESR1,.,TF ChIP-seq,EFO:0001203,MCF-7,cell_line,adult,encode,paired,True,OutputType.CHIP_TF,,,ESR1
EFO:0001203 TF ChIP-seq FOS,.,TF ChIP-seq,EFO:0001203,MCF-7,cell_line,adult,encode,paired,False,OutputType.CHIP_TF,,,FOS
EFO:0001203 TF ChIP-seq FOSL2,.,TF ChIP-seq,EFO:0001203,MCF-7,cell_line,adult,encode,single,False,OutputType.CHIP_TF,,,FOSL2
EFO:0001203 TF ChIP-seq FOSL2 stably expressing C-terminal eGFP-tagged FOSL2,.,TF ChIP-seq,EFO:0001203,MCF-7,cell_line,adult,encode,single,True,OutputType.CHIP_TF,,,FOSL2
EFO:0001203 TF ChIP-seq FOXA1,.,TF ChIP-seq,EFO:0001203,MCF-7,cell_line,adult,encode,paired,False,OutputType.CHIP_TF,,,FOXA1
EFO:0001203 TF ChIP-seq FOXM1,.,TF ChIP-seq,EFO:0001203,MCF-7,cell_line,adult,encode,single,False,OutputType.CHIP_TF,,,FOXM1
EFO:0001203 TF ChIP-seq GABPA,.,TF ChIP-seq,EFO:0001203,MCF-7,cell_line,adult,encode,single,False,OutputType.CHIP_TF,,,GABPA
EFO:0001203 TF ChIP-seq GATA3,.,TF ChIP-seq,EFO:0001203,MCF-7,cell_line,adult,encode,single,False,OutputType.CHIP_TF,,,GATA3
EFO:0001203 TF ChIP-seq HCFC1,.,TF ChIP-seq,EFO:0001203,MCF-7,cell_line,adult,encode,paired,False,OutputType.CHIP_TF,,,HCFC1
EFO:0001203 TF ChIP-seq HDAC2,.,TF ChIP-seq,EFO:0001203,MCF-7,cell_line,adult,encode,single,False,OutputType.CHIP_TF,,,HDAC2
EFO:0001203 TF ChIP-seq JUND,.,TF ChIP-seq,EFO:0001203,MCF-7,cell_line,adult,encode,single,False,OutputType.CHIP_TF,,,JUND
EFO:0001203 TF ChIP-seq KLF4 stably expressing C-terminal eGFP-tagged KLF4,.,TF ChIP-seq,EFO:0001203,MCF-7,cell_line,adult,encode,single,True,OutputType.CHIP_TF,,,KLF4
EFO:0001203 TF ChIP-seq KLF9 stably expressing C-terminal eGFP-tagged KLF9,.,TF ChIP-seq,EFO:0001203,MCF-7,cell_line,adult,encode,single,True,OutputType.CHIP_TF,,,KLF9
EFO:0001203 TF ChIP-seq MAFK,.,TF ChIP-seq,EFO:0001203,MCF-7,cell_line,adult,encode,paired,False,OutputType.CHIP_TF,,,MAFK
EFO:0001203 TF ChIP-seq MAX,.,TF ChIP-seq,EFO:0001203,MCF-7,cell_line,adult,encode,single,False,OutputType.CHIP_TF,,,MAX
EFO:0001203 TF ChIP-seq MAZ,.,TF ChIP-seq,EFO:0001203,MCF-7,cell_line,adult,encode,paired,False,OutputType.CHIP_TF,,,MAZ
EFO:0001203 TF ChIP-seq MBD2,.,TF ChIP-seq,EFO:0001203,MCF-7,cell_line,adult,encode,single,False,OutputType.CHIP_TF,,,MBD2
EFO:0001203 TF ChIP-seq MNT,.,TF ChIP-seq,EFO:0001203,MCF-7,cell_line,adult,encode,paired,False,OutputType.CHIP_TF,,,MNT
EFO:0001203 TF ChIP-seq MSX2 genetically modified (insertion) using CRISPR targeting H. sapiens MSX2,.,TF ChIP-seq,EFO:0001203,MCF-7,cell_line,adult,encode,paired,True,OutputType.CHIP_TF,,,MSX2
EFO:0001203 TF ChIP-seq MYC,.,TF ChIP-seq,EFO:0001203,MCF-7,cell_line,adult,encode,single,False,OutputType.CHIP_TF,,,MYC
EFO:0001203 TF ChIP-seq NCOA3,.,TF ChIP-seq,EFO:0001203,MCF-7,cell_line,adult,encode,paired,False,OutputType.CHIP_TF,,,NCOA3
EFO:0001203 TF ChIP-seq NFIB,.,TF ChIP-seq,EFO:0001203,MCF-7,cell_line,adult,encode,paired,False,OutputType.CHIP_TF,,,NFIB
EFO:0001203 TF ChIP-seq NR2F2,.,TF ChIP-seq,EFO:0001203,MCF-7,cell_line,adult,encode,single,False,OutputType.CHIP_TF,,,NR2F2
EFO:0001203 TF ChIP-seq NRF1,.,TF ChIP-seq,EFO:0001203,MCF-7,cell_line,adult,encode,paired,False,OutputType.CHIP_TF,,,NRF1
EFO:0001203 TF ChIP-seq OVOL1 genetically modified (insertion) using CRISPR targeting H. sapiens OVOL1,.,TF ChIP-seq,EFO:0001203,MCF-7,cell_line,adult,encode,paired,True,OutputType.CHIP_TF,,,OVOL1
EFO:0001203 TF ChIP-seq PKNOX1,.,TF ChIP-seq,EFO:0001203,MCF-7,cell_line,adult,encode,paired,False,OutputType.CHIP_TF,,,PKNOX1
EFO:0001203 TF ChIP-seq PML,.,TF ChIP-seq,EFO:0001203,MCF-7,cell_line,adult,encode,single,False,OutputType.CHIP_TF,,,PML
EFO:0001203 TF ChIP-seq POLR2A,.,TF ChIP-seq,EFO:0001203,MCF-7,cell_line,adult,encode,single,False,OutputType.CHIP_TF,,,POLR2A
EFO:0001203 TF ChIP-seq RAD21,.,TF ChIP-seq,EFO:0001203,MCF-7,cell_line,adult,encode,single,False,OutputType.CHIP_TF,,,RAD21
EFO:0001203 TF ChIP-seq RAD21 genetically modified (insertion) using CRISPR targeting H. sapiens RAD21,.,TF ChIP-seq,EFO:0001203,MCF-7,cell_line,adult,encode,single,True,OutputType.CHIP_TF,,,RAD21
EFO:0001203 TF ChIP-seq RAD51,.,TF ChIP-seq,EFO:0001203,MCF-7,cell_line,adult,encode,paired,False,OutputType.CHIP_TF,,,RAD51
EFO:0001203 TF ChIP-seq REST,.,TF ChIP-seq,EFO:0001203,MCF-7,cell_line,adult,encode,single,False,OutputType.CHIP_TF,,,REST
EFO:0001203 TF ChIP-seq RFX1,.,TF ChIP-seq,EFO:0001203,MCF-7,cell_line,adult,encode,paired,False,OutputType.CHIP_TF,,,RFX1
EFO:0001203 TF ChIP-seq RFX5,.,TF ChIP-seq,EFO:0001203,MCF-7,cell_line,adult,encode,paired,False,OutputType.CHIP_TF,,,RFX5
EFO:0001203 TF ChIP-seq SIN3A,.,TF ChIP-seq,EFO:0001203,MCF-7,cell_line,adult,encode,paired,False,OutputType.CHIP_TF,,,SIN3A
EFO:0001203 TF ChIP-seq SMARCE1,.,TF ChIP-seq,EFO:0001203,MCF-7,cell_line,adult,encode,paired,False,OutputType.CHIP_TF,,,SMARCE1
EFO:0001203 TF ChIP-seq SPDEF genetically modified (insertion) using CRISPR targeting H. sapiens SPDEF,.,TF ChIP-seq,EFO:0001203,MCF-7,cell_line,adult,encode,paired,True,OutputType.CHIP_TF,,,SPDEF
EFO:0001203 TF ChIP-seq SRF,.,TF ChIP-seq,EFO:0001203,MCF-7,cell_line,adult,encode,single,False,OutputType.CHIP_TF,,,SRF
EFO:0001203 TF ChIP-seq SUZ12,.,TF ChIP-seq,EFO:0001203,MCF-7,cell_line,adult,encode,paired,False,OutputType.CHIP_TF,,,SUZ12
EFO:0001203 TF ChIP-seq TAF1,.,TF ChIP-seq,EFO:0001203,MCF-7,cell_line,adult,encode,single,False,OutputType.CHIP_TF,,,TAF1
EFO:0001203 TF ChIP-seq TARDBP,.,TF ChIP-seq,EFO:0001203,MCF-7,cell_line,adult,encode,paired,False,OutputType.CHIP_TF,,,TARDBP
EFO:0001203 TF ChIP-seq TCF12,.,TF ChIP-seq,EFO:0001203,MCF-7,cell_line,adult,encode,single,False,OutputType.CHIP_TF,,,TCF12
EFO:0001203 TF ChIP-seq TCF7L2,.,TF ChIP-seq,EFO:0001203,MCF-7,cell_line,adult,encode,single,False,OutputType.CHIP_TF,,,TCF7L2
EFO:0001203 TF ChIP-seq TEAD4,.,TF ChIP-seq,EFO:0001203,MCF-7,cell_line,adult,encode,single,False,OutputType.CHIP_TF,,,TEAD4
EFO:0001203 TF ChIP-seq TOE1,.,TF ChIP-seq,EFO:0001203,MCF-7,cell_line,adult,encode,paired,False,OutputType.CHIP_TF,,,TOE1
EFO:0001203 TF ChIP-seq TRIM22,.,TF ChIP-seq,EFO:0001203,MCF-7,cell_line,adult,encode,paired,False,OutputType.CHIP_TF,,,TRIM22
EFO:0001203 TF ChIP-seq ZBTB40,.,TF ChIP-seq,EFO:0001203,MCF-7,cell_line,adult,encode,paired,False,OutputType.CHIP_TF,,,ZBTB40
EFO:0001203 TF ChIP-seq ZFX,.,TF ChIP-seq,EFO:0001203,MCF-7,cell_line,adult,encode,paired,False,OutputType.CHIP_TF,,,ZFX
EFO:0001203 TF ChIP-seq ZHX2,.,TF ChIP-seq,EFO:0001203,MCF-7,cell_line,adult,encode,single,False,OutputType.CHIP_TF,,,ZHX2
EFO:0001203 TF ChIP-seq ZNF217,.,TF ChIP-seq,EFO:0001203,MCF-7,cell_line,adult,encode,paired,False,OutputType.CHIP_TF,,,ZNF217
EFO:0001203 TF ChIP-seq ZNF24,.,TF ChIP-seq,EFO:0001203,MCF-7,cell_line,adult,encode,paired,False,OutputType.CHIP_TF,,,ZNF24
EFO:0001203 TF ChIP-seq ZNF444,.,TF ChIP-seq,EFO:0001203,MCF-7,cell_line,adult,encode,paired,False,OutputType.CHIP_TF,,,ZNF444
EFO:0001203 TF ChIP-seq ZNF574,.,TF ChIP-seq,EFO:0001203,MCF-7,cell_line,adult,encode,paired,False,OutputType.CHIP_TF,,,ZNF574
EFO:0001203 TF ChIP-seq ZNF579,.,TF ChIP-seq,EFO:0001203,MCF-7,cell_line,adult,encode,paired,False,OutputType.CHIP_TF,,,ZNF579
EFO:0001203 TF ChIP-seq ZNF687,.,TF ChIP-seq,EFO:0001203,MCF-7,cell_line,adult,encode,paired,False,OutputType.CHIP_TF,,,ZNF687
EFO:0001247 TF ChIP-seq JUND,.,TF ChIP-seq,EFO:0001247,T47D,cell_line,adult,encode,single,False,OutputType.CHIP_TF,,,JUND
EFO:0001260 TF ChIP-seq CTCF,.,TF ChIP-seq,EFO:0001260,WI38,cell_line,unknown,encode,single,False,OutputType.CHIP_TF,,,CTCF
EFO:0002067 TF ChIP-seq ADNP stably expressing C-terminal eGFP-tagged ADNP,.,TF ChIP-seq,EFO:0002067,K562,cell_line,adult,encode,single,True,OutputType.CHIP_TF,,,ADNP
EFO:0002067 TF ChIP-seq AFF1,.,TF ChIP-seq,EFO:0002067,K562,cell_line,adult,encode,paired,False,OutputType.CHIP_TF,,,AFF1
EFO:0002067 TF ChIP-seq AFF4 genetically modified (insertion) using CRISPR targeting H. sapiens AFF4,.,TF ChIP-seq,EFO:0002067,K562,cell_line,adult,encode,single,True,OutputType.CHIP_TF,,,AFF4
EFO:0002067 TF ChIP-seq AGO1,.,TF ChIP-seq,EFO:0002067,K562,cell_line,adult,encode,single,False,OutputType.CHIP_TF,,,AGO1
EFO:0002067 TF ChIP-seq ARID1B,.,TF ChIP-seq,EFO:0002067,K562,cell_line,adult,encode,paired,False,OutputType.CHIP_TF,,,ARID1B
EFO:0002067 TF ChIP-seq ARID3A,.,TF ChIP-seq,EFO:0002067,K562,cell_line,adult,encode,single,False,OutputType.CHIP_TF,,,ARID3A
EFO:0002067 TF ChIP-seq ARID4B genetically modified (insertion) using CRISPR targeting H. sapiens ARID4B,.,TF ChIP-seq,EFO:0002067,K562,cell_line,adult,encode,single,True,OutputType.CHIP_TF,,,ARID4B
EFO:0002067 TF ChIP-seq ARNT,.,TF ChIP-seq,EFO:0002067,K562,cell_line,adult,encode,paired,False,OutputType.CHIP_TF,,,ARNT
EFO:0002067 TF ChIP-seq ASH1L,.,TF ChIP-seq,EFO:0002067,K562,cell_line,adult,encode,paired,False,OutputType.CHIP_TF,,,ASH1L
EFO:0002067 TF ChIP-seq ATF1,.,TF ChIP-seq,EFO:0002067,K562,cell_line,adult,encode,single,False,OutputType.CHIP_TF,,,ATF1
EFO:0002067 TF ChIP-seq ATF1 genetically modified (insertion) using CRISPR targeting H. sapiens ATF1,.,TF ChIP-seq,EFO:0002067,K562,cell_line,adult,encode,single,True,OutputType.CHIP_TF,,,ATF1
EFO:0002067 TF ChIP-seq ATF1 stably expressing C-terminal eGFP-tagged ATF1,.,TF ChIP-seq,EFO:0002067,K562,cell_line,adult,encode,paired,True,OutputType.CHIP_TF,,,ATF1
EFO:0002067 TF ChIP-seq ATF2,.,TF ChIP-seq,EFO:0002067,K562,cell_line,adult,encode,paired,False,OutputType.CHIP_TF,,,ATF2
EFO:0002067 TF ChIP-seq ATF3,.,TF ChIP-seq,EFO:0002067,K562,cell_line,adult,encode,paired,False,OutputType.CHIP_TF,,,ATF3
EFO:0002067 TF ChIP-seq ATF3 genetically modified (insertion) using CRISPR targeting H. sapiens ATF3,.,TF ChIP-seq,EFO:0002067,K562,cell_line,adult,encode,single,True,OutputType.CHIP_TF,,,ATF3
EFO:0002067 TF ChIP-seq ATF3 stably expressing C-terminal eGFP-tagged ATF3,.,TF ChIP-seq,EFO:0002067,K562,cell_line,adult,encode,paired,True,OutputType.CHIP_TF,,,ATF3
EFO:0002067 TF ChIP-seq ATF4,.,TF ChIP-seq,EFO:0002067,K562,cell_line,adult,encode,paired,False,OutputType.CHIP_TF,,,ATF4
EFO:0002067 TF ChIP-seq ATF4 genetically modified (insertion) using CRISPR targeting H. sapiens ATF4,.,TF ChIP-seq,EFO:0002067,K562,cell_line,adult,encode,paired,True,OutputType.CHIP_TF,,,ATF4
EFO:0002067 TF ChIP-seq ATF7,.,TF ChIP-seq,EFO:0002067,K562,cell_line,adult,encode,paired,False,OutputType.CHIP_TF,,,ATF7
EFO:0002067 TF ChIP-seq BACH1 stably expressing N-terminal eGFP-tagged BACH1,.,TF ChIP-seq,EFO:0002067,K562,cell_line,adult,encode,single,True,OutputType.CHIP_TF,,,BACH1
EFO:0002067 TF ChIP-seq BCLAF1,.,TF ChIP-seq,EFO:0002067,K562,cell_line,adult,encode,single,False,OutputType.CHIP_TF,,,BCLAF1
EFO:0002067 TF ChIP-seq BCOR,.,TF ChIP-seq,EFO:0002067,K562,cell_line,adult,encode,paired,False,OutputType.CHIP_TF,,,BCOR
EFO:0002067 TF ChIP-seq BHLHE40,.,TF ChIP-seq,EFO:0002067,K562,cell_line,adult,encode,single,False,OutputType.CHIP_TF,,,BHLHE40
EFO:0002067 TF ChIP-seq BRD4,.,TF ChIP-seq,EFO:0002067,K562,cell_line,adult,encode,single,False,OutputType.CHIP_TF,,,BRD4
EFO:0002067 TF ChIP-seq BRD9,.,TF ChIP-seq,EFO:0002067,K562,cell_line,adult,encode,paired,False,OutputType.CHIP_TF,,,BRD9
EFO:0002067 TF ChIP-seq BRF2,.,TF ChIP-seq,EFO:0002067,K562,cell_line,adult,encode,single,False,OutputType.CHIP_TF,,,BRF2
EFO:0002067 TF ChIP-seq C11orf30,.,TF ChIP-seq,EFO:0002067,K562,cell_line,adult,encode,paired,False,OutputType.CHIP_TF,,,C11orf30
EFO:0002067 TF ChIP-seq CBFA2T2,.,TF ChIP-seq,EFO:0002067,K562,cell_line,adult,encode,paired,False,OutputType.CHIP_TF,,,CBFA2T2
EFO:0002067 TF ChIP-seq CBFA2T3,.,TF ChIP-seq,EFO:0002067,K562,cell_line,adult,encode,paired,False,OutputType.CHIP_TF,,,CBFA2T3
EFO:0002067 TF ChIP-seq CBFB genetically modified (insertion) using CRISPR targeting H. sapiens CBFB,.,TF ChIP-seq,EFO:0002067,K562,cell_line,adult,encode,single,True,OutputType.CHIP_TF,,,CBFB
EFO:0002067 TF ChIP-seq CBX1,.,TF ChIP-seq,EFO:0002067,K562,cell_line,adult,encode,single,False,OutputType.CHIP_TF,,,CBX1
EFO:0002067 TF ChIP-seq CBX3,.,TF ChIP-seq,EFO:0002067,K562,cell_line,adult,encode,single,False,OutputType.CHIP_TF,,,CBX3
EFO:0002067 TF ChIP-seq CC2D1A,.,TF ChIP-seq,EFO:0002067,K562,cell_line,adult,encode,paired,False,OutputType.CHIP_TF,,,CC2D1A
EFO:0002067 TF ChIP-seq CEBPB,.,TF ChIP-seq,EFO:0002067,K562,cell_line,adult,encode,single,False,OutputType.CHIP_TF,,,CEBPB
EFO:0002067 TF ChIP-seq CEBPB stably expressing C-terminal eGFP-tagged CEBPB,.,TF ChIP-seq,EFO:0002067,K562,cell_line,adult,encode,paired,True,OutputType.CHIP_TF,,,CEBPB
EFO:0002067 TF ChIP-seq CEBPG genetically modified (insertion) using CRISPR targeting H. sapiens CEBPG,.,TF ChIP-seq,EFO:0002067,K562,cell_line,adult,encode,single,True,OutputType.CHIP_TF,,,CEBPG
EFO:0002067 TF ChIP-seq CEBPG stably expressing C-terminal eGFP-tagged CEBPG,.,TF ChIP-seq,EFO:0002067,K562,cell_line,adult,encode,paired,True,OutputType.CHIP_TF,,,CEBPG
EFO:0002067 TF ChIP-seq CHAMP1,.,TF ChIP-seq,EFO:0002067,K562,cell_line,adult,encode,paired,False,OutputType.CHIP_TF,,,CHAMP1
EFO:0002067 TF ChIP-seq CHD1,.,TF ChIP-seq,EFO:0002067,K562,cell_line,adult,encode,single,False,OutputType.CHIP_TF,,,CHD1
EFO:0002067 TF ChIP-seq CHD2,.,TF ChIP-seq,EFO:0002067,K562,cell_line,adult,encode,single,False,OutputType.CHIP_TF,,,CHD2
EFO:0002067 TF ChIP-seq COPS2,.,TF ChIP-seq,EFO:0002067,K562,cell_line,adult,encode,paired,False,OutputType.CHIP_TF,,,COPS2
EFO:0002067 TF ChIP-seq CREB1,.,TF ChIP-seq,EFO:0002067,K562,cell_line,adult,encode,single,False,OutputType.CHIP_TF,,,CREB1
EFO:0002067 TF ChIP-seq CREB1 genetically modified (insertion) using CRISPR targeting H. sapiens CREB1,.,TF ChIP-seq,EFO:0002067,K562,cell_line,adult,encode,single,True,OutputType.CHIP_TF,,,CREB1
EFO:0002067 TF ChIP-seq CREB3 stably expressing C-terminal eGFP-tagged CREB3,.,TF ChIP-seq,EFO:0002067,K562,cell_line,adult,encode,paired,True,OutputType.CHIP_TF,,,CREB3
EFO:0002067 TF ChIP-seq CREB3L1,.,TF ChIP-seq,EFO:0002067,K562,cell_line,adult,encode,paired,False,OutputType.CHIP_TF,,,CREB3L1
EFO:0002067 TF ChIP-seq CREM,.,TF ChIP-seq,EFO:0002067,K562,cell_line,adult,encode,single,False,OutputType.CHIP_TF,,,CREM
EFO:0002067 TF ChIP-seq CTBP1,.,TF ChIP-seq,EFO:0002067,K562,cell_line,adult,encode,paired,False,OutputType.CHIP_TF,,,CTBP1
EFO:0002067 TF ChIP-seq CTCF,.,TF ChIP-seq,EFO:0002067,K562,cell_line,adult,encode,single,False,OutputType.CHIP_TF,,,CTCF
EFO:0002067 TF ChIP-seq CUX1 genetically modified (insertion) using CRISPR targeting H. sapiens CUX1,.,TF ChIP-seq,EFO:0002067,K562,cell_line,adult,encode,single,True,OutputType.CHIP_TF,,,CUX1
EFO:0002067 TF ChIP-seq CXXC5 genetically modified (insertion) using CRISPR targeting H. sapiens CXXC5,.,TF ChIP-seq,EFO:0002067,K562,cell_line,adult,encode,paired,True,OutputType.CHIP_TF,,,CXXC5
EFO:0002067 TF ChIP-seq DACH1,.,TF ChIP-seq,EFO:0002067,K562,cell_line,adult,encode,paired,False,OutputType.CHIP_TF,,,DACH1
EFO:0002067 TF ChIP-seq DDX20,.,TF ChIP-seq,EFO:0002067,K562,cell_line,adult,encode,paired,False,OutputType.CHIP_TF,,,DDX20
EFO:0002067 TF ChIP-seq DEAF1,.,TF ChIP-seq,EFO:0002067,K562,cell_line,adult,encode,single,False,OutputType.CHIP_TF,,,DEAF1
EFO:0002067 TF ChIP-seq DEAF1 genetically modified (insertion) using CRISPR targeting H. sapiens DEAF1,.,TF ChIP-seq,EFO:0002067,K562,cell_line,adult,encode,paired,True,OutputType.CHIP_TF,,,DEAF1
EFO:0002067 TF ChIP-seq DIDO1 stably expressing C-terminal eGFP-tagged DIDO1,.,TF ChIP-seq,EFO:0002067,K562,cell_line,adult,encode,paired,True,OutputType.CHIP_TF,,,DIDO1
EFO:0002067 TF ChIP-seq DMBX1 genetically modified (insertion) using CRISPR targeting H. sapiens DMBX1,.,TF ChIP-seq,EFO:0002067,K562,cell_line,adult,encode,paired,True,OutputType.CHIP_TF,,,DMBX1
EFO:0002067 TF ChIP-seq DPF2,.,TF ChIP-seq,EFO:0002067,K562,cell_line,adult,encode,paired,False,OutputType.CHIP_TF,,,DPF2
EFO:0002067 TF ChIP-seq E2F1,.,TF ChIP-seq,EFO:0002067,K562,cell_line,adult,encode,paired,False,OutputType.CHIP_TF,,,E2F1
EFO:0002067 TF ChIP-seq E2F1 genetically modified (insertion) using CRISPR targeting H. sapiens E2F1,.,TF ChIP-seq,EFO:0002067,K562,cell_line,adult,encode,single,True,OutputType.CHIP_TF,,,E2F1
EFO:0002067 TF ChIP-seq E2F5 genetically modified (insertion) using CRISPR targeting H. sapiens E2F5,.,TF ChIP-seq,EFO:0002067,K562,cell_line,adult,encode,single,True,OutputType.CHIP_TF,,,E2F5
EFO:0002067 TF ChIP-seq E2F8,.,TF ChIP-seq,EFO:0002067,K562,cell_line,adult,encode,paired,False,OutputType.CHIP_TF,,,E2F8
EFO:0002067 TF ChIP-seq E4F1,.,TF ChIP-seq,EFO:0002067,K562,cell_line,adult,encode,paired,False,OutputType.CHIP_TF,,,E4F1
EFO:0002067 TF ChIP-seq EGR1,.,TF ChIP-seq,EFO:0002067,K562,cell_line,adult,encode,paired,False,OutputType.CHIP_TF,,,EGR1
EFO:0002067 TF ChIP-seq EHMT2,.,TF ChIP-seq,EFO:0002067,K562,cell_line,adult,encode,paired,False,OutputType.CHIP_TF,,,EHMT2
EFO:0002067 TF ChIP-seq ELF1,.,TF ChIP-seq,EFO:0002067,K562,cell_line,adult,encode,paired,False,OutputType.CHIP_TF,,,ELF1
EFO:0002067 TF ChIP-seq ELF1 genetically modified (insertion) using CRISPR targeting H. sapiens ELF1,.,TF ChIP-seq,EFO:0002067,K562,cell_line,adult,encode,single,True,OutputType.CHIP_TF,,,ELF1
EFO:0002067 TF ChIP-seq ELF1 stably expressing C-terminal eGFP-tagged ELF1,.,TF ChIP-seq,EFO:0002067,K562,cell_line,adult,encode,single,True,OutputType.CHIP_TF,,,ELF1
EFO:0002067 TF ChIP-seq ELF4,.,TF ChIP-seq,EFO:0002067,K562,cell_line,adult,encode,paired,False,OutputType.CHIP_TF,,,ELF4
EFO:0002067 TF ChIP-seq ELF4 genetically modified (insertion) using CRISPR targeting H. sapiens ELF4,.,TF ChIP-seq,EFO:0002067,K562,cell_line,adult,encode,paired,True,OutputType.CHIP_TF,,,ELF4
EFO:0002067 TF ChIP-seq EP300,.,TF ChIP-seq,EFO:0002067,K562,cell_line,adult,encode,single,False,OutputType.CHIP_TF,,,EP300
EFO:0002067 TF ChIP-seq EP400,.,TF ChIP-seq,EFO:0002067,K562,cell_line,adult,encode,paired,False,OutputType.CHIP_TF,,,EP400
EFO:0002067 TF ChIP-seq ESRRA,.,TF ChIP-seq,EFO:0002067,K562,cell_line,adult,encode,paired,False,OutputType.CHIP_TF,,,ESRRA
EFO:0002067 TF ChIP-seq ETS1,.,TF ChIP-seq,EFO:0002067,K562,cell_line,adult,encode,single,False,OutputType.CHIP_TF,,,ETS1
EFO:0002067 TF ChIP-seq ETV1 stably expressing C-terminal eGFP-tagged ETV1,.,TF ChIP-seq,EFO:0002067,K562,cell_line,adult,encode,paired,True,OutputType.CHIP_TF,,,ETV1
EFO:0002067 TF ChIP-seq ETV5 genetically modified (insertion) using CRISPR targeting H. sapiens ETV5,.,TF ChIP-seq,EFO:0002067,K562,cell_line,adult,encode,single,True,OutputType.CHIP_TF,,,ETV5
EFO:0002067 TF ChIP-seq ETV6,.,TF ChIP-seq,EFO:0002067,K562,cell_line,adult,encode,single,False,OutputType.CHIP_TF,,,ETV6
EFO:0002067 TF ChIP-seq FOSL1,.,TF ChIP-seq,EFO:0002067,K562,cell_line,adult,encode,single,False,OutputType.CHIP_TF,,,FOSL1
EFO:0002067 TF ChIP-seq FOSL1 stably expressing C-terminal eGFP-tagged FOSL1,.,TF ChIP-seq,EFO:0002067,K562,cell_line,adult,encode,single,True,OutputType.CHIP_TF,,,FOSL1
EFO:0002067 TF ChIP-seq FOXA3 genetically modified (insertion) using CRISPR targeting H. sapiens FOXA3,.,TF ChIP-seq,EFO:0002067,K562,cell_line,adult,encode,paired,True,OutputType.CHIP_TF,,,FOXA3
EFO:0002067 TF ChIP-seq FOXJ2 stably expressing C-terminal eGFP-tagged FOXJ2,.,TF ChIP-seq,EFO:0002067,K562,cell_line,adult,encode,single,True,OutputType.CHIP_TF,,,FOXJ2
EFO:0002067 TF ChIP-seq FOXK2,.,TF ChIP-seq,EFO:0002067,K562,cell_line,adult,encode,paired,False,OutputType.CHIP_TF,,,FOXK2
EFO:0002067 TF ChIP-seq FOXM1,.,TF ChIP-seq,EFO:0002067,K562,cell_line,adult,encode,paired,False,OutputType.CHIP_TF,,,FOXM1
EFO:0002067 TF ChIP-seq FOXM1 genetically modified (insertion) using CRISPR targeting H. sapiens FOXM1,.,TF ChIP-seq,EFO:0002067,K562,cell_line,adult,encode,single,True,OutputType.CHIP_TF,,,FOXM1
EFO:0002067 TF ChIP-seq FOXP1 genetically modified (insertion) using CRISPR targeting H. sapiens FOXP1,.,TF ChIP-seq,EFO:0002067,K562,cell_line,adult,encode,single,True,OutputType.CHIP_TF,,,FOXP1
EFO:0002067 TF ChIP-seq GABPA stably expressing C-terminal eGFP-tagged GABPA,.,TF ChIP-seq,EFO:0002067,K562,cell_line,adult,encode,single,True,OutputType.CHIP_TF,,,GABPA
EFO:0002067 TF ChIP-seq GABPB1,.,TF ChIP-seq,EFO:0002067,K562,cell_line,adult,encode,paired,False,OutputType.CHIP_TF,,,GABPB1
EFO:0002067 TF ChIP-seq GABPB1 genetically modified (insertion) using CRISPR targeting H. sapiens GABPB1,.,TF ChIP-seq,EFO:0002067,K562,cell_line,adult,encode,single,True,OutputType.CHIP_TF,,,GABPB1
EFO:0002067 TF ChIP-seq GATA1,.,TF ChIP-seq,EFO:0002067,K562,cell_line,adult,encode,single,False,OutputType.CHIP_TF,,,GATA1
EFO:0002067 TF ChIP-seq GATA2,.,TF ChIP-seq,EFO:0002067,K562,cell_line,adult,encode,single,False,OutputType.CHIP_TF,,,GATA2
EFO:0002067 TF ChIP-seq GATA2 genetically modified (insertion) using CRISPR targeting H. sapiens GATA2,.,TF ChIP-seq,EFO:0002067,K562,cell_line,adult,encode,single,True,OutputType.CHIP_TF,,,GATA2
EFO:0002067 TF ChIP-seq GATAD2A,.,TF ChIP-seq,EFO:0002067,K562,cell_line,adult,encode,paired,False,OutputType.CHIP_TF,,,GATAD2A
EFO:0002067 TF ChIP-seq GATAD2B,.,TF ChIP-seq,EFO:0002067,K562,cell_line,adult,encode,paired,False,OutputType.CHIP_TF,,,GATAD2B
EFO:0002067 TF ChIP-seq GMEB1,.,TF ChIP-seq,EFO:0002067,K562,cell_line,adult,encode,paired,False,OutputType.CHIP_TF,,,GMEB1
EFO:0002067 TF ChIP-seq GMEB1 genetically modified (insertion) using CRISPR targeting H. sapiens GMEB1,.,TF ChIP-seq,EFO:0002067,K562,cell_line,adult,encode,paired,True,OutputType.CHIP_TF,,,GMEB1
EFO:0002067 TF ChIP-seq GTF2E2 stably expressing C-terminal eGFP-tagged GTF2E2,.,TF ChIP-seq,EFO:0002067,K562,cell_line,adult,encode,single,True,OutputType.CHIP_TF,,,GTF2E2
EFO:0002067 TF ChIP-seq GTF2F1,.,TF ChIP-seq,EFO:0002067,K562,cell_line,adult,encode,paired,False,OutputType.CHIP_TF,,,GTF2F1
EFO:0002067 TF ChIP-seq GTF2I genetically modified (insertion) using CRISPR targeting H. sapiens GTF2I,.,TF ChIP-seq,EFO:0002067,K562,cell_line,adult,encode,paired,True,OutputType.CHIP_TF,,,GTF2I
EFO:0002067 TF ChIP-seq HCFC1,.,TF ChIP-seq,EFO:0002067,K562,cell_line,adult,encode,single,False,OutputType.CHIP_TF,,,HCFC1
EFO:0002067 TF ChIP-seq HDAC1,.,TF ChIP-seq,EFO:0002067,K562,cell_line,adult,encode,paired,False,OutputType.CHIP_TF,,,HDAC1
EFO:0002067 TF ChIP-seq HDAC2,.,TF ChIP-seq,EFO:0002067,K562,cell_line,adult,encode,paired,False,OutputType.CHIP_TF,,,HDAC2
EFO:0002067 TF ChIP-seq HDAC3,.,TF ChIP-seq,EFO:0002067,K562,cell_line,adult,encode,paired,False,OutputType.CHIP_TF,,,HDAC3
EFO:0002067 TF ChIP-seq HDGF,.,TF ChIP-seq,EFO:0002067,K562,cell_line,adult,encode,paired,False,OutputType.CHIP_TF,,,HDGF
EFO:0002067 TF ChIP-seq HES1,.,TF ChIP-seq,EFO:0002067,K562,cell_line,adult,encode,paired,False,OutputType.CHIP_TF,,,HES1
EFO:0002067 TF ChIP-seq HINFP stably expressing C-terminal eGFP-tagged HINFP,.,TF ChIP-seq,EFO:0002067,K562,cell_line,adult,encode,paired,True,OutputType.CHIP_TF,,,HINFP
EFO:0002067 TF ChIP-seq HLTF,.,TF ChIP-seq,EFO:0002067,K562,cell_line,adult,encode,paired,False,OutputType.CHIP_TF,,,HLTF
EFO:0002067 TF ChIP-seq HMBOX1,.,TF ChIP-seq,EFO:0002067,K562,cell_line,adult,encode,single,False,OutputType.CHIP_TF,,,HMBOX1
EFO:0002067 TF ChIP-seq HMG20A genetically modified (insertion) using CRISPR targeting H. sapiens HMG20A,.,TF ChIP-seq,EFO:0002067,K562,cell_line,adult,encode,single,True,OutputType.CHIP_TF,,,HMG20A
EFO:0002067 TF ChIP-seq HMGXB4 genetically modified (insertion) using CRISPR targeting H. sapiens HMGXB4,.,TF ChIP-seq,EFO:0002067,K562,cell_line,adult,encode,single,True,OutputType.CHIP_TF,,,HMGXB4
EFO:0002067 TF ChIP-seq HNRNPL,.,TF ChIP-seq,EFO:0002067,K562,cell_line,adult,encode,single,False,OutputType.CHIP_TF,,,HNRNPL
EFO:0002067 TF ChIP-seq ID3 stably expressing C-terminal eGFP-tagged ID3,.,TF ChIP-seq,EFO:0002067,K562,cell_line,adult,encode,paired,True,OutputType.CHIP_TF,,,ID3
EFO:0002067 TF ChIP-seq IKZF1,.,TF ChIP-seq,EFO:0002067,K562,cell_line,adult,encode,paired,False,OutputType.CHIP_TF,,,IKZF1
EFO:0002067 TF ChIP-seq IRF1 stably expressing C-terminal eGFP-tagged IRF1,.,TF ChIP-seq,EFO:0002067,K562,cell_line,adult,encode,paired,True,OutputType.CHIP_TF,,,IRF1
EFO:0002067 TF ChIP-seq IRF2,.,TF ChIP-seq,EFO:0002067,K562,cell_line,adult,encode,single,False,OutputType.CHIP_TF,,,IRF2
EFO:0002067 TF ChIP-seq JUN,.,TF ChIP-seq,EFO:0002067,K562,cell_line,adult,encode,single,False,OutputType.CHIP_TF,,,JUN
EFO:0002067 TF ChIP-seq JUND,.,TF ChIP-seq,EFO:0002067,K562,cell_line,adult,encode,single,False,OutputType.CHIP_TF,,,JUND
EFO:0002067 TF ChIP-seq JUND stably expressing JUND,.,TF ChIP-seq,EFO:0002067,K562,cell_line,adult,encode,single,True,OutputType.CHIP_TF,,,JUND
EFO:0002067 TF ChIP-seq KAT7 genetically modified (insertion) using CRISPR targeting H. sapiens KAT7,.,TF ChIP-seq,EFO:0002067,K562,cell_line,adult,encode,single,True,OutputType.CHIP_TF,,,KAT7
EFO:0002067 TF ChIP-seq KDM1A,.,TF ChIP-seq,EFO:0002067,K562,cell_line,adult,encode,paired,False,OutputType.CHIP_TF,,,KDM1A
EFO:0002067 TF ChIP-seq KDM4B,.,TF ChIP-seq,EFO:0002067,K562,cell_line,adult,encode,single,False,OutputType.CHIP_TF,,,KDM4B
EFO:0002067 TF ChIP-seq KLF16,.,TF ChIP-seq,EFO:0002067,K562,cell_line,adult,encode,single,False,OutputType.CHIP_TF,,,KLF16
EFO:0002067 TF ChIP-seq L3MBTL2,.,TF ChIP-seq,EFO:0002067,K562,cell_line,adult,encode,paired,False,OutputType.CHIP_TF,,,L3MBTL2
EFO:0002067 TF ChIP-seq LCOR genetically modified (insertion) using CRISPR targeting H. sapiens LCOR,.,TF ChIP-seq,EFO:0002067,K562,cell_line,adult,encode,single,True,OutputType.CHIP_TF,,,LCOR
EFO:0002067 TF ChIP-seq LEF1,.,TF ChIP-seq,EFO:0002067,K562,cell_line,adult,encode,paired,False,OutputType.CHIP_TF,,,LEF1
EFO:0002067 TF ChIP-seq MAFF,.,TF ChIP-seq,EFO:0002067,K562,cell_line,adult,encode,single,False,OutputType.CHIP_TF,,,MAFF
EFO:0002067 TF ChIP-seq MAFG stably expressing C-terminal eGFP-tagged MAFG,.,TF ChIP-seq,EFO:0002067,K562,cell_line,adult,encode,paired,True,OutputType.CHIP_TF,,,MAFG
EFO:0002067 TF ChIP-seq MAFK,.,TF ChIP-seq,EFO:0002067,K562,cell_line,adult,encode,single,False,OutputType.CHIP_TF,,,MAFK
EFO:0002067 TF ChIP-seq MAX,.,TF ChIP-seq,EFO:0002067,K562,cell_line,adult,encode,single,False,OutputType.CHIP_TF,,,MAX
EFO:0002067 TF ChIP-seq MAX genetically modified (insertion) using CRISPR targeting H. sapiens MAX,.,TF ChIP-seq,EFO:0002067,K562,cell_line,adult,encode,single,True,OutputType.CHIP_TF,,,MAX
EFO:0002067 TF ChIP-seq MAZ,.,TF ChIP-seq,EFO:0002067,K562,cell_line,adult,encode,single,False,OutputType.CHIP_TF,,,MAZ
EFO:0002067 TF ChIP-seq MAZ genetically modified (insertion) using CRISPR targeting H. sapiens MAZ,.,TF ChIP-seq,EFO:0002067,K562,cell_line,adult,encode,paired,True,OutputType.CHIP_TF,,,MAZ
EFO:0002067 TF ChIP-seq MBD2,.,TF ChIP-seq,EFO:0002067,K562,cell_line,adult,encode,single,False,OutputType.CHIP_TF,,,MBD2
EFO:0002067 TF ChIP-seq MCM5,.,TF ChIP-seq,EFO:0002067,K562,cell_line,adult,encode,paired,False,OutputType.CHIP_TF,,,MCM5
EFO:0002067 TF ChIP-seq MEF2A,.,TF ChIP-seq,EFO:0002067,K562,cell_line,adult,encode,single,False,OutputType.CHIP_TF,,,MEF2A
EFO:0002067 TF ChIP-seq MEF2D stably expressing C-terminal eGFP-tagged MEF2D,.,TF ChIP-seq,EFO:0002067,K562,cell_line,adult,encode,paired,True,OutputType.CHIP_TF,,,MEF2D
EFO:0002067 TF ChIP-seq MEIS2,.,TF ChIP-seq,EFO:0002067,K562,cell_line,adult,encode,paired,False,OutputType.CHIP_TF,,,MEIS2
EFO:0002067 TF ChIP-seq MGA,.,TF ChIP-seq,EFO:0002067,K562,cell_line,adult,encode,paired,False,OutputType.CHIP_TF,,,MGA
EFO:0002067 TF ChIP-seq MIER1,.,TF ChIP-seq,EFO:0002067,K562,cell_line,adult,encode,paired,False,OutputType.CHIP_TF,,,MIER1
EFO:0002067 TF ChIP-seq MITF,.,TF ChIP-seq,EFO:0002067,K562,cell_line,adult,encode,single,False,OutputType.CHIP_TF,,,MITF
EFO:0002067 TF ChIP-seq MLLT1,.,TF ChIP-seq,EFO:0002067,K562,cell_line,adult,encode,paired,False,OutputType.CHIP_TF,,,MLLT1
EFO:0002067 TF ChIP-seq MNT,.,TF ChIP-seq,EFO:0002067,K562,cell_line,adult,encode,paired,False,OutputType.CHIP_TF,,,MNT
EFO:0002067 TF ChIP-seq MTA1,.,TF ChIP-seq,EFO:0002067,K562,cell_line,adult,encode,paired,False,OutputType.CHIP_TF,,,MTA1
EFO:0002067 TF ChIP-seq MTA2,.,TF ChIP-seq,EFO:0002067,K562,cell_line,adult,encode,paired,False,OutputType.CHIP_TF,,,MTA2
EFO:0002067 TF ChIP-seq MTA3,.,TF ChIP-seq,EFO:0002067,K562,cell_line,adult,encode,paired,False,OutputType.CHIP_TF,,,MTA3
EFO:0002067 TF ChIP-seq MXI1,.,TF ChIP-seq,EFO:0002067,K562,cell_line,adult,encode,single,False,OutputType.CHIP_TF,,,MXI1
EFO:0002067 TF ChIP-seq MYC,.,TF ChIP-seq,EFO:0002067,K562,cell_line,adult,encode,single,False,OutputType.CHIP_TF,,,MYC
EFO:0002067 TF ChIP-seq MYC genetically modified (insertion) using CRISPR targeting H. sapiens MYC,.,TF ChIP-seq,EFO:0002067,K562,cell_line,adult,encode,paired,True,OutputType.CHIP_TF,,,MYC
EFO:0002067 TF ChIP-seq MYNN,.,TF ChIP-seq,EFO:0002067,K562,cell_line,adult,encode,single,False,OutputType.CHIP_TF,,,MYNN
EFO:0002067 TF ChIP-seq NBN,.,TF ChIP-seq,EFO:0002067,K562,cell_line,adult,encode,paired,False,OutputType.CHIP_TF,,,NBN
EFO:0002067 TF ChIP-seq NCOA1,.,TF ChIP-seq,EFO:0002067,K562,cell_line,adult,encode,paired,False,OutputType.CHIP_TF,,,NCOA1
EFO:0002067 TF ChIP-seq NCOR1,.,TF ChIP-seq,EFO:0002067,K562,cell_line,adult,encode,paired,False,OutputType.CHIP_TF,,,NCOR1
EFO:0002067 TF ChIP-seq NEUROD1,.,TF ChIP-seq,EFO:0002067,K562,cell_line,adult,encode,single,False,OutputType.CHIP_TF,,,NEUROD1
EFO:0002067 TF ChIP-seq NFATC3,.,TF ChIP-seq,EFO:0002067,K562,cell_line,adult,encode,paired,False,OutputType.CHIP_TF,,,NFATC3
EFO:0002067 TF ChIP-seq NFE2,.,TF ChIP-seq,EFO:0002067,K562,cell_line,adult,encode,single,False,OutputType.CHIP_TF,,,NFE2
EFO:0002067 TF ChIP-seq NFE2 stably expressing C-terminal eGFP-tagged NFE2,.,TF ChIP-seq,EFO:0002067,K562,cell_line,adult,encode,paired,True,OutputType.CHIP_TF,,,NFE2
EFO:0002067 TF ChIP-seq NFIC,.,TF ChIP-seq,EFO:0002067,K562,cell_line,adult,encode,paired,False,OutputType.CHIP_TF,,,NFIC
EFO:0002067 TF ChIP-seq NFRKB,.,TF ChIP-seq,EFO:0002067,K562,cell_line,adult,encode,paired,False,OutputType.CHIP_TF,,,NFRKB
EFO:0002067 TF ChIP-seq NFYA genetically modified (insertion) using CRISPR targeting H. sapiens NFYA,.,TF ChIP-seq,EFO:0002067,K562,cell_line,adult,encode,single,True,OutputType.CHIP_TF,,,NFYA
EFO:0002067 TF ChIP-seq NKRF,.,TF ChIP-seq,EFO:0002067,K562,cell_line,adult,encode,paired,False,OutputType.CHIP_TF,,,NKRF
EFO:0002067 TF ChIP-seq NONO,.,TF ChIP-seq,EFO:0002067,K562,cell_line,adult,encode,paired,False,OutputType.CHIP_TF,,,NONO
EFO:0002067 TF ChIP-seq NR0B1,.,TF ChIP-seq,EFO:0002067,K562,cell_line,adult,encode,paired,False,OutputType.CHIP_TF,,,NR0B1
EFO:0002067 TF ChIP-seq NR2C1,.,TF ChIP-seq,EFO:0002067,K562,cell_line,adult,encode,paired,False,OutputType.CHIP_TF,,,NR2C1
EFO:0002067 TF ChIP-seq NR2C1 stably expressing C-terminal eGFP-tagged NR2C1,.,TF ChIP-seq,EFO:0002067,K562,cell_line,adult,encode,paired,True,OutputType.CHIP_TF,,,NR2C1
EFO:0002067 TF ChIP-seq NR2C2 genetically modified (insertion) using CRISPR targeting H. sapiens NR2C2,.,TF ChIP-seq,EFO:0002067,K562,cell_line,adult,encode,single,True,OutputType.CHIP_TF,,,NR2C2
EFO:0002067 TF ChIP-seq NR2C2 stably expressing C-terminal eGFP-tagged NR2C2,.,TF ChIP-seq,EFO:0002067,K562,cell_line,adult,encode,single,True,OutputType.CHIP_TF,,,NR2C2
EFO:0002067 TF ChIP-seq NR2F1,.,TF ChIP-seq,EFO:0002067,K562,cell_line,adult,encode,paired,False,OutputType.CHIP_TF,,,NR2F1
EFO:0002067 TF ChIP-seq NR2F2,.,TF ChIP-seq,EFO:0002067,K562,cell_line,adult,encode,single,False,OutputType.CHIP_TF,,,NR2F2
EFO:0002067 TF ChIP-seq NR2F6,.,TF ChIP-seq,EFO:0002067,K562,cell_line,adult,encode,single,False,OutputType.CHIP_TF,,,NR2F6
EFO:0002067 TF ChIP-seq NR4A1 stably expressing C-terminal eGFP-tagged NR4A1,.,TF ChIP-seq,EFO:0002067,K562,cell_line,adult,encode,paired,True,OutputType.CHIP_TF,,,NR4A1
EFO:0002067 TF ChIP-seq NRF1,.,TF ChIP-seq,EFO:0002067,K562,cell_line,adult,encode,paired,False,OutputType.CHIP_TF,,,NRF1
EFO:0002067 TF ChIP-seq PBX2 stably expressing C-terminal eGFP-tagged PBX2,.,TF ChIP-seq,EFO:0002067,K562,cell_line,adult,encode,paired,True,OutputType.CHIP_TF,,,PBX2
EFO:0002067 TF ChIP-seq PHF20,.,TF ChIP-seq,EFO:0002067,K562,cell_line,adult,encode,paired,False,OutputType.CHIP_TF,,,PHF20
EFO:0002067 TF ChIP-seq PHF8,.,TF ChIP-seq,EFO:0002067,K562,cell_line,adult,encode,single,False,OutputType.CHIP_TF,,,PHF8
EFO:0002067 TF ChIP-seq PKNOX1,.,TF ChIP-seq,EFO:0002067,K562,cell_line,adult,encode,paired,False,OutputType.CHIP_TF,,,PKNOX1
EFO:0002067 TF ChIP-seq PML,.,TF ChIP-seq,EFO:0002067,K562,cell_line,adult,encode,single,False,OutputType.CHIP_TF,,,PML
EFO:0002067 TF ChIP-seq POLR2A,.,TF ChIP-seq,EFO:0002067,K562,cell_line,adult,encode,paired,False,OutputType.CHIP_TF,,,POLR2A
EFO:0002067 TF ChIP-seq POLR2AphosphoS2,.,TF ChIP-seq,EFO:0002067,K562,cell_line,adult,encode,single,False,OutputType.CHIP_TF,,,POLR2AphosphoS2
EFO:0002067 TF ChIP-seq POLR2AphosphoS5,.,TF ChIP-seq,EFO:0002067,K562,cell_line,adult,encode,single,False,OutputType.CHIP_TF,,,POLR2AphosphoS5
EFO:0002067 TF ChIP-seq POLR2B,.,TF ChIP-seq,EFO:0002067,K562,cell_line,adult,encode,paired,False,OutputType.CHIP_TF,,,POLR2B
EFO:0002067 TF ChIP-seq POLR2G,.,TF ChIP-seq,EFO:0002067,K562,cell_line,adult,encode,single,False,OutputType.CHIP_TF,,,POLR2G
EFO:0002067 TF ChIP-seq POLR2H stably expressing C-terminal eGFP-tagged POLR2H,.,TF ChIP-seq,EFO:0002067,K562,cell_line,adult,encode,paired,True,OutputType.CHIP_TF,,,POLR2H
EFO:0002067 TF ChIP-seq PRDM10,.,TF ChIP-seq,EFO:0002067,K562,cell_line,adult,encode,paired,False,OutputType.CHIP_TF,,,PRDM10
EFO:0002067 TF ChIP-seq RAD21,.,TF ChIP-seq,EFO:0002067,K562,cell_line,adult,encode,single,False,OutputType.CHIP_TF,,,RAD21
EFO:0002067 TF ChIP-seq RAD21 genetically modified (insertion) using CRISPR targeting H. sapiens RAD21,.,TF ChIP-seq,EFO:0002067,K562,cell_line,adult,encode,paired,True,OutputType.CHIP_TF,,,RAD21
EFO:0002067 TF ChIP-seq RAD51,.,TF ChIP-seq,EFO:0002067,K562,cell_line,adult,encode,paired,False,OutputType.CHIP_TF,,,RAD51
EFO:0002067 TF ChIP-seq RB1,.,TF ChIP-seq,EFO:0002067,K562,cell_line,adult,encode,paired,False,OutputType.CHIP_TF,,,RB1
EFO:0002067 TF ChIP-seq RBFOX2,.,TF ChIP-seq,EFO:0002067,K562,cell_line,adult,encode,single,False,OutputType.CHIP_TF,,,RBFOX2
EFO:0002067 TF ChIP-seq RBM17,.,TF ChIP-seq,EFO:0002067,K562,cell_line,adult,encode,single,False,OutputType.CHIP_TF,,,RBM17
EFO:0002067 TF ChIP-seq RCOR1,.,TF ChIP-seq,EFO:0002067,K562,cell_line,adult,encode,single,False,OutputType.CHIP_TF,,,RCOR1
EFO:0002067 TF ChIP-seq REST,.,TF ChIP-seq,EFO:0002067,K562,cell_line,adult,encode,paired,False,OutputType.CHIP_TF,,,REST
EFO:0002067 TF ChIP-seq REST genetically modified (insertion) using CRISPR targeting H. sapiens REST,.,TF ChIP-seq,EFO:0002067,K562,cell_line,adult,encode,paired,True,OutputType.CHIP_TF,,,REST
EFO:0002067 TF ChIP-seq RFX1,.,TF ChIP-seq,EFO:0002067,K562,cell_line,adult,encode,paired,False,OutputType.CHIP_TF,,,RFX1
EFO:0002067 TF ChIP-seq RNF2,.,TF ChIP-seq,EFO:0002067,K562,cell_line,adult,encode,single,False,OutputType.CHIP_TF,,,RNF2
EFO:0002067 TF ChIP-seq SAFB,.,TF ChIP-seq,EFO:0002067,K562,cell_line,adult,encode,single,False,OutputType.CHIP_TF,,,SAFB
EFO:0002067 TF ChIP-seq SAFB2,.,TF ChIP-seq,EFO:0002067,K562,cell_line,adult,encode,single,False,OutputType.CHIP_TF,,,SAFB2
EFO:0002067 TF ChIP-seq SIN3A,.,TF ChIP-seq,EFO:0002067,K562,cell_line,adult,encode,single,False,OutputType.CHIP_TF,,,SIN3A
EFO:0002067 TF ChIP-seq SIN3B,.,TF ChIP-seq,EFO:0002067,K562,cell_line,adult,encode,paired,False,OutputType.CHIP_TF,,,SIN3B
EFO:0002067 TF ChIP-seq SIX5,.,TF ChIP-seq,EFO:0002067,K562,cell_line,adult,encode,single,False,OutputType.CHIP_TF,,,SIX5
EFO:0002067 TF ChIP-seq SKIL,.,TF ChIP-seq,EFO:0002067,K562,cell_line,adult,encode,paired,False,OutputType.CHIP_TF,,,SKIL
EFO:0002067 TF ChIP-seq SMAD1,.,TF ChIP-seq,EFO:0002067,K562,cell_line,adult,encode,single,False,OutputType.CHIP_TF,,,SMAD1
EFO:0002067 TF ChIP-seq SMAD2,.,TF ChIP-seq,EFO:0002067,K562,cell_line,adult,encode,single,False,OutputType.CHIP_TF,,,SMAD2
EFO:0002067 TF ChIP-seq SMAD4 genetically modified (insertion) using CRISPR targeting H. sapiens SMAD4,.,TF ChIP-seq,EFO:0002067,K562,cell_line,adult,encode,paired,True,OutputType.CHIP_TF,,,SMAD4
EFO:0002067 TF ChIP-seq SMAD5,.,TF ChIP-seq,EFO:0002067,K562,cell_line,adult,encode,single,False,OutputType.CHIP_TF,,,SMAD5
EFO:0002067 TF ChIP-seq SMARCA4,.,TF ChIP-seq,EFO:0002067,K562,cell_line,adult,encode,paired,False,OutputType.CHIP_TF,,,SMARCA4
EFO:0002067 TF ChIP-seq SMARCA5,.,TF ChIP-seq,EFO:0002067,K562,cell_line,adult,encode,paired,False,OutputType.CHIP_TF,,,SMARCA5
EFO:0002067 TF ChIP-seq SMARCC2,.,TF ChIP-seq,EFO:0002067,K562,cell_line,adult,encode,paired,False,OutputType.CHIP_TF,,,SMARCC2
EFO:0002067 TF ChIP-seq SMARCE1,.,TF ChIP-seq,EFO:0002067,K562,cell_line,adult,encode,paired,False,OutputType.CHIP_TF,,,SMARCE1
EFO:0002067 TF ChIP-seq SMC3,.,TF ChIP-seq,EFO:0002067,K562,cell_line,adult,encode,single,False,OutputType.CHIP_TF,,,SMC3
EFO:0002067 TF ChIP-seq SOX6,.,TF ChIP-seq,EFO:0002067,K562,cell_line,adult,encode,paired,False,OutputType.CHIP_TF,,,SOX6
EFO:0002067 TF ChIP-seq SP1,.,TF ChIP-seq,EFO:0002067,K562,cell_line,adult,encode,paired,False,OutputType.CHIP_TF,,,SP1
EFO:0002067 TF ChIP-seq SP1 genetically modified (insertion) using CRISPR targeting H. sapiens SP1,.,TF ChIP-seq,EFO:0002067,K562,cell_line,adult,encode,single,True,OutputType.CHIP_TF,,,SP1
EFO:0002067 TF ChIP-seq SPI1,.,TF ChIP-seq,EFO:0002067,K562,cell_line,adult,encode,single,False,OutputType.CHIP_TF,,,SPI1
EFO:0002067 TF ChIP-seq SRF genetically modified (insertion) using CRISPR targeting H. sapiens SRF,.,TF ChIP-seq,EFO:0002067,K562,cell_line,adult,encode,single,True,OutputType.CHIP_TF,,,SRF
EFO:0002067 TF ChIP-seq SRSF9,.,TF ChIP-seq,EFO:0002067,K562,cell_line,adult,encode,single,False,OutputType.CHIP_TF,,,SRSF9
EFO:0002067 TF ChIP-seq STAG1 genetically modified (insertion) using CRISPR targeting H. sapiens STAG1,.,TF ChIP-seq,EFO:0002067,K562,cell_line,adult,encode,single,True,OutputType.CHIP_TF,,,STAG1
EFO:0002067 TF ChIP-seq STAT5A,.,TF ChIP-seq,EFO:0002067,K562,cell_line,adult,encode,single,False,OutputType.CHIP_TF,,,STAT5A
EFO:0002067 TF ChIP-seq SUPT5H,.,TF ChIP-seq,EFO:0002067,K562,cell_line,adult,encode,paired,False,OutputType.CHIP_TF,,,SUPT5H
EFO:0002067 TF ChIP-seq TAF7,.,TF ChIP-seq,EFO:0002067,K562,cell_line,adult,encode,single,False,OutputType.CHIP_TF,,,TAF7
EFO:0002067 TF ChIP-seq TAF7 stably expressing C-terminal eGFP-tagged TAF7,.,TF ChIP-seq,EFO:0002067,K562,cell_line,adult,encode,paired,True,OutputType.CHIP_TF,,,TAF7
EFO:0002067 TF ChIP-seq TAF9B,.,TF ChIP-seq,EFO:0002067,K562,cell_line,adult,encode,paired,False,OutputType.CHIP_TF,,,TAF9B
EFO:0002067 TF ChIP-seq TAL1,.,TF ChIP-seq,EFO:0002067,K562,cell_line,adult,encode,paired,False,OutputType.CHIP_TF,,,TAL1
EFO:0002067 TF ChIP-seq TARDBP,.,TF ChIP-seq,EFO:0002067,K562,cell_line,adult,encode,single,False,OutputType.CHIP_TF,,,TARDBP
EFO:0002067 TF ChIP-seq TBL1XR1,.,TF ChIP-seq,EFO:0002067,K562,cell_line,adult,encode,single,False,OutputType.CHIP_TF,,,TBL1XR1
EFO:0002067 TF ChIP-seq TCF12,.,TF ChIP-seq,EFO:0002067,K562,cell_line,adult,encode,paired,False,OutputType.CHIP_TF,,,TCF12
EFO:0002067 TF ChIP-seq TCF3 genetically modified (insertion) using CRISPR targeting H. sapiens TCF3,.,TF ChIP-seq,EFO:0002067,K562,cell_line,adult,encode,single,True,OutputType.CHIP_TF,,,TCF3
EFO:0002067 TF ChIP-seq TEAD1 genetically modified (insertion) using CRISPR targeting H. sapiens TEAD1,.,TF ChIP-seq,EFO:0002067,K562,cell_line,adult,encode,paired,True,OutputType.CHIP_TF,,,TEAD1
EFO:0002067 TF ChIP-seq TEAD4,.,TF ChIP-seq,EFO:0002067,K562,cell_line,adult,encode,single,False,OutputType.CHIP_TF,,,TEAD4
EFO:0002067 TF ChIP-seq TFAP4 genetically modified (insertion) using CRISPR targeting H. sapiens TFAP4,.,TF ChIP-seq,EFO:0002067,K562,cell_line,adult,encode,single,True,OutputType.CHIP_TF,,,TFAP4
EFO:0002067 TF ChIP-seq TFCP2 genetically modified (insertion) using CRISPR targeting H. sapiens TFCP2,.,TF ChIP-seq,EFO:0002067,K562,cell_line,adult,encode,paired,True,OutputType.CHIP_TF,,,TFCP2
EFO:0002067 TF ChIP-seq TFDP1 genetically modified (insertion) using CRISPR targeting H. sapiens TFDP1,.,TF ChIP-seq,EFO:0002067,K562,cell_line,adult,encode,single,True,OutputType.CHIP_TF,,,TFDP1
EFO:0002067 TF ChIP-seq TFDP1 stably expressing C-terminal eGFP-tagged TFDP1,.,TF ChIP-seq,EFO:0002067,K562,cell_line,adult,encode,single,True,OutputType.CHIP_TF,,,TFDP1
EFO:0002067 TF ChIP-seq TFE3 genetically modified (insertion) using CRISPR targeting H. sapiens TFE3,.,TF ChIP-seq,EFO:0002067,K562,cell_line,adult,encode,paired,True,OutputType.CHIP_TF,,,TFE3
EFO:0002067 TF ChIP-seq THAP1,.,TF ChIP-seq,EFO:0002067,K562,cell_line,adult,encode,single,False,OutputType.CHIP_TF,,,THAP1
EFO:0002067 TF ChIP-seq THAP12 genetically modified (insertion) using CRISPR targeting H. sapiens THAP12,.,TF ChIP-seq,EFO:0002067,K562,cell_line,adult,encode,paired,True,OutputType.CHIP_TF,,,THAP12
EFO:0002067 TF ChIP-seq TOE1,.,TF ChIP-seq,EFO:0002067,K562,cell_line,adult,encode,paired,False,OutputType.CHIP_TF,,,TOE1
EFO:0002067 TF ChIP-seq TRIM24,.,TF ChIP-seq,EFO:0002067,K562,cell_line,adult,encode,paired,False,OutputType.CHIP_TF,,,TRIM24
EFO:0002067 TF ChIP-seq TRIM28,.,TF ChIP-seq,EFO:0002067,K562,cell_line,adult,encode,paired,False,OutputType.CHIP_TF,,,TRIM28
EFO:0002067 TF ChIP-seq U2AF2,.,TF ChIP-seq,EFO:0002067,K562,cell_line,adult,encode,single,False,OutputType.CHIP_TF,,,U2AF2
EFO:0002067 TF ChIP-seq UBTF,.,TF ChIP-seq,EFO:0002067,K562,cell_line,adult,encode,single,False,OutputType.CHIP_TF,,,UBTF
EFO:0002067 TF ChIP-seq USF1 genetically modified (insertion) using CRISPR targeting H. sapiens USF1,.,TF ChIP-seq,EFO:0002067,K562,cell_line,adult,encode,single,True,OutputType.CHIP_TF,,,USF1
EFO:0002067 TF ChIP-seq USF2 genetically modified (insertion) using CRISPR targeting H. sapiens USF2,.,TF ChIP-seq,EFO:0002067,K562,cell_line,adult,encode,single,True,OutputType.CHIP_TF,,,USF2
EFO:0002067 TF ChIP-seq VEZF1 genetically modified (insertion) using CRISPR targeting H. sapiens VEZF1,.,TF ChIP-seq,EFO:0002067,K562,cell_line,adult,encode,single,True,OutputType.CHIP_TF,,,VEZF1
EFO:0002067 TF ChIP-seq XRCC4,.,TF ChIP-seq,EFO:0002067,K562,cell_line,adult,encode,single,False,OutputType.CHIP_TF,,,XRCC4
EFO:0002067 TF ChIP-seq XRCC5,.,TF ChIP-seq,EFO:0002067,K562,cell_line,adult,encode,single,False,OutputType.CHIP_TF,,,XRCC5
EFO:0002067 TF ChIP-seq YY1,.,TF ChIP-seq,EFO:0002067,K562,cell_line,adult,encode,single,False,OutputType.CHIP_TF,,,YY1
EFO:0002067 TF ChIP-seq ZBTB1 genetically modified (insertion) using CRISPR targeting H. sapiens ZBTB1,.,TF ChIP-seq,EFO:0002067,K562,cell_line,adult,encode,single,True,OutputType.CHIP_TF,,,ZBTB1
EFO:0002067 TF ChIP-seq ZBTB11,.,TF ChIP-seq,EFO:0002067,K562,cell_line,adult,encode,single,False,OutputType.CHIP_TF,,,ZBTB11
EFO:0002067 TF ChIP-seq ZBTB11 genetically modified (insertion) using CRISPR targeting H. sapiens ZBTB11,.,TF ChIP-seq,EFO:0002067,K562,cell_line,adult,encode,paired,True,OutputType.CHIP_TF,,,ZBTB11
EFO:0002067 TF ChIP-seq ZBTB12 genetically modified (insertion) using CRISPR targeting H. sapiens ZBTB12,.,TF ChIP-seq,EFO:0002067,K562,cell_line,adult,encode,paired,True,OutputType.CHIP_TF,,,ZBTB12
EFO:0002067 TF ChIP-seq ZBTB17 genetically modified (insertion) using CRISPR targeting H. sapiens ZBTB17,.,TF ChIP-seq,EFO:0002067,K562,cell_line,adult,encode,paired,True,OutputType.CHIP_TF,,,ZBTB17
EFO:0002067 TF ChIP-seq ZBTB2,.,TF ChIP-seq,EFO:0002067,K562,cell_line,adult,encode,paired,False,OutputType.CHIP_TF,,,ZBTB2
EFO:0002067 TF ChIP-seq ZBTB33,.,TF ChIP-seq,EFO:0002067,K562,cell_line,adult,encode,paired,False,OutputType.CHIP_TF,,,ZBTB33
EFO:0002067 TF ChIP-seq ZBTB33 genetically modified (insertion) using CRISPR targeting H. sapiens ZBTB33,.,TF ChIP-seq,EFO:0002067,K562,cell_line,adult,encode,single,True,OutputType.CHIP_TF,,,ZBTB33
EFO:0002067 TF ChIP-seq ZBTB40,.,TF ChIP-seq,EFO:0002067,K562,cell_line,adult,encode,paired,False,OutputType.CHIP_TF,,,ZBTB40
EFO:0002067 TF ChIP-seq ZBTB40 genetically modified (insertion) using CRISPR targeting H. sapiens ZBTB40,.,TF ChIP-seq,EFO:0002067,K562,cell_line,adult,encode,single,True,OutputType.CHIP_TF,,,ZBTB40
EFO:0002067 TF ChIP-seq ZBTB7A,.,TF ChIP-seq,EFO:0002067,K562,cell_line,adult,encode,single,False,OutputType.CHIP_TF,,,ZBTB7A
EFO:0002067 TF ChIP-seq ZBTB9 genetically modified (insertion) using CRISPR targeting H. sapiens ZBTB9,.,TF ChIP-seq,EFO:0002067,K562,cell_line,adult,encode,paired,True,OutputType.CHIP_TF,,,ZBTB9
EFO:0002067 TF ChIP-seq ZC3H8,.,TF ChIP-seq,EFO:0002067,K562,cell_line,adult,encode,paired,False,OutputType.CHIP_TF,,,ZC3H8
EFO:0002067 TF ChIP-seq ZEB2,.,TF ChIP-seq,EFO:0002067,K562,cell_line,adult,encode,paired,False,OutputType.CHIP_TF,,,ZEB2
EFO:0002067 TF ChIP-seq ZFP36,.,TF ChIP-seq,EFO:0002067,K562,cell_line,adult,encode,single,False,OutputType.CHIP_TF,,,ZFP36
EFO:0002067 TF ChIP-seq ZFP91,.,TF ChIP-seq,EFO:0002067,K562,cell_line,adult,encode,paired,False,OutputType.CHIP_TF,,,ZFP91
EFO:0002067 TF ChIP-seq ZFX genetically modified (insertion) using CRISPR targeting H. sapiens ZFX,.,TF ChIP-seq,EFO:0002067,K562,cell_line,adult,encode,single,True,OutputType.CHIP_TF,,,ZFX
EFO:0002067 TF ChIP-seq ZKSCAN1,.,TF ChIP-seq,EFO:0002067,K562,cell_line,adult,encode,single,False,OutputType.CHIP_TF,,,ZKSCAN1
EFO:0002067 TF ChIP-seq ZKSCAN8 genetically modified (insertion) using CRISPR targeting H. sapiens ZKSCAN8,.,TF ChIP-seq,EFO:0002067,K562,cell_line,adult,encode,single,True,OutputType.CHIP_TF,,,ZKSCAN8
EFO:0002067 TF ChIP-seq ZMIZ1,.,TF ChIP-seq,EFO:0002067,K562,cell_line,adult,encode,single,False,OutputType.CHIP_TF,,,ZMIZ1
EFO:0002067 TF ChIP-seq ZMYM3,.,TF ChIP-seq,EFO:0002067,K562,cell_line,adult,encode,single,False,OutputType.CHIP_TF,,,ZMYM3
EFO:0002067 TF ChIP-seq ZNF12 genetically modified (insertion) using CRISPR targeting H. sapiens ZNF12,.,TF ChIP-seq,EFO:0002067,K562,cell_line,adult,encode,single,True,OutputType.CHIP_TF,,,ZNF12
EFO:0002067 TF ChIP-seq ZNF121 genetically modified (insertion) using CRISPR targeting H. sapiens ZNF121,.,TF ChIP-seq,EFO:0002067,K562,cell_line,adult,encode,single,True,OutputType.CHIP_TF,,,ZNF121
EFO:0002067 TF ChIP-seq ZNF134 genetically modified (insertion) using CRISPR targeting H. sapiens ZNF134,.,TF ChIP-seq,EFO:0002067,K562,cell_line,adult,encode,paired,True,OutputType.CHIP_TF,,,ZNF134
EFO:0002067 TF ChIP-seq ZNF143 genetically modified (insertion) using CRISPR targeting H. sapiens ZNF143,.,TF ChIP-seq,EFO:0002067,K562,cell_line,adult,encode,single,True,OutputType.CHIP_TF,,,ZNF143
EFO:0002067 TF ChIP-seq ZNF146 genetically modified (insertion) using CRISPR targeting H. sapiens ZNF146,.,TF ChIP-seq,EFO:0002067,K562,cell_line,adult,encode,single,True,OutputType.CHIP_TF,,,ZNF146
EFO:0002067 TF ChIP-seq ZNF148 stably expressing C-terminal eGFP-tagged ZNF148,.,TF ChIP-seq,EFO:0002067,K562,cell_line,adult,encode,single,True,OutputType.CHIP_TF,,,ZNF148
EFO:0002067 TF ChIP-seq ZNF175 genetically modified (insertion) using CRISPR targeting H. sapiens ZNF175,.,TF ChIP-seq,EFO:0002067,K562,cell_line,adult,encode,single,True,OutputType.CHIP_TF,,,ZNF175
EFO:0002067 TF ChIP-seq ZNF184,.,TF ChIP-seq,EFO:0002067,K562,cell_line,adult,encode,paired,False,OutputType.CHIP_TF,,,ZNF184
EFO:0002067 TF ChIP-seq ZNF197 genetically modified (insertion) using CRISPR targeting H. sapiens ZNF197,.,TF ChIP-seq,EFO:0002067,K562,cell_line,adult,encode,single,True,OutputType.CHIP_TF,,,ZNF197
EFO:0002067 TF ChIP-seq ZNF239 genetically modified (insertion) using CRISPR targeting H. sapiens ZNF239,.,TF ChIP-seq,EFO:0002067,K562,cell_line,adult,encode,paired,True,OutputType.CHIP_TF,,,ZNF239
EFO:0002067 TF ChIP-seq ZNF24,.,TF ChIP-seq,EFO:0002067,K562,cell_line,adult,encode,paired,False,OutputType.CHIP_TF,,,ZNF24
EFO:0002067 TF ChIP-seq ZNF24 stably expressing C-terminal eGFP-tagged ZNF24,.,TF ChIP-seq,EFO:0002067,K562,cell_line,adult,encode,paired,True,OutputType.CHIP_TF,,,ZNF24
EFO:0002067 TF ChIP-seq ZNF263 genetically modified (insertion) using CRISPR targeting H. sapiens ZNF263,.,TF ChIP-seq,EFO:0002067,K562,cell_line,adult,encode,single,True,OutputType.CHIP_TF,,,ZNF263
EFO:0002067 TF ChIP-seq ZNF274,.,TF ChIP-seq,EFO:0002067,K562,cell_line,adult,encode,single,False,OutputType.CHIP_TF,,,ZNF274
EFO:0002067 TF ChIP-seq ZNF281 genetically modified (insertion) using CRISPR targeting H. sapiens ZNF281,.,TF ChIP-seq,EFO:0002067,K562,cell_line,adult,encode,paired,True,OutputType.CHIP_TF,,,ZNF281
EFO:0002067 TF ChIP-seq ZNF282,.,TF ChIP-seq,EFO:0002067,K562,cell_line,adult,encode,paired,False,OutputType.CHIP_TF,,,ZNF282
EFO:0002067 TF ChIP-seq ZNF316,.,TF ChIP-seq,EFO:0002067,K562,cell_line,adult,encode,paired,False,OutputType.CHIP_TF,,,ZNF316
EFO:0002067 TF ChIP-seq ZNF317 genetically modified (insertion) using CRISPR targeting H. sapiens ZNF317,.,TF ChIP-seq,EFO:0002067,K562,cell_line,adult,encode,single,True,OutputType.CHIP_TF,,,ZNF317
EFO:0002067 TF ChIP-seq ZNF318,.,TF ChIP-seq,EFO:0002067,K562,cell_line,adult,encode,paired,False,OutputType.CHIP_TF,,,ZNF318
EFO:0002067 TF ChIP-seq ZNF319 genetically modified (insertion) using CRISPR targeting H. sapiens ZNF319,.,TF ChIP-seq,EFO:0002067,K562,cell_line,adult,encode,paired,True,OutputType.CHIP_TF,,,ZNF319
EFO:0002067 TF ChIP-seq ZNF384,.,TF ChIP-seq,EFO:0002067,K562,cell_line,adult,encode,single,False,OutputType.CHIP_TF,,,ZNF384
EFO:0002067 TF ChIP-seq ZNF395 genetically modified (insertion) using CRISPR targeting H. sapiens ZNF395,.,TF ChIP-seq,EFO:0002067,K562,cell_line,adult,encode,single,True,OutputType.CHIP_TF,,,ZNF395
EFO:0002067 TF ChIP-seq ZNF407,.,TF ChIP-seq,EFO:0002067,K562,cell_line,adult,encode,paired,False,OutputType.CHIP_TF,,,ZNF407
EFO:0002067 TF ChIP-seq ZNF431 genetically modified (insertion) using CRISPR targeting H. sapiens ZNF431,.,TF ChIP-seq,EFO:0002067,K562,cell_line,adult,encode,single,True,OutputType.CHIP_TF,,,ZNF431
EFO:0002067 TF ChIP-seq ZNF507 genetically modified (insertion) using CRISPR targeting H. sapiens ZNF507,.,TF ChIP-seq,EFO:0002067,K562,cell_line,adult,encode,paired,True,OutputType.CHIP_TF,,,ZNF507
EFO:0002067 TF ChIP-seq ZNF507 stably expressing C-terminal eGFP-tagged ZNF507,.,TF ChIP-seq,EFO:0002067,K562,cell_line,adult,encode,paired,True,OutputType.CHIP_TF,,,ZNF507
EFO:0002067 TF ChIP-seq ZNF511 genetically modified (insertion) using CRISPR targeting H. sapiens ZNF511,.,TF ChIP-seq,EFO:0002067,K562,cell_line,adult,encode,single,True,OutputType.CHIP_TF,,,ZNF511
EFO:0002067 TF ChIP-seq ZNF512 stably expressing C-terminal eGFP-tagged ZNF512,.,TF ChIP-seq,EFO:0002067,K562,cell_line,adult,encode,paired,True,OutputType.CHIP_TF,,,ZNF512
EFO:0002067 TF ChIP-seq ZNF584 genetically modified (insertion) using CRISPR targeting H. sapiens ZNF584,.,TF ChIP-seq,EFO:0002067,K562,cell_line,adult,encode,single,True,OutputType.CHIP_TF,,,ZNF584
EFO:0002067 TF ChIP-seq ZNF589 genetically modified (insertion) using CRISPR targeting H. sapiens ZNF589,.,TF ChIP-seq,EFO:0002067,K562,cell_line,adult,encode,single,True,OutputType.CHIP_TF,,,ZNF589
EFO:0002067 TF ChIP-seq ZNF592,.,TF ChIP-seq,EFO:0002067,K562,cell_line,adult,encode,paired,False,OutputType.CHIP_TF,,,ZNF592
EFO:0002067 TF ChIP-seq ZNF639,.,TF ChIP-seq,EFO:0002067,K562,cell_line,adult,encode,paired,False,OutputType.CHIP_TF,,,ZNF639
EFO:0002067 TF ChIP-seq ZNF639 genetically modified (insertion) using CRISPR targeting H. sapiens ZNF639,.,TF ChIP-seq,EFO:0002067,K562,cell_line,adult,encode,single,True,OutputType.CHIP_TF,,,ZNF639
EFO:0002067 TF ChIP-seq ZNF644 stably expressing C-terminal eGFP-tagged ZNF644,.,TF ChIP-seq,EFO:0002067,K562,cell_line,adult,encode,single,True,OutputType.CHIP_TF,,,ZNF644
EFO:0002067 TF ChIP-seq ZNF7 genetically modified (insertion) using CRISPR targeting H. sapiens ZNF7,.,TF ChIP-seq,EFO:0002067,K562,cell_line,adult,encode,single,True,OutputType.CHIP_TF,,,ZNF7
EFO:0002067 TF ChIP-seq ZNF740 genetically modified (insertion) using CRISPR targeting H. sapiens ZNF740,.,TF ChIP-seq,EFO:0002067,K562,cell_line,adult,encode,single,True,OutputType.CHIP_TF,,,ZNF740
EFO:0002067 TF ChIP-seq ZNF740 stably expressing C-terminal eGFP-tagged ZNF740,.,TF ChIP-seq,EFO:0002067,K562,cell_line,adult,encode,single,True,OutputType.CHIP_TF,,,ZNF740
EFO:0002067 TF ChIP-seq ZNF766 genetically modified (insertion) using CRISPR targeting H. sapiens ZNF766,.,TF ChIP-seq,EFO:0002067,K562,cell_line,adult,encode,single,True,OutputType.CHIP_TF,,,ZNF766
EFO:0002067 TF ChIP-seq ZNF778 genetically modified (insertion) using CRISPR targeting H. sapiens ZNF778,.,TF ChIP-seq,EFO:0002067,K562,cell_line,adult,encode,paired,True,OutputType.CHIP_TF,,,ZNF778
EFO:0002067 TF ChIP-seq ZNF83 stably expressing C-terminal eGFP-tagged ZNF83,.,TF ChIP-seq,EFO:0002067,K562,cell_line,adult,encode,single,True,OutputType.CHIP_TF,,,ZNF83
EFO:0002067 TF ChIP-seq ZSCAN29,.,TF ChIP-seq,EFO:0002067,K562,cell_line,adult,encode,paired,False,OutputType.CHIP_TF,,,ZSCAN29
EFO:0002071 TF ChIP-seq CTCF,.,TF ChIP-seq,EFO:0002071,LNCAP,cell_line,adult,encode,paired,False,OutputType.CHIP_TF,,,CTCF
EFO:0002074 TF ChIP-seq CTCF,.,TF ChIP-seq,EFO:0002074,PC-3,cell_line,adult,encode,single,False,OutputType.CHIP_TF,,,CTCF
EFO:0002095 TF ChIP-seq CTCF,.,TF ChIP-seq,EFO:0002095,22Rv1,cell_line,unknown,encode,paired,False,OutputType.CHIP_TF,,,CTCF
EFO:0002106 TF ChIP-seq CTCF,.,TF ChIP-seq,EFO:0002106,A673,cell_line,child,encode,single,False,OutputType.CHIP_TF,,,CTCF
EFO:0002167 TF ChIP-seq CTCF,.,TF ChIP-seq,EFO:0002167,DOHH2,cell_line,adult,encode,single,False,OutputType.CHIP_TF,,,CTCF
EFO:0002323 TF ChIP-seq CTCF,.,TF ChIP-seq,EFO:0002323,RWPE1,cell_line,adult,encode,paired,False,OutputType.CHIP_TF,,,CTCF
EFO:0002324 TF ChIP-seq POLR2A,.,TF ChIP-seq,EFO:0002324,Raji,cell_line,child,encode,single,False,OutputType.CHIP_TF,,,POLR2A
EFO:0002713 TF ChIP-seq CTCF,.,TF ChIP-seq,EFO:0002713,Panc1,cell_line,adult,encode,paired,False,OutputType.CHIP_TF,,,CTCF
EFO:0002713 TF ChIP-seq POLR2AphosphoS5,.,TF ChIP-seq,EFO:0002713,Panc1,cell_line,adult,encode,single,False,OutputType.CHIP_TF,,,POLR2AphosphoS5
EFO:0002713 TF ChIP-seq REST,.,TF ChIP-seq,EFO:0002713,Panc1,cell_line,adult,encode,single,False,OutputType.CHIP_TF,,,REST
EFO:0002713 TF ChIP-seq SIN3A,.,TF ChIP-seq,EFO:0002713,Panc1,cell_line,adult,encode,single,False,OutputType.CHIP_TF,,,SIN3A
EFO:0002713 TF ChIP-seq TCF7L2,.,TF ChIP-seq,EFO:0002713,Panc1,cell_line,adult,encode,single,False,OutputType.CHIP_TF,,,TCF7L2
EFO:0002717 TF ChIP-seq GATA2,.,TF ChIP-seq,EFO:0002717,SH-SY5Y,cell_line,child,encode,single,False,OutputType.CHIP_TF,,,GATA2
EFO:0002717 TF ChIP-seq GATA3,.,TF ChIP-seq,EFO:0002717,SH-SY5Y,cell_line,child,encode,single,False,OutputType.CHIP_TF,,,GATA3
EFO:0002779 TF ChIP-seq CTCF,.,TF ChIP-seq,EFO:0002779,BJ,cell_line,newborn,encode,single,False,OutputType.CHIP_TF,,,CTCF
EFO:0002782 TF ChIP-seq CTCF,.,TF ChIP-seq,EFO:0002782,H54,cell_line,adult,encode,single,False,OutputType.CHIP_TF,,,CTCF
EFO:0002782 TF ChIP-seq POLR2A,.,TF ChIP-seq,EFO:0002782,H54,cell_line,adult,encode,single,False,OutputType.CHIP_TF,,,POLR2A
EFO:0002783 TF ChIP-seq CTCF,.,TF ChIP-seq,EFO:0002783,GM06990,cell_line,unknown,encode,single,False,OutputType.CHIP_TF,,,CTCF
EFO:0002784 TF ChIP-seq ARID3A,.,TF ChIP-seq,EFO:0002784,GM12878,cell_line,adult,encode,paired,False,OutputType.CHIP_TF,,,ARID3A
EFO:0002784 TF ChIP-seq ARNT,.,TF ChIP-seq,EFO:0002784,GM12878,cell_line,adult,encode,paired,False,OutputType.CHIP_TF,,,ARNT
EFO:0002784 TF ChIP-seq ATF2,.,TF ChIP-seq,EFO:0002784,GM12878,cell_line,adult,encode,single,False,OutputType.CHIP_TF,,,ATF2
EFO:0002784 TF ChIP-seq ATF7,.,TF ChIP-seq,EFO:0002784,GM12878,cell_line,adult,encode,paired,False,OutputType.CHIP_TF,,,ATF7
EFO:0002784 TF ChIP-seq BACH1,.,TF ChIP-seq,EFO:0002784,GM12878,cell_line,adult,encode,paired,False,OutputType.CHIP_TF,,,BACH1
EFO:0002784 TF ChIP-seq BATF,.,TF ChIP-seq,EFO:0002784,GM12878,cell_line,adult,encode,single,False,OutputType.CHIP_TF,,,BATF
EFO:0002784 TF ChIP-seq BCL11A,.,TF ChIP-seq,EFO:0002784,GM12878,cell_line,adult,encode,single,False,OutputType.CHIP_TF,,,BCL11A
EFO:0002784 TF ChIP-seq BCLAF1,.,TF ChIP-seq,EFO:0002784,GM12878,cell_line,adult,encode,single,False,OutputType.CHIP_TF,,,BCLAF1
EFO:0002784 TF ChIP-seq BHLHE40,.,TF ChIP-seq,EFO:0002784,GM12878,cell_line,adult,encode,paired,False,OutputType.CHIP_TF,,,BHLHE40
EFO:0002784 TF ChIP-seq BMI1,.,TF ChIP-seq,EFO:0002784,GM12878,cell_line,adult,encode,paired,False,OutputType.CHIP_TF,,,BMI1
EFO:0002784 TF ChIP-seq CBFB,.,TF ChIP-seq,EFO:0002784,GM12878,cell_line,adult,encode,single,False,OutputType.CHIP_TF,,,CBFB
EFO:0002784 TF ChIP-seq CBX5,.,TF ChIP-seq,EFO:0002784,GM12878,cell_line,adult,encode,single,False,OutputType.CHIP_TF,,,CBX5
EFO:0002784 TF ChIP-seq CHD2,.,TF ChIP-seq,EFO:0002784,GM12878,cell_line,adult,encode,single,False,OutputType.CHIP_TF,,,CHD2
EFO:0002784 TF ChIP-seq CREB1,.,TF ChIP-seq,EFO:0002784,GM12878,cell_line,adult,encode,single,False,OutputType.CHIP_TF,,,CREB1
EFO:0002784 TF ChIP-seq CREM,.,TF ChIP-seq,EFO:0002784,GM12878,cell_line,adult,encode,single,False,OutputType.CHIP_TF,,,CREM
EFO:0002784 TF ChIP-seq CTCF,.,TF ChIP-seq,EFO:0002784,GM12878,cell_line,adult,encode,single,False,OutputType.CHIP_TF,,,CTCF
EFO:0002784 TF ChIP-seq DPF2,.,TF ChIP-seq,EFO:0002784,GM12878,cell_line,adult,encode,paired,False,OutputType.CHIP_TF,,,DPF2
EFO:0002784 TF ChIP-seq E4F1,.,TF ChIP-seq,EFO:0002784,GM12878,cell_line,adult,encode,paired,False,OutputType.CHIP_TF,,,E4F1
EFO:0002784 TF ChIP-seq EBF1,.,TF ChIP-seq,EFO:0002784,GM12878,cell_line,adult,encode,single,False,OutputType.CHIP_TF,,,EBF1
EFO:0002784 TF ChIP-seq EED,.,TF ChIP-seq,EFO:0002784,GM12878,cell_line,adult,encode,single,False,OutputType.CHIP_TF,,,EED
EFO:0002784 TF ChIP-seq EGR1,.,TF ChIP-seq,EFO:0002784,GM12878,cell_line,adult,encode,single,False,OutputType.CHIP_TF,,,EGR1
EFO:0002784 TF ChIP-seq ELF1,.,TF ChIP-seq,EFO:0002784,GM12878,cell_line,adult,encode,paired,False,OutputType.CHIP_TF,,,ELF1
EFO:0002784 TF ChIP-seq ELK1,.,TF ChIP-seq,EFO:0002784,GM12878,cell_line,adult,encode,single,False,OutputType.CHIP_TF,,,ELK1
EFO:0002784 TF ChIP-seq EP300,.,TF ChIP-seq,EFO:0002784,GM12878,cell_line,adult,encode,single,False,OutputType.CHIP_TF,,,EP300
EFO:0002784 TF ChIP-seq ETS1,.,TF ChIP-seq,EFO:0002784,GM12878,cell_line,adult,encode,single,False,OutputType.CHIP_TF,,,ETS1
EFO:0002784 TF ChIP-seq ETV6,.,TF ChIP-seq,EFO:0002784,GM12878,cell_line,adult,encode,single,False,OutputType.CHIP_TF,,,ETV6
EFO:0002784 TF ChIP-seq FOXK2,.,TF ChIP-seq,EFO:0002784,GM12878,cell_line,adult,encode,paired,False,OutputType.CHIP_TF,,,FOXK2
EFO:0002784 TF ChIP-seq FOXM1,.,TF ChIP-seq,EFO:0002784,GM12878,cell_line,adult,encode,single,False,OutputType.CHIP_TF,,,FOXM1
EFO:0002784 TF ChIP-seq GABPA,.,TF ChIP-seq,EFO:0002784,GM12878,cell_line,adult,encode,single,False,OutputType.CHIP_TF,,,GABPA
EFO:0002784 TF ChIP-seq GATAD2B,.,TF ChIP-seq,EFO:0002784,GM12878,cell_line,adult,encode,paired,False,OutputType.CHIP_TF,,,GATAD2B
EFO:0002784 TF ChIP-seq HCFC1,.,TF ChIP-seq,EFO:0002784,GM12878,cell_line,adult,encode,single,False,OutputType.CHIP_TF,,,HCFC1
EFO:0002784 TF ChIP-seq HDGF,.,TF ChIP-seq,EFO:0002784,GM12878,cell_line,adult,encode,paired,False,OutputType.CHIP_TF,,,HDGF
EFO:0002784 TF ChIP-seq IKZF1,.,TF ChIP-seq,EFO:0002784,GM12878,cell_line,adult,encode,paired,False,OutputType.CHIP_TF,,,IKZF1
EFO:0002784 TF ChIP-seq IKZF2,.,TF ChIP-seq,EFO:0002784,GM12878,cell_line,adult,encode,paired,False,OutputType.CHIP_TF,,,IKZF2
EFO:0002784 TF ChIP-seq IRF4,.,TF ChIP-seq,EFO:0002784,GM12878,cell_line,adult,encode,single,False,OutputType.CHIP_TF,,,IRF4
EFO:0002784 TF ChIP-seq JUNB,.,TF ChIP-seq,EFO:0002784,GM12878,cell_line,adult,encode,single,False,OutputType.CHIP_TF,,,JUNB
EFO:0002784 TF ChIP-seq JUND,.,TF ChIP-seq,EFO:0002784,GM12878,cell_line,adult,encode,single,False,OutputType.CHIP_TF,,,JUND
EFO:0002784 TF ChIP-seq KLF5,.,TF ChIP-seq,EFO:0002784,GM12878,cell_line,adult,encode,paired,False,OutputType.CHIP_TF,,,KLF5
EFO:0002784 TF ChIP-seq LARP7,.,TF ChIP-seq,EFO:0002784,GM12878,cell_line,adult,encode,paired,False,OutputType.CHIP_TF,,,LARP7
EFO:0002784 TF ChIP-seq MAFK,.,TF ChIP-seq,EFO:0002784,GM12878,cell_line,adult,encode,single,False,OutputType.CHIP_TF,,,MAFK
EFO:0002784 TF ChIP-seq MAX,.,TF ChIP-seq,EFO:0002784,GM12878,cell_line,adult,encode,single,False,OutputType.CHIP_TF,,,MAX
EFO:0002784 TF ChIP-seq MAZ,.,TF ChIP-seq,EFO:0002784,GM12878,cell_line,adult,encode,single,False,OutputType.CHIP_TF,,,MAZ
EFO:0002784 TF ChIP-seq MAZ genetically modified (insertion) using CRISPR targeting H. sapiens MAZ,.,TF ChIP-seq,EFO:0002784,GM12878,cell_line,adult,encode,paired,True,OutputType.CHIP_TF,,,MAZ
EFO:0002784 TF ChIP-seq MEF2A,.,TF ChIP-seq,EFO:0002784,GM12878,cell_line,adult,encode,single,False,OutputType.CHIP_TF,,,MEF2A
EFO:0002784 TF ChIP-seq MLLT1,.,TF ChIP-seq,EFO:0002784,GM12878,cell_line,adult,encode,paired,False,OutputType.CHIP_TF,,,MLLT1
EFO:0002784 TF ChIP-seq MTA2,.,TF ChIP-seq,EFO:0002784,GM12878,cell_line,adult,encode,paired,False,OutputType.CHIP_TF,,,MTA2
EFO:0002784 TF ChIP-seq MTA3,.,TF ChIP-seq,EFO:0002784,GM12878,cell_line,adult,encode,single,False,OutputType.CHIP_TF,,,MTA3
EFO:0002784 TF ChIP-seq MXI1,.,TF ChIP-seq,EFO:0002784,GM12878,cell_line,adult,encode,single,False,OutputType.CHIP_TF,,,MXI1
EFO:0002784 TF ChIP-seq NBN,.,TF ChIP-seq,EFO:0002784,GM12878,cell_line,adult,encode,paired,False,OutputType.CHIP_TF,,,NBN
EFO:0002784 TF ChIP-seq NFATC1,.,TF ChIP-seq,EFO:0002784,GM12878,cell_line,adult,encode,single,False,OutputType.CHIP_TF,,,NFATC1
EFO:0002784 TF ChIP-seq NFIC,.,TF ChIP-seq,EFO:0002784,GM12878,cell_line,adult,encode,single,False,OutputType.CHIP_TF,,,NFIC
EFO:0002784 TF ChIP-seq NFYB,.,TF ChIP-seq,EFO:0002784,GM12878,cell_line,adult,encode,single,False,OutputType.CHIP_TF,,,NFYB
EFO:0002784 TF ChIP-seq NKRF,.,TF ChIP-seq,EFO:0002784,GM12878,cell_line,adult,encode,paired,False,OutputType.CHIP_TF,,,NKRF
EFO:0002784 TF ChIP-seq NR2C1,.,TF ChIP-seq,EFO:0002784,GM12878,cell_line,adult,encode,paired,False,OutputType.CHIP_TF,,,NR2C1
EFO:0002784 TF ChIP-seq NR2F1,.,TF ChIP-seq,EFO:0002784,GM12878,cell_line,adult,encode,paired,False,OutputType.CHIP_TF,,,NR2F1
EFO:0002784 TF ChIP-seq NRF1,.,TF ChIP-seq,EFO:0002784,GM12878,cell_line,adult,encode,single,False,OutputType.CHIP_TF,,,NRF1
EFO:0002784 TF ChIP-seq PAX5,.,TF ChIP-seq,EFO:0002784,GM12878,cell_line,adult,encode,single,False,OutputType.CHIP_TF,,,PAX5
EFO:0002784 TF ChIP-seq PKNOX1,.,TF ChIP-seq,EFO:0002784,GM12878,cell_line,adult,encode,paired,False,OutputType.CHIP_TF,,,PKNOX1
EFO:0002784 TF ChIP-seq PML,.,TF ChIP-seq,EFO:0002784,GM12878,cell_line,adult,encode,single,False,OutputType.CHIP_TF,,,PML
EFO:0002784 TF ChIP-seq POLR2A,.,TF ChIP-seq,EFO:0002784,GM12878,cell_line,adult,encode,single,False,OutputType.CHIP_TF,,,POLR2A
EFO:0002784 TF ChIP-seq POLR2AphosphoS2,.,TF ChIP-seq,EFO:0002784,GM12878,cell_line,adult,encode,single,False,OutputType.CHIP_TF,,,POLR2AphosphoS2
EFO:0002784 TF ChIP-seq POLR2AphosphoS5,.,TF ChIP-seq,EFO:0002784,GM12878,cell_line,adult,encode,single,False,OutputType.CHIP_TF,,,POLR2AphosphoS5
EFO:0002784 TF ChIP-seq POU2F2,.,TF ChIP-seq,EFO:0002784,GM12878,cell_line,adult,encode,single,False,OutputType.CHIP_TF,,,POU2F2
EFO:0002784 TF ChIP-seq RAD21,.,TF ChIP-seq,EFO:0002784,GM12878,cell_line,adult,encode,single,False,OutputType.CHIP_TF,,,RAD21
EFO:0002784 TF ChIP-seq RAD51,.,TF ChIP-seq,EFO:0002784,GM12878,cell_line,adult,encode,paired,False,OutputType.CHIP_TF,,,RAD51
EFO:0002784 TF ChIP-seq RB1,.,TF ChIP-seq,EFO:0002784,GM12878,cell_line,adult,encode,paired,False,OutputType.CHIP_TF,,,RB1
EFO:0002784 TF ChIP-seq RELA,.,TF ChIP-seq,EFO:0002784,GM12878,cell_line,adult,encode,paired,False,OutputType.CHIP_TF,,,RELA
EFO:0002784 TF ChIP-seq RELB,.,TF ChIP-seq,EFO:0002784,GM12878,cell_line,adult,encode,paired,False,OutputType.CHIP_TF,,,RELB
EFO:0002784 TF ChIP-seq REST,.,TF ChIP-seq,EFO:0002784,GM12878,cell_line,adult,encode,single,False,OutputType.CHIP_TF,,,REST
EFO:0002784 TF ChIP-seq RFX5,.,TF ChIP-seq,EFO:0002784,GM12878,cell_line,adult,encode,single,False,OutputType.CHIP_TF,,,RFX5
EFO:0002784 TF ChIP-seq RUNX3,.,TF ChIP-seq,EFO:0002784,GM12878,cell_line,adult,encode,single,False,OutputType.CHIP_TF,,,RUNX3
EFO:0002784 TF ChIP-seq SIN3A,.,TF ChIP-seq,EFO:0002784,GM12878,cell_line,adult,encode,single,False,OutputType.CHIP_TF,,,SIN3A
EFO:0002784 TF ChIP-seq SMAD1,.,TF ChIP-seq,EFO:0002784,GM12878,cell_line,adult,encode,paired,False,OutputType.CHIP_TF,,,SMAD1
EFO:0002784 TF ChIP-seq SMAD5,.,TF ChIP-seq,EFO:0002784,GM12878,cell_line,adult,encode,single,False,OutputType.CHIP_TF,,,SMAD5
EFO:0002784 TF ChIP-seq SMARCA5,.,TF ChIP-seq,EFO:0002784,GM12878,cell_line,adult,encode,paired,False,OutputType.CHIP_TF,,,SMARCA5
EFO:0002784 TF ChIP-seq SMC3,.,TF ChIP-seq,EFO:0002784,GM12878,cell_line,adult,encode,single,False,OutputType.CHIP_TF,,,SMC3
EFO:0002784 TF ChIP-seq SP1,.,TF ChIP-seq,EFO:0002784,GM12878,cell_line,adult,encode,single,False,OutputType.CHIP_TF,,,SP1
EFO:0002784 TF ChIP-seq SPI1,.,TF ChIP-seq,EFO:0002784,GM12878,cell_line,adult,encode,single,False,OutputType.CHIP_TF,,,SPI1
EFO:0002784 TF ChIP-seq SRF,.,TF ChIP-seq,EFO:0002784,GM12878,cell_line,adult,encode,single,False,OutputType.CHIP_TF,,,SRF
EFO:0002784 TF ChIP-seq STAT5A,.,TF ChIP-seq,EFO:0002784,GM12878,cell_line,adult,encode,single,False,OutputType.CHIP_TF,,,STAT5A
EFO:0002784 TF ChIP-seq SUPT20H,.,TF ChIP-seq,EFO:0002784,GM12878,cell_line,adult,encode,single,False,OutputType.CHIP_TF,,,SUPT20H
EFO:0002784 TF ChIP-seq TAF1,.,TF ChIP-seq,EFO:0002784,GM12878,cell_line,adult,encode,single,False,OutputType.CHIP_TF,,,TAF1
EFO:0002784 TF ChIP-seq TARDBP,.,TF ChIP-seq,EFO:0002784,GM12878,cell_line,adult,encode,paired,False,OutputType.CHIP_TF,,,TARDBP
EFO:0002784 TF ChIP-seq TBL1XR1,.,TF ChIP-seq,EFO:0002784,GM12878,cell_line,adult,encode,single,False,OutputType.CHIP_TF,,,TBL1XR1
EFO:0002784 TF ChIP-seq TBP,.,TF ChIP-seq,EFO:0002784,GM12878,cell_line,adult,encode,single,False,OutputType.CHIP_TF,,,TBP
EFO:0002784 TF ChIP-seq TBX21,.,TF ChIP-seq,EFO:0002784,GM12878,cell_line,adult,encode,paired,False,OutputType.CHIP_TF,,,TBX21
EFO:0002784 TF ChIP-seq TCF12,.,TF ChIP-seq,EFO:0002784,GM12878,cell_line,adult,encode,paired,False,OutputType.CHIP_TF,,,TCF12
EFO:0002784 TF ChIP-seq TCF3,.,TF ChIP-seq,EFO:0002784,GM12878,cell_line,adult,encode,single,False,OutputType.CHIP_TF,,,TCF3
EFO:0002784 TF ChIP-seq TCF7,.,TF ChIP-seq,EFO:0002784,GM12878,cell_line,adult,encode,single,False,OutputType.CHIP_TF,,,TCF7
EFO:0002784 TF ChIP-seq TRIM22,.,TF ChIP-seq,EFO:0002784,GM12878,cell_line,adult,encode,paired,False,OutputType.CHIP_TF,,,TRIM22
EFO:0002784 TF ChIP-seq USF2,.,TF ChIP-seq,EFO:0002784,GM12878,cell_line,adult,encode,single,False,OutputType.CHIP_TF,,,USF2
EFO:0002784 TF ChIP-seq YY1,.,TF ChIP-seq,EFO:0002784,GM12878,cell_line,adult,encode,single,False,OutputType.CHIP_TF,,,YY1
EFO:0002784 TF ChIP-seq ZBED1,.,TF ChIP-seq,EFO:0002784,GM12878,cell_line,adult,encode,single,False,OutputType.CHIP_TF,,,ZBED1
EFO:0002784 TF ChIP-seq ZBTB11 genetically modified (insertion) using CRISPR targeting H. sapiens ZBTB11,.,TF ChIP-seq,EFO:0002784,GM12878,cell_line,adult,encode,paired,True,OutputType.CHIP_TF,,,ZBTB11
EFO:0002784 TF ChIP-seq ZBTB40,.,TF ChIP-seq,EFO:0002784,GM12878,cell_line,adult,encode,paired,False,OutputType.CHIP_TF,,,ZBTB40
EFO:0002784 TF ChIP-seq ZFP36,.,TF ChIP-seq,EFO:0002784,GM12878,cell_line,adult,encode,single,False,OutputType.CHIP_TF,,,ZFP36
EFO:0002784 TF ChIP-seq ZNF207,.,TF ChIP-seq,EFO:0002784,GM12878,cell_line,adult,encode,paired,False,OutputType.CHIP_TF,,,ZNF207
EFO:0002784 TF ChIP-seq ZNF217,.,TF ChIP-seq,EFO:0002784,GM12878,cell_line,adult,encode,paired,False,OutputType.CHIP_TF,,,ZNF217
EFO:0002784 TF ChIP-seq ZNF24,.,TF ChIP-seq,EFO:0002784,GM12878,cell_line,adult,encode,paired,False,OutputType.CHIP_TF,,,ZNF24
EFO:0002784 TF ChIP-seq ZNF384,.,TF ChIP-seq,EFO:0002784,GM12878,cell_line,adult,encode,single,False,OutputType.CHIP_TF,,,ZNF384
EFO:0002784 TF ChIP-seq ZNF687,.,TF ChIP-seq,EFO:0002784,GM12878,cell_line,adult,encode,paired,False,OutputType.CHIP_TF,,,ZNF687
EFO:0002785 TF ChIP-seq POLR2A,.,TF ChIP-seq,EFO:0002785,GM12891,cell_line,unknown,encode,single,False,OutputType.CHIP_TF,,,POLR2A
EFO:0002785 TF ChIP-seq POLR2AphosphoS5,.,TF ChIP-seq,EFO:0002785,GM12891,cell_line,unknown,encode,single,False,OutputType.CHIP_TF,,,POLR2AphosphoS5
EFO:0002785 TF ChIP-seq POU2F2,.,TF ChIP-seq,EFO:0002785,GM12891,cell_line,unknown,encode,single,False,OutputType.CHIP_TF,,,POU2F2
EFO:0002785 TF ChIP-seq SPI1,.,TF ChIP-seq,EFO:0002785,GM12891,cell_line,unknown,encode,single,False,OutputType.CHIP_TF,,,SPI1
EFO:0002785 TF ChIP-seq TAF1,.,TF ChIP-seq,EFO:0002785,GM12891,cell_line,unknown,encode,single,False,OutputType.CHIP_TF,,,TAF1
EFO:0002785 TF ChIP-seq YY1,.,TF ChIP-seq,EFO:0002785,GM12891,cell_line,unknown,encode,single,False,OutputType.CHIP_TF,,,YY1
EFO:0002786 TF ChIP-seq POLR2A,.,TF ChIP-seq,EFO:0002786,GM12892,cell_line,unknown,encode,single,False,OutputType.CHIP_TF,,,POLR2A
EFO:0002786 TF ChIP-seq POLR2AphosphoS5,.,TF ChIP-seq,EFO:0002786,GM12892,cell_line,unknown,encode,single,False,OutputType.CHIP_TF,,,POLR2AphosphoS5
EFO:0002786 TF ChIP-seq TAF1,.,TF ChIP-seq,EFO:0002786,GM12892,cell_line,unknown,encode,single,False,OutputType.CHIP_TF,,,TAF1
EFO:0002786 TF ChIP-seq YY1,.,TF ChIP-seq,EFO:0002786,GM12892,cell_line,unknown,encode,single,False,OutputType.CHIP_TF,,,YY1
EFO:0002791 TF ChIP-seq BRCA1,.,TF ChIP-seq,EFO:0002791,HeLa-S3,cell_line,adult,encode,single,False,OutputType.CHIP_TF,,,BRCA1
EFO:0002791 TF ChIP-seq BRF2,.,TF ChIP-seq,EFO:0002791,HeLa-S3,cell_line,adult,encode,single,False,OutputType.CHIP_TF,,,BRF2
EFO:0002791 TF ChIP-seq CEBPB,.,TF ChIP-seq,EFO:0002791,HeLa-S3,cell_line,adult,encode,single,False,OutputType.CHIP_TF,,,CEBPB
EFO:0002791 TF ChIP-seq CHD2,.,TF ChIP-seq,EFO:0002791,HeLa-S3,cell_line,adult,encode,single,False,OutputType.CHIP_TF,,,CHD2
EFO:0002791 TF ChIP-seq CTCF,.,TF ChIP-seq,EFO:0002791,HeLa-S3,cell_line,adult,encode,single,False,OutputType.CHIP_TF,,,CTCF
EFO:0002791 TF ChIP-seq E2F1,.,TF ChIP-seq,EFO:0002791,HeLa-S3,cell_line,adult,encode,single,False,OutputType.CHIP_TF,,,E2F1
EFO:0002791 TF ChIP-seq E2F4,.,TF ChIP-seq,EFO:0002791,HeLa-S3,cell_line,adult,encode,single,False,OutputType.CHIP_TF,,,E2F4
EFO:0002791 TF ChIP-seq ELK1,.,TF ChIP-seq,EFO:0002791,HeLa-S3,cell_line,adult,encode,single,False,OutputType.CHIP_TF,,,ELK1
EFO:0002791 TF ChIP-seq ELK4,.,TF ChIP-seq,EFO:0002791,HeLa-S3,cell_line,adult,encode,single,False,OutputType.CHIP_TF,,,ELK4
EFO:0002791 TF ChIP-seq EP300,.,TF ChIP-seq,EFO:0002791,HeLa-S3,cell_line,adult,encode,single,False,OutputType.CHIP_TF,,,EP300
EFO:0002791 TF ChIP-seq GABPA,.,TF ChIP-seq,EFO:0002791,HeLa-S3,cell_line,adult,encode,single,False,OutputType.CHIP_TF,,,GABPA
EFO:0002791 TF ChIP-seq GTF2F1,.,TF ChIP-seq,EFO:0002791,HeLa-S3,cell_line,adult,encode,single,False,OutputType.CHIP_TF,,,GTF2F1
EFO:0002791 TF ChIP-seq HCFC1,.,TF ChIP-seq,EFO:0002791,HeLa-S3,cell_line,adult,encode,single,False,OutputType.CHIP_TF,,,HCFC1
EFO:0002791 TF ChIP-seq JUN,.,TF ChIP-seq,EFO:0002791,HeLa-S3,cell_line,adult,encode,single,False,OutputType.CHIP_TF,,,JUN
EFO:0002791 TF ChIP-seq JUND,.,TF ChIP-seq,EFO:0002791,HeLa-S3,cell_line,adult,encode,single,False,OutputType.CHIP_TF,,,JUND
EFO:0002791 TF ChIP-seq MAFF,.,TF ChIP-seq,EFO:0002791,HeLa-S3,cell_line,adult,encode,single,False,OutputType.CHIP_TF,,,MAFF
EFO:0002791 TF ChIP-seq MAFK,.,TF ChIP-seq,EFO:0002791,HeLa-S3,cell_line,adult,encode,single,False,OutputType.CHIP_TF,,,MAFK
EFO:0002791 TF ChIP-seq MAX,.,TF ChIP-seq,EFO:0002791,HeLa-S3,cell_line,adult,encode,single,False,OutputType.CHIP_TF,,,MAX
EFO:0002791 TF ChIP-seq MAZ,.,TF ChIP-seq,EFO:0002791,HeLa-S3,cell_line,adult,encode,single,False,OutputType.CHIP_TF,,,MAZ
EFO:0002791 TF ChIP-seq MXI1,.,TF ChIP-seq,EFO:0002791,HeLa-S3,cell_line,adult,encode,single,False,OutputType.CHIP_TF,,,MXI1
EFO:0002791 TF ChIP-seq NFE2L2,.,TF ChIP-seq,EFO:0002791,HeLa-S3,cell_line,adult,encode,single,False,OutputType.CHIP_TF,,,NFE2L2
EFO:0002791 TF ChIP-seq NFYA,.,TF ChIP-seq,EFO:0002791,HeLa-S3,cell_line,adult,encode,single,False,OutputType.CHIP_TF,,,NFYA
EFO:0002791 TF ChIP-seq NFYB,.,TF ChIP-seq,EFO:0002791,HeLa-S3,cell_line,adult,encode,single,False,OutputType.CHIP_TF,,,NFYB
EFO:0002791 TF ChIP-seq NR2C2,.,TF ChIP-seq,EFO:0002791,HeLa-S3,cell_line,adult,encode,single,False,OutputType.CHIP_TF,,,NR2C2
EFO:0002791 TF ChIP-seq POLR2A,.,TF ChIP-seq,EFO:0002791,HeLa-S3,cell_line,adult,encode,single,False,OutputType.CHIP_TF,,,POLR2A
EFO:0002791 TF ChIP-seq POLR2AphosphoS2,.,TF ChIP-seq,EFO:0002791,HeLa-S3,cell_line,adult,encode,single,False,OutputType.CHIP_TF,,,POLR2AphosphoS2
EFO:0002791 TF ChIP-seq POLR3A,.,TF ChIP-seq,EFO:0002791,HeLa-S3,cell_line,adult,encode,single,False,OutputType.CHIP_TF,,,POLR3A
EFO:0002791 TF ChIP-seq PRDM1,.,TF ChIP-seq,EFO:0002791,HeLa-S3,cell_line,adult,encode,single,False,OutputType.CHIP_TF,,,PRDM1
EFO:0002791 TF ChIP-seq RAD21,.,TF ChIP-seq,EFO:0002791,HeLa-S3,cell_line,adult,encode,single,False,OutputType.CHIP_TF,,,RAD21
EFO:0002791 TF ChIP-seq REST,.,TF ChIP-seq,EFO:0002791,HeLa-S3,cell_line,adult,encode,single,False,OutputType.CHIP_TF,,,REST
EFO:0002791 TF ChIP-seq RFX5,.,TF ChIP-seq,EFO:0002791,HeLa-S3,cell_line,adult,encode,single,False,OutputType.CHIP_TF,,,RFX5
EFO:0002791 TF ChIP-seq SMARCB1,.,TF ChIP-seq,EFO:0002791,HeLa-S3,cell_line,adult,encode,single,False,OutputType.CHIP_TF,,,SMARCB1
EFO:0002791 TF ChIP-seq SMARCC1,.,TF ChIP-seq,EFO:0002791,HeLa-S3,cell_line,adult,encode,single,False,OutputType.CHIP_TF,,,SMARCC1
EFO:0002791 TF ChIP-seq SMC3,.,TF ChIP-seq,EFO:0002791,HeLa-S3,cell_line,adult,encode,single,False,OutputType.CHIP_TF,,,SMC3
EFO:0002791 TF ChIP-seq STAT3,.,TF ChIP-seq,EFO:0002791,HeLa-S3,cell_line,adult,encode,single,False,OutputType.CHIP_TF,,,STAT3
EFO:0002791 TF ChIP-seq SUPT20H,.,TF ChIP-seq,EFO:0002791,HeLa-S3,cell_line,adult,encode,single,False,OutputType.CHIP_TF,,,SUPT20H
EFO:0002791 TF ChIP-seq TAF1,.,TF ChIP-seq,EFO:0002791,HeLa-S3,cell_line,adult,encode,single,False,OutputType.CHIP_TF,,,TAF1
EFO:0002791 TF ChIP-seq TBP,.,TF ChIP-seq,EFO:0002791,HeLa-S3,cell_line,adult,encode,single,False,OutputType.CHIP_TF,,,TBP
EFO:0002791 TF ChIP-seq TCF7L2,.,TF ChIP-seq,EFO:0002791,HeLa-S3,cell_line,adult,encode,single,False,OutputType.CHIP_TF,,,TCF7L2
EFO:0002791 TF ChIP-seq USF2,.,TF ChIP-seq,EFO:0002791,HeLa-S3,cell_line,adult,encode,single,False,OutputType.CHIP_TF,,,USF2
EFO:0002793 TF ChIP-seq CTCF,.,TF ChIP-seq,EFO:0002793,HL-60,cell_line,adult,encode,single,False,OutputType.CHIP_TF,,,CTCF
EFO:0002793 TF ChIP-seq GABPA,.,TF ChIP-seq,EFO:0002793,HL-60,cell_line,adult,encode,single,False,OutputType.CHIP_TF,,,GABPA
EFO:0002793 TF ChIP-seq POLR2AphosphoS5,.,TF ChIP-seq,EFO:0002793,HL-60,cell_line,adult,encode,single,False,OutputType.CHIP_TF,,,POLR2AphosphoS5
EFO:0002793 TF ChIP-seq SPI1,.,TF ChIP-seq,EFO:0002793,HL-60,cell_line,adult,encode,single,False,OutputType.CHIP_TF,,,SPI1
EFO:0002798 TF ChIP-seq CTCF,.,TF ChIP-seq,EFO:0002798,NB4,cell_line,adult,encode,single,False,OutputType.CHIP_TF,,,CTCF
EFO:0002798 TF ChIP-seq MAX,.,TF ChIP-seq,EFO:0002798,NB4,cell_line,adult,encode,single,False,OutputType.CHIP_TF,,,MAX
EFO:0002798 TF ChIP-seq MYC,.,TF ChIP-seq,EFO:0002798,NB4,cell_line,adult,encode,single,False,OutputType.CHIP_TF,,,MYC
EFO:0002798 TF ChIP-seq POLR2A,.,TF ChIP-seq,EFO:0002798,NB4,cell_line,adult,encode,single,False,OutputType.CHIP_TF,,,POLR2A
EFO:0002819 TF ChIP-seq CTCF,.,TF ChIP-seq,EFO:0002819,Calu3,cell_line,adult,encode,single,False,OutputType.CHIP_TF,,,CTCF
EFO:0002824 TF ChIP-seq CBX3,.,TF ChIP-seq,EFO:0002824,HCT116,cell_line,adult,encode,single,False,OutputType.CHIP_TF,,,CBX3
EFO:0002824 TF ChIP-seq CEBPB,.,TF ChIP-seq,EFO:0002824,HCT116,cell_line,adult,encode,single,False,OutputType.CHIP_TF,,,CEBPB
EFO:0002824 TF ChIP-seq CTCF,.,TF ChIP-seq,EFO:0002824,HCT116,cell_line,adult,encode,single,False,OutputType.CHIP_TF,,,CTCF
"EFO:0002824 TF ChIP-seq CTCF genetically modified (insertion) using CRISPR inserting O. sativa LOC4335696, genetically modified (insertion) using CRISPR targeting H. sapiens BRD4",.,TF ChIP-seq,EFO:0002824,HCT116,cell_line,unknown,encode,single,True,OutputType.CHIP_TF,,,CTCF
"EFO:0002824 TF ChIP-seq CTCF genetically modified (insertion) using CRISPR inserting O. sativa LOC4335696, genetically modified (insertion) using CRISPR targeting H. sapiens CDK7",.,TF ChIP-seq,EFO:0002824,HCT116,cell_line,unknown,encode,single,True,OutputType.CHIP_TF,,,CTCF
"EFO:0002824 TF ChIP-seq CTCF genetically modified (insertion) using CRISPR inserting O. sativa LOC4335696, genetically modified (insertion) using CRISPR targeting H. sapiens CTCF",.,TF ChIP-seq,EFO:0002824,HCT116,cell_line,unknown,encode,single,True,OutputType.CHIP_TF,,,CTCF
"EFO:0002824 TF ChIP-seq CTCF genetically modified (insertion) using CRISPR inserting O. sativa LOC4335696, genetically modified (insertion) using CRISPR targeting H. sapiens MED14",.,TF ChIP-seq,EFO:0002824,HCT116,cell_line,unknown,encode,single,True,OutputType.CHIP_TF,,,CTCF
"EFO:0002824 TF ChIP-seq CTCF genetically modified (insertion) using CRISPR inserting O. sativa LOC4335696, genetically modified (insertion) using CRISPR targeting H. sapiens POLR2A",.,TF ChIP-seq,EFO:0002824,HCT116,cell_line,unknown,encode,single,True,OutputType.CHIP_TF,,,CTCF
"EFO:0002824 TF ChIP-seq CTCF genetically modified (insertion) using CRISPR inserting O. sativa LOC4335696, genetically modified (insertion) using CRISPR targeting H. sapiens RAD21",.,TF ChIP-seq,EFO:0002824,HCT116,cell_line,unknown,encode,single,True,OutputType.CHIP_TF,,,CTCF
"EFO:0002824 TF ChIP-seq CTCF genetically modified (insertion) using CRISPR inserting O. sativa LOC4335696, genetically modified (insertion) using CRISPR targeting H. sapiens SMARCA5",.,TF ChIP-seq,EFO:0002824,HCT116,cell_line,unknown,encode,single,True,OutputType.CHIP_TF,,,CTCF
"EFO:0002824 TF ChIP-seq CTCF genetically modified (insertion) using CRISPR inserting O. sativa LOC4335696, genetically modified (insertion) using CRISPR targeting H. sapiens SUPT16H",.,TF ChIP-seq,EFO:0002824,HCT116,cell_line,unknown,encode,single,True,OutputType.CHIP_TF,,,CTCF
EFO:0002824 TF ChIP-seq EGR1,.,TF ChIP-seq,EFO:0002824,HCT116,cell_line,adult,encode,single,False,OutputType.CHIP_TF,,,EGR1
EFO:0002824 TF ChIP-seq ELF1,.,TF ChIP-seq,EFO:0002824,HCT116,cell_line,adult,encode,single,False,OutputType.CHIP_TF,,,ELF1
EFO:0002824 TF ChIP-seq FOSL1,.,TF ChIP-seq,EFO:0002824,HCT116,cell_line,adult,encode,single,False,OutputType.CHIP_TF,,,FOSL1
EFO:0002824 TF ChIP-seq JUND,.,TF ChIP-seq,EFO:0002824,HCT116,cell_line,adult,encode,single,False,OutputType.CHIP_TF,,,JUND
EFO:0002824 TF ChIP-seq MAX,.,TF ChIP-seq,EFO:0002824,HCT116,cell_line,adult,encode,single,False,OutputType.CHIP_TF,,,MAX
EFO:0002824 TF ChIP-seq POLR2AphosphoS5,.,TF ChIP-seq,EFO:0002824,HCT116,cell_line,adult,encode,single,False,OutputType.CHIP_TF,,,POLR2AphosphoS5
EFO:0002824 TF ChIP-seq RAD21,.,TF ChIP-seq,EFO:0002824,HCT116,cell_line,adult,encode,single,False,OutputType.CHIP_TF,,,RAD21
EFO:0002824 TF ChIP-seq REST,.,TF ChIP-seq,EFO:0002824,HCT116,cell_line,adult,encode,single,False,OutputType.CHIP_TF,,,REST
EFO:0002824 TF ChIP-seq SIN3A,.,TF ChIP-seq,EFO:0002824,HCT116,cell_line,adult,encode,single,False,OutputType.CHIP_TF,,,SIN3A
EFO:0002824 TF ChIP-seq SP1,.,TF ChIP-seq,EFO:0002824,HCT116,cell_line,adult,encode,single,False,OutputType.CHIP_TF,,,SP1
EFO:0002824 TF ChIP-seq SRF,.,TF ChIP-seq,EFO:0002824,HCT116,cell_line,adult,encode,single,False,OutputType.CHIP_TF,,,SRF
EFO:0002824 TF ChIP-seq TEAD4,.,TF ChIP-seq,EFO:0002824,HCT116,cell_line,adult,encode,single,False,OutputType.CHIP_TF,,,TEAD4
EFO:0002824 TF ChIP-seq USF1,.,TF ChIP-seq,EFO:0002824,HCT116,cell_line,adult,encode,single,False,OutputType.CHIP_TF,,,USF1
EFO:0002824 TF ChIP-seq ZFX,.,TF ChIP-seq,EFO:0002824,HCT116,cell_line,adult,encode,paired,False,OutputType.CHIP_TF,,,ZFX
EFO:0002847 TF ChIP-seq CTCF,.,TF ChIP-seq,EFO:0002847,PC-9,cell_line,unknown,encode,single,False,OutputType.CHIP_TF,,,CTCF
EFO:0002860 TF ChIP-seq POLR2AphosphoS5,.,TF ChIP-seq,EFO:0002860,SK-N-MC,cell_line,child,encode,single,False,OutputType.CHIP_TF,,,POLR2AphosphoS5
EFO:0003042 TF ChIP-seq ASH2L,.,TF ChIP-seq,EFO:0003042,H1,cell_line,embryonic,encode,single,False,OutputType.CHIP_TF,,,ASH2L
EFO:0003042 TF ChIP-seq ATF2,.,TF ChIP-seq,EFO:0003042,H1,cell_line,embryonic,encode,single,False,OutputType.CHIP_TF,,,ATF2
EFO:0003042 TF ChIP-seq ATF3,.,TF ChIP-seq,EFO:0003042,H1,cell_line,embryonic,encode,single,False,OutputType.CHIP_TF,,,ATF3
EFO:0003042 TF ChIP-seq BACH1,.,TF ChIP-seq,EFO:0003042,H1,cell_line,embryonic,encode,single,False,OutputType.CHIP_TF,,,BACH1
EFO:0003042 TF ChIP-seq CEBPB,.,TF ChIP-seq,EFO:0003042,H1,cell_line,embryonic,encode,single,False,OutputType.CHIP_TF,,,CEBPB
EFO:0003042 TF ChIP-seq CHD2,.,TF ChIP-seq,EFO:0003042,H1,cell_line,embryonic,encode,single,False,OutputType.CHIP_TF,,,CHD2
EFO:0003042 TF ChIP-seq CREB1,.,TF ChIP-seq,EFO:0003042,H1,cell_line,embryonic,encode,single,False,OutputType.CHIP_TF,,,CREB1
EFO:0003042 TF ChIP-seq CTBP2,.,TF ChIP-seq,EFO:0003042,H1,cell_line,embryonic,encode,single,False,OutputType.CHIP_TF,,,CTBP2
EFO:0003042 TF ChIP-seq CTCF,.,TF ChIP-seq,EFO:0003042,H1,cell_line,embryonic,encode,single,False,OutputType.CHIP_TF,,,CTCF
EFO:0003042 TF ChIP-seq E2F6,.,TF ChIP-seq,EFO:0003042,H1,cell_line,embryonic,encode,single,False,OutputType.CHIP_TF,,,E2F6
EFO:0003042 TF ChIP-seq EGR1,.,TF ChIP-seq,EFO:0003042,H1,cell_line,embryonic,encode,single,False,OutputType.CHIP_TF,,,EGR1
EFO:0003042 TF ChIP-seq EP300,.,TF ChIP-seq,EFO:0003042,H1,cell_line,embryonic,encode,single,False,OutputType.CHIP_TF,,,EP300
EFO:0003042 TF ChIP-seq GABPA,.,TF ChIP-seq,EFO:0003042,H1,cell_line,embryonic,encode,single,False,OutputType.CHIP_TF,,,GABPA
EFO:0003042 TF ChIP-seq HDAC2,.,TF ChIP-seq,EFO:0003042,H1,cell_line,embryonic,encode,single,False,OutputType.CHIP_TF,,,HDAC2
EFO:0003042 TF ChIP-seq JUND,.,TF ChIP-seq,EFO:0003042,H1,cell_line,embryonic,encode,single,False,OutputType.CHIP_TF,,,JUND
EFO:0003042 TF ChIP-seq KDM1A,.,TF ChIP-seq,EFO:0003042,H1,cell_line,embryonic,encode,single,False,OutputType.CHIP_TF,,,KDM1A
EFO:0003042 TF ChIP-seq MAFK,.,TF ChIP-seq,EFO:0003042,H1,cell_line,embryonic,encode,single,False,OutputType.CHIP_TF,,,MAFK
EFO:0003042 TF ChIP-seq MAX,.,TF ChIP-seq,EFO:0003042,H1,cell_line,embryonic,encode,single,False,OutputType.CHIP_TF,,,MAX
EFO:0003042 TF ChIP-seq MYC,.,TF ChIP-seq,EFO:0003042,H1,cell_line,embryonic,encode,single,False,OutputType.CHIP_TF,,,MYC
EFO:0003042 TF ChIP-seq NRF1,.,TF ChIP-seq,EFO:0003042,H1,cell_line,embryonic,encode,single,False,OutputType.CHIP_TF,,,NRF1
EFO:0003042 TF ChIP-seq PHF8,.,TF ChIP-seq,EFO:0003042,H1,cell_line,embryonic,encode,single,False,OutputType.CHIP_TF,,,PHF8
EFO:0003042 TF ChIP-seq POLR2A,.,TF ChIP-seq,EFO:0003042,H1,cell_line,embryonic,encode,single,False,OutputType.CHIP_TF,,,POLR2A
EFO:0003042 TF ChIP-seq POLR2AphosphoS5,.,TF ChIP-seq,EFO:0003042,H1,cell_line,embryonic,encode,single,False,OutputType.CHIP_TF,,,POLR2AphosphoS5
EFO:0003042 TF ChIP-seq RAD21,.,TF ChIP-seq,EFO:0003042,H1,cell_line,embryonic,encode,single,False,OutputType.CHIP_TF,,,RAD21
EFO:0003042 TF ChIP-seq RBBP5,.,TF ChIP-seq,EFO:0003042,H1,cell_line,embryonic,encode,single,False,OutputType.CHIP_TF,,,RBBP5
EFO:0003042 TF ChIP-seq REST,.,TF ChIP-seq,EFO:0003042,H1,cell_line,embryonic,encode,single,False,OutputType.CHIP_TF,,,REST
EFO:0003042 TF ChIP-seq SIN3A,.,TF ChIP-seq,EFO:0003042,H1,cell_line,embryonic,encode,single,False,OutputType.CHIP_TF,,,SIN3A
EFO:0003042 TF ChIP-seq SIX5,.,TF ChIP-seq,EFO:0003042,H1,cell_line,embryonic,encode,single,False,OutputType.CHIP_TF,,,SIX5
EFO:0003042 TF ChIP-seq SP1,.,TF ChIP-seq,EFO:0003042,H1,cell_line,embryonic,encode,single,False,OutputType.CHIP_TF,,,SP1
EFO:0003042 TF ChIP-seq SP4,.,TF ChIP-seq,EFO:0003042,H1,cell_line,embryonic,encode,single,False,OutputType.CHIP_TF,,,SP4
EFO:0003042 TF ChIP-seq SRF,.,TF ChIP-seq,EFO:0003042,H1,cell_line,embryonic,encode,single,False,OutputType.CHIP_TF,,,SRF
EFO:0003042 TF ChIP-seq SUZ12,.,TF ChIP-seq,EFO:0003042,H1,cell_line,embryonic,encode,single,False,OutputType.CHIP_TF,,,SUZ12
EFO:0003042 TF ChIP-seq TAF1,.,TF ChIP-seq,EFO:0003042,H1,cell_line,embryonic,encode,single,False,OutputType.CHIP_TF,,,TAF1
EFO:0003042 TF ChIP-seq TBP,.,TF ChIP-seq,EFO:0003042,H1,cell_line,embryonic,encode,single,False,OutputType.CHIP_TF,,,TBP
EFO:0003042 TF ChIP-seq TCF12,.,TF ChIP-seq,EFO:0003042,H1,cell_line,embryonic,encode,single,False,OutputType.CHIP_TF,,,TCF12
EFO:0003042 TF ChIP-seq TEAD4,.,TF ChIP-seq,EFO:0003042,H1,cell_line,embryonic,encode,single,False,OutputType.CHIP_TF,,,TEAD4
EFO:0003042 TF ChIP-seq USF1,.,TF ChIP-seq,EFO:0003042,H1,cell_line,embryonic,encode,single,False,OutputType.CHIP_TF,,,USF1
EFO:0003042 TF ChIP-seq USF2,.,TF ChIP-seq,EFO:0003042,H1,cell_line,embryonic,encode,single,False,OutputType.CHIP_TF,,,USF2
EFO:0003042 TF ChIP-seq YY1,.,TF ChIP-seq,EFO:0003042,H1,cell_line,embryonic,encode,single,False,OutputType.CHIP_TF,,,YY1
EFO:0003045 TF ChIP-seq CTCF,.,TF ChIP-seq,EFO:0003045,H9,cell_line,embryonic,encode,single,False,OutputType.CHIP_TF,,,CTCF
EFO:0003072 TF ChIP-seq CHD2,.,TF ChIP-seq,EFO:0003072,SK-N-SH,cell_line,child,encode,single,False,OutputType.CHIP_TF,,,CHD2
EFO:0003072 TF ChIP-seq CTCF,.,TF ChIP-seq,EFO:0003072,SK-N-SH,cell_line,child,encode,paired,False,OutputType.CHIP_TF,,,CTCF
EFO:0003072 TF ChIP-seq ELF1,.,TF ChIP-seq,EFO:0003072,SK-N-SH,cell_line,child,encode,single,False,OutputType.CHIP_TF,,,ELF1
EFO:0003072 TF ChIP-seq EP300,.,TF ChIP-seq,EFO:0003072,SK-N-SH,cell_line,child,encode,single,False,OutputType.CHIP_TF,,,EP300
EFO:0003072 TF ChIP-seq FOSL2,.,TF ChIP-seq,EFO:0003072,SK-N-SH,cell_line,child,encode,single,False,OutputType.CHIP_TF,,,FOSL2
EFO:0003072 TF ChIP-seq FOXJ3 genetically modified (insertion) using CRISPR targeting H. sapiens FOXJ3,.,TF ChIP-seq,EFO:0003072,SK-N-SH,cell_line,child,encode,single,True,OutputType.CHIP_TF,,,FOXJ3
EFO:0003072 TF ChIP-seq FOXM1,.,TF ChIP-seq,EFO:0003072,SK-N-SH,cell_line,child,encode,single,False,OutputType.CHIP_TF,,,FOXM1
EFO:0003072 TF ChIP-seq GABPA,.,TF ChIP-seq,EFO:0003072,SK-N-SH,cell_line,child,encode,single,False,OutputType.CHIP_TF,,,GABPA
EFO:0003072 TF ChIP-seq GATA2 genetically modified (insertion) using CRISPR targeting H. sapiens GATA2,.,TF ChIP-seq,EFO:0003072,SK-N-SH,cell_line,child,encode,single,True,OutputType.CHIP_TF,,,GATA2
EFO:0003072 TF ChIP-seq GATA3,.,TF ChIP-seq,EFO:0003072,SK-N-SH,cell_line,child,encode,single,False,OutputType.CHIP_TF,,,GATA3
EFO:0003072 TF ChIP-seq JUND,.,TF ChIP-seq,EFO:0003072,SK-N-SH,cell_line,child,encode,single,False,OutputType.CHIP_TF,,,JUND
EFO:0003072 TF ChIP-seq MAX,.,TF ChIP-seq,EFO:0003072,SK-N-SH,cell_line,child,encode,single,False,OutputType.CHIP_TF,,,MAX
EFO:0003072 TF ChIP-seq MEF2A,.,TF ChIP-seq,EFO:0003072,SK-N-SH,cell_line,child,encode,single,False,OutputType.CHIP_TF,,,MEF2A
EFO:0003072 TF ChIP-seq MXI1,.,TF ChIP-seq,EFO:0003072,SK-N-SH,cell_line,child,encode,single,False,OutputType.CHIP_TF,,,MXI1
EFO:0003072 TF ChIP-seq NFIC,.,TF ChIP-seq,EFO:0003072,SK-N-SH,cell_line,child,encode,single,False,OutputType.CHIP_TF,,,NFIC
EFO:0003072 TF ChIP-seq NRF1,.,TF ChIP-seq,EFO:0003072,SK-N-SH,cell_line,child,encode,single,False,OutputType.CHIP_TF,,,NRF1
EFO:0003072 TF ChIP-seq PBX3,.,TF ChIP-seq,EFO:0003072,SK-N-SH,cell_line,child,encode,single,False,OutputType.CHIP_TF,,,PBX3
EFO:0003072 TF ChIP-seq POLR2AphosphoS5,.,TF ChIP-seq,EFO:0003072,SK-N-SH,cell_line,child,encode,single,False,OutputType.CHIP_TF,,,POLR2AphosphoS5
EFO:0003072 TF ChIP-seq RAD21,.,TF ChIP-seq,EFO:0003072,SK-N-SH,cell_line,child,encode,single,False,OutputType.CHIP_TF,,,RAD21
EFO:0003072 TF ChIP-seq RCOR1,.,TF ChIP-seq,EFO:0003072,SK-N-SH,cell_line,child,encode,single,False,OutputType.CHIP_TF,,,RCOR1
EFO:0003072 TF ChIP-seq REST,.,TF ChIP-seq,EFO:0003072,SK-N-SH,cell_line,child,encode,single,False,OutputType.CHIP_TF,,,REST
EFO:0003072 TF ChIP-seq RFX5,.,TF ChIP-seq,EFO:0003072,SK-N-SH,cell_line,child,encode,single,False,OutputType.CHIP_TF,,,RFX5
EFO:0003072 TF ChIP-seq RXRA,.,TF ChIP-seq,EFO:0003072,SK-N-SH,cell_line,child,encode,single,False,OutputType.CHIP_TF,,,RXRA
EFO:0003072 TF ChIP-seq SIN3A,.,TF ChIP-seq,EFO:0003072,SK-N-SH,cell_line,child,encode,single,False,OutputType.CHIP_TF,,,SIN3A
EFO:0003072 TF ChIP-seq SMC3,.,TF ChIP-seq,EFO:0003072,SK-N-SH,cell_line,child,encode,single,False,OutputType.CHIP_TF,,,SMC3
EFO:0003072 TF ChIP-seq TAF1,.,TF ChIP-seq,EFO:0003072,SK-N-SH,cell_line,child,encode,single,False,OutputType.CHIP_TF,,,TAF1
EFO:0003072 TF ChIP-seq TCF12,.,TF ChIP-seq,EFO:0003072,SK-N-SH,cell_line,child,encode,single,False,OutputType.CHIP_TF,,,TCF12
EFO:0003072 TF ChIP-seq TEAD4,.,TF ChIP-seq,EFO:0003072,SK-N-SH,cell_line,child,encode,single,False,OutputType.CHIP_TF,,,TEAD4
EFO:0003072 TF ChIP-seq USF1,.,TF ChIP-seq,EFO:0003072,SK-N-SH,cell_line,child,encode,single,False,OutputType.CHIP_TF,,,USF1
EFO:0003072 TF ChIP-seq YY1,.,TF ChIP-seq,EFO:0003072,SK-N-SH,cell_line,child,encode,single,False,OutputType.CHIP_TF,,,YY1
EFO:0003072 TF ChIP-seq ZBTB33,.,TF ChIP-seq,EFO:0003072,SK-N-SH,cell_line,child,encode,single,False,OutputType.CHIP_TF,,,ZBTB33
EFO:0005234 TF ChIP-seq POLR2AphosphoS5,.,TF ChIP-seq,EFO:0005234,PFSK-1,cell_line,child,encode,single,False,OutputType.CHIP_TF,,,POLR2AphosphoS5
EFO:0005234 TF ChIP-seq REST,.,TF ChIP-seq,EFO:0005234,PFSK-1,cell_line,child,encode,single,False,OutputType.CHIP_TF,,,REST
EFO:0005234 TF ChIP-seq SIN3A,.,TF ChIP-seq,EFO:0005234,PFSK-1,cell_line,child,encode,single,False,OutputType.CHIP_TF,,,SIN3A
EFO:0005234 TF ChIP-seq TAF1,.,TF ChIP-seq,EFO:0005234,PFSK-1,cell_line,child,encode,single,False,OutputType.CHIP_TF,,,TAF1
EFO:0005236 TF ChIP-seq YY1,.,TF ChIP-seq,EFO:0005236,NT2/D1,cell_line,unknown,encode,single,False,OutputType.CHIP_TF,,,YY1
EFO:0005336 TF ChIP-seq POLR2A,.,TF ChIP-seq,EFO:0005336,GM10847,cell_line,unknown,encode,single,False,OutputType.CHIP_TF,,,POLR2A
EFO:0005337 TF ChIP-seq CTCF,.,TF ChIP-seq,EFO:0005337,GM12864,cell_line,unknown,encode,single,False,OutputType.CHIP_TF,,,CTCF
EFO:0005347 TF ChIP-seq POLR2A,.,TF ChIP-seq,EFO:0005347,GM15510,cell_line,unknown,encode,single,False,OutputType.CHIP_TF,,,POLR2A
EFO:0005348 TF ChIP-seq POLR2A,.,TF ChIP-seq,EFO:0005348,GM18526,cell_line,unknown,encode,single,False,OutputType.CHIP_TF,,,POLR2A
EFO:0005349 TF ChIP-seq POLR2A,.,TF ChIP-seq,EFO:0005349,GM18951,cell_line,unknown,encode,single,False,OutputType.CHIP_TF,,,POLR2A
EFO:0005350 TF ChIP-seq POLR2A,.,TF ChIP-seq,EFO:0005350,GM19099,cell_line,unknown,encode,single,False,OutputType.CHIP_TF,,,POLR2A
EFO:0005351 TF ChIP-seq POLR2A,.,TF ChIP-seq,EFO:0005351,GM19193,cell_line,unknown,encode,single,False,OutputType.CHIP_TF,,,POLR2A
EFO:0005694 TF ChIP-seq CTCF,.,TF ChIP-seq,EFO:0005694,KMS-11,cell_line,adult,encode,single,False,OutputType.CHIP_TF,,,CTCF
EFO:0005715 TF ChIP-seq CTCF,.,TF ChIP-seq,EFO:0005715,WERI-Rb-1,cell_line,child,encode,single,False,OutputType.CHIP_TF,,,CTCF
EFO:0005718 TF ChIP-seq CEBPB,.,TF ChIP-seq,EFO:0005718,Ishikawa,cell_line,adult,encode,single,False,OutputType.CHIP_TF,,,CEBPB
EFO:0005718 TF ChIP-seq CREB1,.,TF ChIP-seq,EFO:0005718,Ishikawa,cell_line,adult,encode,single,False,OutputType.CHIP_TF,,,CREB1
EFO:0005718 TF ChIP-seq EGR1,.,TF ChIP-seq,EFO:0005718,Ishikawa,cell_line,adult,encode,single,False,OutputType.CHIP_TF,,,EGR1
EFO:0005718 TF ChIP-seq EP300,.,TF ChIP-seq,EFO:0005718,Ishikawa,cell_line,adult,encode,single,False,OutputType.CHIP_TF,,,EP300
EFO:0005718 TF ChIP-seq FOXM1,.,TF ChIP-seq,EFO:0005718,Ishikawa,cell_line,adult,encode,single,False,OutputType.CHIP_TF,,,FOXM1
EFO:0005718 TF ChIP-seq MAX,.,TF ChIP-seq,EFO:0005718,Ishikawa,cell_line,adult,encode,single,False,OutputType.CHIP_TF,,,MAX
EFO:0005718 TF ChIP-seq NFIC,.,TF ChIP-seq,EFO:0005718,Ishikawa,cell_line,adult,encode,single,False,OutputType.CHIP_TF,,,NFIC
EFO:0005718 TF ChIP-seq RAD21,.,TF ChIP-seq,EFO:0005718,Ishikawa,cell_line,adult,encode,single,False,OutputType.CHIP_TF,,,RAD21
EFO:0005718 TF ChIP-seq REST,.,TF ChIP-seq,EFO:0005718,Ishikawa,cell_line,adult,encode,single,False,OutputType.CHIP_TF,,,REST
EFO:0005718 TF ChIP-seq SRF,.,TF ChIP-seq,EFO:0005718,Ishikawa,cell_line,adult,encode,single,False,OutputType.CHIP_TF,,,SRF
EFO:0005718 TF ChIP-seq TAF1,.,TF ChIP-seq,EFO:0005718,Ishikawa,cell_line,adult,encode,single,False,OutputType.CHIP_TF,,,TAF1
EFO:0005718 TF ChIP-seq TCF12,.,TF ChIP-seq,EFO:0005718,Ishikawa,cell_line,adult,encode,single,False,OutputType.CHIP_TF,,,TCF12
EFO:0005718 TF ChIP-seq TEAD4,.,TF ChIP-seq,EFO:0005718,Ishikawa,cell_line,adult,encode,single,False,OutputType.CHIP_TF,,,TEAD4
EFO:0005718 TF ChIP-seq USF1,.,TF ChIP-seq,EFO:0005718,Ishikawa,cell_line,adult,encode,single,False,OutputType.CHIP_TF,,,USF1
EFO:0005718 TF ChIP-seq YY1,.,TF ChIP-seq,EFO:0005718,Ishikawa,cell_line,adult,encode,single,False,OutputType.CHIP_TF,,,YY1
EFO:0005718 TF ChIP-seq ZBTB7A,.,TF ChIP-seq,EFO:0005718,Ishikawa,cell_line,adult,encode,single,False,OutputType.CHIP_TF,,,ZBTB7A
EFO:0005723 TF ChIP-seq EZH2phosphoT487,.,TF ChIP-seq,EFO:0005723,GM23248,cell_line,adult,encode,single,False,OutputType.CHIP_TF,,,EZH2phosphoT487
EFO:0005724 TF ChIP-seq CTCF,.,TF ChIP-seq,EFO:0005724,MM.1S,cell_line,adult,encode,single,False,OutputType.CHIP_TF,,,CTCF
EFO:0005725 TF ChIP-seq CTCF,.,TF ChIP-seq,EFO:0005725,BE2C,cell_line,child,encode,single,False,OutputType.CHIP_TF,,,CTCF
EFO:0005726 TF ChIP-seq CTCF,.,TF ChIP-seq,EFO:0005726,LNCaP clone FGC,cell_line,adult,encode,single,False,OutputType.CHIP_TF,,,CTCF
EFO:0005907 TF ChIP-seq CTCF,.,TF ChIP-seq,EFO:0005907,OCI-LY1,cell_line,adult,encode,single,False,OutputType.CHIP_TF,,,CTCF
EFO:0005907 TF ChIP-seq EZH2,.,TF ChIP-seq,EFO:0005907,OCI-LY1,cell_line,adult,encode,single,False,OutputType.CHIP_TF,,,EZH2
EFO:0006270 TF ChIP-seq CTCF,.,TF ChIP-seq,EFO:0006270,AG04450,cell_line,embryonic,encode,single,False,OutputType.CHIP_TF,,,CTCF
EFO:0006365 TF ChIP-seq CTCF,.,TF ChIP-seq,EFO:0006365,C4-2B,cell_line,adult,encode,paired,False,OutputType.CHIP_TF,,,CTCF
EFO:0006365 TF ChIP-seq ZFX,.,TF ChIP-seq,EFO:0006365,C4-2B,cell_line,adult,encode,paired,False,OutputType.CHIP_TF,,,ZFX
EFO:0006710 TF ChIP-seq CTCF,.,TF ChIP-seq,EFO:0006710,OCI-LY3,cell_line,adult,encode,single,False,OutputType.CHIP_TF,,,CTCF
EFO:0006711 TF ChIP-seq CTCF,.,TF ChIP-seq,EFO:0006711,OCI-LY7,cell_line,adult,encode,single,False,OutputType.CHIP_TF,,,CTCF
EFO:0007074 TF ChIP-seq CTCF,.,TF ChIP-seq,EFO:0007074,DND-41,cell_line,child,encode,single,False,OutputType.CHIP_TF,,,CTCF
EFO:0007112 TF ChIP-seq CTCF,.,TF ChIP-seq,EFO:0007112,Loucy,cell_line,adult,encode,single,False,OutputType.CHIP_TF,,,CTCF
EFO:0007610 TF ChIP-seq CTCF,.,TF ChIP-seq,EFO:0007610,RWPE2,cell_line,adult,encode,paired,False,OutputType.CHIP_TF,,,CTCF
EFO:0007752 TF ChIP-seq CTCF,.,TF ChIP-seq,EFO:0007752,VCaP,cell_line,adult,encode,paired,False,OutputType.CHIP_TF,,,CTCF
EFO:0007950 TF ChIP-seq CREB1 genetically modified (insertion) using CRISPR targeting H. sapiens CREB1,.,TF ChIP-seq,EFO:0007950,GM23338,cell_line,adult,encode,paired,True,OutputType.CHIP_TF,,,CREB1
EFO:0007950 TF ChIP-seq CTCF,.,TF ChIP-seq,EFO:0007950,GM23338,cell_line,adult,encode,paired,False,OutputType.CHIP_TF,,,CTCF
EFO:0007950 TF ChIP-seq ETS1,.,TF ChIP-seq,EFO:0007950,GM23338,cell_line,adult,encode,single,False,OutputType.CHIP_TF,,,ETS1
EFO:0007950 TF ChIP-seq EZH2,.,TF ChIP-seq,EFO:0007950,GM23338,cell_line,adult,encode,paired,False,OutputType.CHIP_TF,,,EZH2
EFO:0007950 TF ChIP-seq EZH2phosphoT487,.,TF ChIP-seq,EFO:0007950,GM23338,cell_line,adult,encode,paired,False,OutputType.CHIP_TF,,,EZH2phosphoT487
EFO:0007950 TF ChIP-seq NANOG,.,TF ChIP-seq,EFO:0007950,GM23338,cell_line,adult,encode,single,False,OutputType.CHIP_TF,,,NANOG
EFO:0007950 TF ChIP-seq POLR2AphosphoS5,.,TF ChIP-seq,EFO:0007950,GM23338,cell_line,adult,encode,single,False,OutputType.CHIP_TF,,,POLR2AphosphoS5
EFO:0007950 TF ChIP-seq POU5F1,.,TF ChIP-seq,EFO:0007950,GM23338,cell_line,adult,encode,single,False,OutputType.CHIP_TF,,,POU5F1
EFO:0007950 TF ChIP-seq REST,.,TF ChIP-seq,EFO:0007950,GM23338,cell_line,adult,encode,single,False,OutputType.CHIP_TF,,,REST
EFO:0007950 TF ChIP-seq ZNF462 genetically modified (insertion) using CRISPR targeting H. sapiens ZNF462,.,TF ChIP-seq,EFO:0007950,GM23338,cell_line,adult,encode,paired,True,OutputType.CHIP_TF,,,ZNF462
EFO:0009318 TF ChIP-seq CTCF,.,TF ChIP-seq,EFO:0009318,HFFc6,cell_line,newborn,encode,single,False,OutputType.CHIP_TF,,,CTCF
EFO:0009747 TF ChIP-seq ARID4B genetically modified (insertion) using CRISPR targeting H. sapiens ARID4B,.,TF ChIP-seq,EFO:0009747,WTC11,cell_line,adult,encode,single,True,OutputType.CHIP_TF,,,ARID4B
EFO:0009747 TF ChIP-seq CREM genetically modified (insertion) using CRISPR targeting H. sapiens CREM,.,TF ChIP-seq,EFO:0009747,WTC11,cell_line,adult,encode,single,True,OutputType.CHIP_TF,,,CREM
EFO:0009747 TF ChIP-seq CTCF,.,TF ChIP-seq,EFO:0009747,WTC11,cell_line,adult,encode,single,False,OutputType.CHIP_TF,,,CTCF
EFO:0009747 TF ChIP-seq E2F5 genetically modified (insertion) using CRISPR targeting H. sapiens E2F5,.,TF ChIP-seq,EFO:0009747,WTC11,cell_line,adult,encode,single,True,OutputType.CHIP_TF,,,E2F5
"EFO:0009747 TF ChIP-seq EGR1 genetically modified (insertion) using CRISPR targeting H. sapiens EGR1, genetically modified (insertion) using TALEN inserting M. musculus Neurog2",.,TF ChIP-seq,EFO:0009747,WTC11,cell_line,unknown,encode,paired,True,OutputType.CHIP_TF,,,EGR1
EFO:0009747 TF ChIP-seq ETV6 genetically modified (insertion) using CRISPR targeting H. sapiens ETV6,.,TF ChIP-seq,EFO:0009747,WTC11,cell_line,adult,encode,single,True,OutputType.CHIP_TF,,,ETV6
"EFO:0009747 TF ChIP-seq FOS genetically modified (insertion) using CRISPR targeting H. sapiens FOS, genetically modified (insertion) using TALEN inserting M. musculus Neurog2",.,TF ChIP-seq,EFO:0009747,WTC11,cell_line,unknown,encode,paired,True,OutputType.CHIP_TF,,,FOS
EFO:0009747 TF ChIP-seq FOXK1 genetically modified (insertion) using CRISPR targeting H. sapiens FOXK1,.,TF ChIP-seq,EFO:0009747,WTC11,cell_line,adult,encode,single,True,OutputType.CHIP_TF,,,FOXK1
EFO:0009747 TF ChIP-seq FOXP1 genetically modified (insertion) using CRISPR targeting H. sapiens FOXP1,.,TF ChIP-seq,EFO:0009747,WTC11,cell_line,adult,encode,single,True,OutputType.CHIP_TF,,,FOXP1
EFO:0009747 TF ChIP-seq FOXP4 genetically modified (insertion) using CRISPR targeting H. sapiens FOXP4,.,TF ChIP-seq,EFO:0009747,WTC11,cell_line,adult,encode,single,True,OutputType.CHIP_TF,,,FOXP4
EFO:0009747 TF ChIP-seq GABPB1 genetically modified (insertion) using CRISPR targeting H. sapiens GABPB1,.,TF ChIP-seq,EFO:0009747,WTC11,cell_line,adult,encode,single,True,OutputType.CHIP_TF,,,GABPB1
EFO:0009747 TF ChIP-seq GRHL2 genetically modified (insertion) using CRISPR targeting H. sapiens GRHL2,.,TF ChIP-seq,EFO:0009747,WTC11,cell_line,adult,encode,paired,True,OutputType.CHIP_TF,,,GRHL2
EFO:0009747 TF ChIP-seq HMGA2 genetically modified (insertion) using CRISPR targeting H. sapiens HMGA2,.,TF ChIP-seq,EFO:0009747,WTC11,cell_line,adult,encode,paired,True,OutputType.CHIP_TF,,,HMGA2
EFO:0009747 TF ChIP-seq HMGXB4 genetically modified (insertion) using CRISPR targeting H. sapiens HMGXB4,.,TF ChIP-seq,EFO:0009747,WTC11,cell_line,adult,encode,single,True,OutputType.CHIP_TF,,,HMGXB4
EFO:0009747 TF ChIP-seq MAX genetically modified (insertion) using CRISPR targeting H. sapiens MAX,.,TF ChIP-seq,EFO:0009747,WTC11,cell_line,adult,encode,single,True,OutputType.CHIP_TF,,,MAX
EFO:0009747 TF ChIP-seq MYBL2 genetically modified (insertion) using CRISPR targeting H. sapiens MYBL2,.,TF ChIP-seq,EFO:0009747,WTC11,cell_line,adult,encode,single,True,OutputType.CHIP_TF,,,MYBL2
EFO:0009747 TF ChIP-seq NFE2L1 genetically modified (insertion) using CRISPR targeting H. sapiens NFE2L1,.,TF ChIP-seq,EFO:0009747,WTC11,cell_line,adult,encode,single,True,OutputType.CHIP_TF,,,NFE2L1
EFO:0009747 TF ChIP-seq NFYB genetically modified (insertion) using CRISPR targeting H. sapiens NFYB,.,TF ChIP-seq,EFO:0009747,WTC11,cell_line,adult,encode,single,True,OutputType.CHIP_TF,,,NFYB
EFO:0009747 TF ChIP-seq PRDM15 genetically modified (insertion) using CRISPR targeting H. sapiens PRDM15,.,TF ChIP-seq,EFO:0009747,WTC11,cell_line,adult,encode,single,True,OutputType.CHIP_TF,,,PRDM15
EFO:0009747 TF ChIP-seq SOX15 genetically modified (insertion) using CRISPR targeting H. sapiens SOX15,.,TF ChIP-seq,EFO:0009747,WTC11,cell_line,adult,encode,paired,True,OutputType.CHIP_TF,,,SOX15
EFO:0009747 TF ChIP-seq SP1 genetically modified (insertion) using CRISPR targeting H. sapiens SP1,.,TF ChIP-seq,EFO:0009747,WTC11,cell_line,adult,encode,single,True,OutputType.CHIP_TF,,,SP1
EFO:0009747 TF ChIP-seq TEAD1 genetically modified (insertion) using CRISPR targeting H. sapiens TEAD1,.,TF ChIP-seq,EFO:0009747,WTC11,cell_line,adult,encode,single,True,OutputType.CHIP_TF,,,TEAD1
EFO:0009747 TF ChIP-seq TGIF2 genetically modified (insertion) using CRISPR targeting H. sapiens TGIF2,.,TF ChIP-seq,EFO:0009747,WTC11,cell_line,adult,encode,single,True,OutputType.CHIP_TF,,,TGIF2
"EFO:0009747 TF ChIP-seq TOX4 genetically modified (insertion) using CRISPR targeting H. sapiens TOX4, genetically modified (insertion) using TALEN inserting M. musculus Neurog2",.,TF ChIP-seq,EFO:0009747,WTC11,cell_line,unknown,encode,paired,True,OutputType.CHIP_TF,,,TOX4
EFO:0009747 TF ChIP-seq TP53 genetically modified (insertion) using CRISPR targeting H. sapiens TP53,.,TF ChIP-seq,EFO:0009747,WTC11,cell_line,adult,encode,single,True,OutputType.CHIP_TF,,,TP53
EFO:0009747 TF ChIP-seq USF1 genetically modified (insertion) using CRISPR targeting H. sapiens USF1,.,TF ChIP-seq,EFO:0009747,WTC11,cell_line,adult,encode,single,True,OutputType.CHIP_TF,,,USF1
EFO:0009747 TF ChIP-seq USF2 genetically modified (insertion) using CRISPR targeting H. sapiens USF2,.,TF ChIP-seq,EFO:0009747,WTC11,cell_line,adult,encode,single,True,OutputType.CHIP_TF,,,USF2
EFO:0009747 TF ChIP-seq ZBTB43 genetically modified (insertion) using CRISPR targeting H. sapiens ZBTB43,.,TF ChIP-seq,EFO:0009747,WTC11,cell_line,adult,encode,single,True,OutputType.CHIP_TF,,,ZBTB43
EFO:0009747 TF ChIP-seq ZNF121 genetically modified (insertion) using CRISPR targeting H. sapiens ZNF121,.,TF ChIP-seq,EFO:0009747,WTC11,cell_line,adult,encode,single,True,OutputType.CHIP_TF,,,ZNF121
EFO:0009747 TF ChIP-seq ZNF143 genetically modified (insertion) using CRISPR targeting H. sapiens ZNF143,.,TF ChIP-seq,EFO:0009747,WTC11,cell_line,adult,encode,single,True,OutputType.CHIP_TF,,,ZNF143
EFO:0009747 TF ChIP-seq ZNF184 genetically modified (insertion) using CRISPR targeting H. sapiens ZNF184,.,TF ChIP-seq,EFO:0009747,WTC11,cell_line,adult,encode,single,True,OutputType.CHIP_TF,,,ZNF184
EFO:0009747 TF ChIP-seq ZNF232 genetically modified (insertion) using CRISPR targeting H. sapiens ZNF232,.,TF ChIP-seq,EFO:0009747,WTC11,cell_line,adult,encode,single,True,OutputType.CHIP_TF,,,ZNF232
EFO:0009747 TF ChIP-seq ZNF263 genetically modified (insertion) using CRISPR targeting H. sapiens ZNF263,.,TF ChIP-seq,EFO:0009747,WTC11,cell_line,adult,encode,single,True,OutputType.CHIP_TF,,,ZNF263
EFO:0009747 TF ChIP-seq ZNF423 genetically modified (insertion) using CRISPR targeting H. sapiens ZNF423,.,TF ChIP-seq,EFO:0009747,WTC11,cell_line,adult,encode,paired,True,OutputType.CHIP_TF,,,ZNF423
EFO:0030018 TF ChIP-seq Cebpa,.,TF ChIP-seq,EFO:0030018,BLaER1,cell_line,unknown,encode,single,False,OutputType.CHIP_TF,,,Cebpa
NTR:0000493 TF ChIP-seq CTCF,.,TF ChIP-seq,NTR:0000493,left ventricle myocardium inferior,tissue,adult,encode,single,False,OutputType.CHIP_TF,,,CTCF
NTR:0000512 TF ChIP-seq CTCF,.,TF ChIP-seq,NTR:0000512,nephron progenitor cell,in_vitro_differentiated_cells,embryonic,encode,single,False,OutputType.CHIP_TF,,,CTCF
NTR:0001226 TF ChIP-seq CTCF,.,TF ChIP-seq,NTR:0001226,parathyroid adenoma,tissue,adult,encode,single,False,OutputType.CHIP_TF,,,CTCF
UBERON:0000317 TF ChIP-seq CTCF,.,TF ChIP-seq,UBERON:0000317,colonic mucosa,tissue,adult,encode,single,False,OutputType.CHIP_TF,,,CTCF
UBERON:0000473 TF ChIP-seq CTCF,.,TF ChIP-seq,UBERON:0000473,testis,tissue,adult,encode,paired,False,OutputType.CHIP_TF,,,CTCF
UBERON:0000945 TF ChIP-seq CTCF,.,TF ChIP-seq,UBERON:0000945,stomach,tissue,adult,encode,paired,False,OutputType.CHIP_TF,,,CTCF
UBERON:0000945 TF ChIP-seq POLR2A,.,TF ChIP-seq,UBERON:0000945,stomach,tissue,adult,encode,paired,False,OutputType.CHIP_TF,,,POLR2A
UBERON:0000945 TF ChIP-seq POLR2AphosphoS5,.,TF ChIP-seq,UBERON:0000945,stomach,tissue,adult,encode,paired,False,OutputType.CHIP_TF,,,POLR2AphosphoS5
UBERON:0000955 TF ChIP-seq CTCF,.,TF ChIP-seq,UBERON:0000955,brain,organoid,embryonic,encode,single,False,OutputType.CHIP_TF,,,CTCF
UBERON:0000992 TF ChIP-seq CTCF,.,TF ChIP-seq,UBERON:0000992,ovary,tissue,adult,encode,paired,False,OutputType.CHIP_TF,,,CTCF
UBERON:0000992 TF ChIP-seq POLR2A,.,TF ChIP-seq,UBERON:0000992,ovary,tissue,adult,encode,paired,False,OutputType.CHIP_TF,,,POLR2A
UBERON:0000995 TF ChIP-seq CTCF,.,TF ChIP-seq,UBERON:0000995,uterus,tissue,adult,encode,paired,False,OutputType.CHIP_TF,,,CTCF
UBERON:0000995 TF ChIP-seq POLR2A,.,TF ChIP-seq,UBERON:0000995,uterus,tissue,adult,encode,paired,False,OutputType.CHIP_TF,,,POLR2A
UBERON:0000996 TF ChIP-seq CTCF,.,TF ChIP-seq,UBERON:0000996,vagina,tissue,adult,encode,paired,False,OutputType.CHIP_TF,,,CTCF
UBERON:0000996 TF ChIP-seq POLR2A,.,TF ChIP-seq,UBERON:0000996,vagina,tissue,adult,encode,paired,False,OutputType.CHIP_TF,,,POLR2A
UBERON:0000996 TF ChIP-seq POLR2AphosphoS5,.,TF ChIP-seq,UBERON:0000996,vagina,tissue,adult,encode,paired,False,OutputType.CHIP_TF,,,POLR2AphosphoS5
UBERON:0001114 TF ChIP-seq CTCF,.,TF ChIP-seq,UBERON:0001114,right lobe of liver,tissue,adult,encode,paired,False,OutputType.CHIP_TF,,,CTCF
UBERON:0001114 TF ChIP-seq POLR2A,.,TF ChIP-seq,UBERON:0001114,right lobe of liver,tissue,adult,encode,paired,False,OutputType.CHIP_TF,,,POLR2A
UBERON:0001150 TF ChIP-seq CTCF,.,TF ChIP-seq,UBERON:0001150,body of pancreas,tissue,adult,encode,paired,False,OutputType.CHIP_TF,,,CTCF
UBERON:0001150 TF ChIP-seq POLR2A,.,TF ChIP-seq,UBERON:0001150,body of pancreas,tissue,adult,encode,paired,False,OutputType.CHIP_TF,,,POLR2A
UBERON:0001157 TF ChIP-seq CTCF,.,TF ChIP-seq,UBERON:0001157,transverse colon,tissue,adult,encode,paired,False,OutputType.CHIP_TF,,,CTCF
UBERON:0001157 TF ChIP-seq EP300,.,TF ChIP-seq,UBERON:0001157,transverse colon,tissue,adult,encode,paired,False,OutputType.CHIP_TF,,,EP300
UBERON:0001157 TF ChIP-seq POLR2A,.,TF ChIP-seq,UBERON:0001157,transverse colon,tissue,adult,encode,paired,False,OutputType.CHIP_TF,,,POLR2A
UBERON:0001157 TF ChIP-seq POLR2AphosphoS5,.,TF ChIP-seq,UBERON:0001157,transverse colon,tissue,adult,encode,paired,False,OutputType.CHIP_TF,,,POLR2AphosphoS5
UBERON:0001159 TF ChIP-seq CTCF,.,TF ChIP-seq,UBERON:0001159,sigmoid colon,tissue,adult,encode,paired,False,OutputType.CHIP_TF,,,CTCF
UBERON:0001159 TF ChIP-seq EP300,.,TF ChIP-seq,UBERON:0001159,sigmoid colon,tissue,adult,encode,paired,False,OutputType.CHIP_TF,,,EP300
UBERON:0001159 TF ChIP-seq POLR2A,.,TF ChIP-seq,UBERON:0001159,sigmoid colon,tissue,adult,encode,paired,False,OutputType.CHIP_TF,,,POLR2A
UBERON:0001159 TF ChIP-seq POLR2AphosphoS5,.,TF ChIP-seq,UBERON:0001159,sigmoid colon,tissue,adult,encode,paired,False,OutputType.CHIP_TF,,,POLR2AphosphoS5
UBERON:0001211 TF ChIP-seq CTCF,.,TF ChIP-seq,UBERON:0001211,Peyer's patch,tissue,adult,encode,paired,False,OutputType.CHIP_TF,,,CTCF
UBERON:0001211 TF ChIP-seq POLR2A,.,TF ChIP-seq,UBERON:0001211,Peyer's patch,tissue,adult,encode,paired,False,OutputType.CHIP_TF,,,POLR2A
UBERON:0001264 TF ChIP-seq CTCF,.,TF ChIP-seq,UBERON:0001264,pancreas,tissue,adult,encode,single,False,OutputType.CHIP_TF,,,CTCF
UBERON:0001285 TF ChIP-seq CTCF,.,TF ChIP-seq,UBERON:0001285,nephron,organoid,embryonic,encode,single,False,OutputType.CHIP_TF,,,CTCF
UBERON:0001323 TF ChIP-seq CTCF,.,TF ChIP-seq,UBERON:0001323,tibial nerve,tissue,adult,encode,paired,False,OutputType.CHIP_TF,,,CTCF
UBERON:0001323 TF ChIP-seq EP300,.,TF ChIP-seq,UBERON:0001323,tibial nerve,tissue,adult,encode,paired,False,OutputType.CHIP_TF,,,EP300
UBERON:0001323 TF ChIP-seq POLR2A,.,TF ChIP-seq,UBERON:0001323,tibial nerve,tissue,adult,encode,paired,False,OutputType.CHIP_TF,,,POLR2A
UBERON:0001496 TF ChIP-seq CTCF,.,TF ChIP-seq,UBERON:0001496,ascending aorta,tissue,adult,encode,paired,False,OutputType.CHIP_TF,,,CTCF
UBERON:0001515 TF ChIP-seq CTCF,.,TF ChIP-seq,UBERON:0001515,thoracic aorta,tissue,adult,encode,single,False,OutputType.CHIP_TF,,,CTCF
UBERON:0001621 TF ChIP-seq CTCF,.,TF ChIP-seq,UBERON:0001621,coronary artery,tissue,adult,encode,single,False,OutputType.CHIP_TF,,,CTCF
UBERON:0001987 TF ChIP-seq CTCF,.,TF ChIP-seq,UBERON:0001987,placenta,tissue,embryonic,encode,single,False,OutputType.CHIP_TF,,,CTCF
UBERON:0002046 TF ChIP-seq CTCF,.,TF ChIP-seq,UBERON:0002046,thyroid gland,tissue,adult,encode,paired,False,OutputType.CHIP_TF,,,CTCF
UBERON:0002046 TF ChIP-seq POLR2A,.,TF ChIP-seq,UBERON:0002046,thyroid gland,tissue,adult,encode,paired,False,OutputType.CHIP_TF,,,POLR2A
UBERON:0002080 TF ChIP-seq CTCF,.,TF ChIP-seq,UBERON:0002080,heart right ventricle,tissue,adult,encode,single,False,OutputType.CHIP_TF,,,CTCF
UBERON:0002084 TF ChIP-seq CTCF,.,TF ChIP-seq,UBERON:0002084,heart left ventricle,tissue,adult,encode,single,False,OutputType.CHIP_TF,,,CTCF
UBERON:0002084 TF ChIP-seq POLR2A,.,TF ChIP-seq,UBERON:0002084,heart left ventricle,tissue,adult,encode,paired,False,OutputType.CHIP_TF,,,POLR2A
UBERON:0002106 TF ChIP-seq CTCF,.,TF ChIP-seq,UBERON:0002106,spleen,tissue,adult,encode,paired,False,OutputType.CHIP_TF,,,CTCF
UBERON:0002106 TF ChIP-seq POLR2A,.,TF ChIP-seq,UBERON:0002106,spleen,tissue,adult,encode,paired,False,OutputType.CHIP_TF,,,POLR2A
UBERON:0002106 TF ChIP-seq POLR2AphosphoS5,.,TF ChIP-seq,UBERON:0002106,spleen,tissue,adult,encode,paired,False,OutputType.CHIP_TF,,,POLR2AphosphoS5
UBERON:0002107 TF ChIP-seq ATF3,.,TF ChIP-seq,UBERON:0002107,liver,tissue,adult,encode,single,False,OutputType.CHIP_TF,,,ATF3
UBERON:0002107 TF ChIP-seq CTCF,.,TF ChIP-seq,UBERON:0002107,liver,tissue,"child,adult",encode,single,False,OutputType.CHIP_TF,,,CTCF
UBERON:0002107 TF ChIP-seq EGR1,.,TF ChIP-seq,UBERON:0002107,liver,tissue,adult,encode,single,False,OutputType.CHIP_TF,,,EGR1
UBERON:0002107 TF ChIP-seq FOXA1,.,TF ChIP-seq,UBERON:0002107,liver,tissue,adult,encode,single,False,OutputType.CHIP_TF,,,FOXA1
UBERON:0002107 TF ChIP-seq FOXA2,.,TF ChIP-seq,UBERON:0002107,liver,tissue,adult,encode,single,False,OutputType.CHIP_TF,,,FOXA2
UBERON:0002107 TF ChIP-seq GABPA,.,TF ChIP-seq,UBERON:0002107,liver,tissue,adult,encode,single,False,OutputType.CHIP_TF,,,GABPA
UBERON:0002107 TF ChIP-seq HNF4A,.,TF ChIP-seq,UBERON:0002107,liver,tissue,adult,encode,single,False,OutputType.CHIP_TF,,,HNF4A
UBERON:0002107 TF ChIP-seq HNF4G,.,TF ChIP-seq,UBERON:0002107,liver,tissue,child,encode,single,False,OutputType.CHIP_TF,,,HNF4G
UBERON:0002107 TF ChIP-seq JUND,.,TF ChIP-seq,UBERON:0002107,liver,tissue,adult,encode,single,False,OutputType.CHIP_TF,,,JUND
UBERON:0002107 TF ChIP-seq MAX,.,TF ChIP-seq,UBERON:0002107,liver,tissue,adult,encode,single,False,OutputType.CHIP_TF,,,MAX
UBERON:0002107 TF ChIP-seq NR2F2,.,TF ChIP-seq,UBERON:0002107,liver,tissue,adult,encode,single,False,OutputType.CHIP_TF,,,NR2F2
UBERON:0002107 TF ChIP-seq RAD21,.,TF ChIP-seq,UBERON:0002107,liver,tissue,adult,encode,single,False,OutputType.CHIP_TF,,,RAD21
UBERON:0002107 TF ChIP-seq REST,.,TF ChIP-seq,UBERON:0002107,liver,tissue,adult,encode,single,False,OutputType.CHIP_TF,,,REST
UBERON:0002107 TF ChIP-seq RXRA,.,TF ChIP-seq,UBERON:0002107,liver,tissue,adult,encode,single,False,OutputType.CHIP_TF,,,RXRA
UBERON:0002107 TF ChIP-seq SP1,.,TF ChIP-seq,UBERON:0002107,liver,tissue,adult,encode,single,False,OutputType.CHIP_TF,,,SP1
UBERON:0002107 TF ChIP-seq TAF1,.,TF ChIP-seq,UBERON:0002107,liver,tissue,child,encode,single,False,OutputType.CHIP_TF,,,TAF1
UBERON:0002107 TF ChIP-seq YY1,.,TF ChIP-seq,UBERON:0002107,liver,tissue,adult,encode,single,False,OutputType.CHIP_TF,,,YY1
UBERON:0002107 TF ChIP-seq ZBTB33,.,TF ChIP-seq,UBERON:0002107,liver,tissue,adult,encode,single,False,OutputType.CHIP_TF,,,ZBTB33
UBERON:0002168 TF ChIP-seq CTCF,.,TF ChIP-seq,UBERON:0002168,left lung,tissue,adult,encode,single,False,OutputType.CHIP_TF,,,CTCF
UBERON:0002170 TF ChIP-seq CTCF,.,TF ChIP-seq,UBERON:0002170,upper lobe of right lung,tissue,adult,encode,single,False,OutputType.CHIP_TF,,,CTCF
UBERON:0002171 TF ChIP-seq CTCF,.,TF ChIP-seq,UBERON:0002171,lower lobe of right lung,tissue,adult,encode,single,False,OutputType.CHIP_TF,,,CTCF
UBERON:0002367 TF ChIP-seq CTCF,.,TF ChIP-seq,UBERON:0002367,prostate gland,tissue,adult,encode,paired,False,OutputType.CHIP_TF,,,CTCF
UBERON:0002367 TF ChIP-seq POLR2A,.,TF ChIP-seq,UBERON:0002367,prostate gland,tissue,adult,encode,paired,False,OutputType.CHIP_TF,,,POLR2A
UBERON:0002367 TF ChIP-seq POLR2AphosphoS5,.,TF ChIP-seq,UBERON:0002367,prostate gland,tissue,adult,encode,paired,False,OutputType.CHIP_TF,,,POLR2AphosphoS5
UBERON:0002369 TF ChIP-seq CTCF,.,TF ChIP-seq,UBERON:0002369,adrenal gland,tissue,adult,encode,paired,False,OutputType.CHIP_TF,,,CTCF
UBERON:0002369 TF ChIP-seq POLR2A,.,TF ChIP-seq,UBERON:0002369,adrenal gland,tissue,adult,encode,paired,False,OutputType.CHIP_TF,,,POLR2A
UBERON:0004264 TF ChIP-seq CTCF,.,TF ChIP-seq,UBERON:0004264,lower leg skin,tissue,adult,encode,paired,False,OutputType.CHIP_TF,,,CTCF
UBERON:0004264 TF ChIP-seq POLR2A,.,TF ChIP-seq,UBERON:0004264,lower leg skin,tissue,adult,encode,paired,False,OutputType.CHIP_TF,,,POLR2A
UBERON:0004550 TF ChIP-seq CTCF,.,TF ChIP-seq,UBERON:0004550,gastroesophageal sphincter,tissue,adult,encode,paired,False,OutputType.CHIP_TF,,,CTCF
UBERON:0004550 TF ChIP-seq EP300,.,TF ChIP-seq,UBERON:0004550,gastroesophageal sphincter,tissue,adult,encode,paired,False,OutputType.CHIP_TF,,,EP300
UBERON:0004550 TF ChIP-seq POLR2A,.,TF ChIP-seq,UBERON:0004550,gastroesophageal sphincter,tissue,adult,encode,paired,False,OutputType.CHIP_TF,,,POLR2A
UBERON:0004550 TF ChIP-seq POLR2AphosphoS5,.,TF ChIP-seq,UBERON:0004550,gastroesophageal sphincter,tissue,adult,encode,paired,False,OutputType.CHIP_TF,,,POLR2AphosphoS5
UBERON:0004648 TF ChIP-seq CTCF,.,TF ChIP-seq,UBERON:0004648,esophagus muscularis mucosa,tissue,adult,encode,paired,False,OutputType.CHIP_TF,,,CTCF
UBERON:0004648 TF ChIP-seq POLR2A,.,TF ChIP-seq,UBERON:0004648,esophagus muscularis mucosa,tissue,adult,encode,paired,False,OutputType.CHIP_TF,,,POLR2A
UBERON:0004648 TF ChIP-seq POLR2AphosphoS5,.,TF ChIP-seq,UBERON:0004648,esophagus muscularis mucosa,tissue,adult,encode,paired,False,OutputType.CHIP_TF,,,POLR2AphosphoS5
UBERON:0004992 TF ChIP-seq CTCF,.,TF ChIP-seq,UBERON:0004992,mucosa of descending colon,tissue,adult,encode,single,False,OutputType.CHIP_TF,,,CTCF
UBERON:0006631 TF ChIP-seq CTCF,.,TF ChIP-seq,UBERON:0006631,right atrium auricular region,tissue,adult,encode,single,False,OutputType.CHIP_TF,,,CTCF
UBERON:0006920 TF ChIP-seq CTCF,.,TF ChIP-seq,UBERON:0006920,esophagus squamous epithelium,tissue,adult,encode,paired,False,OutputType.CHIP_TF,,,CTCF
UBERON:0006920 TF ChIP-seq POLR2A,.,TF ChIP-seq,UBERON:0006920,esophagus squamous epithelium,tissue,adult,encode,paired,False,OutputType.CHIP_TF,,,POLR2A
UBERON:0007610 TF ChIP-seq CTCF,.,TF ChIP-seq,UBERON:0007610,tibial artery,tissue,adult,encode,paired,False,OutputType.CHIP_TF,,,CTCF
UBERON:0008367 TF ChIP-seq CTCF,.,TF ChIP-seq,UBERON:0008367,breast epithelium,tissue,adult,encode,paired,False,OutputType.CHIP_TF,,,CTCF
UBERON:0008367 TF ChIP-seq POLR2A,.,TF ChIP-seq,UBERON:0008367,breast epithelium,tissue,adult,encode,paired,False,OutputType.CHIP_TF,,,POLR2A
UBERON:0008367 TF ChIP-seq POLR2AphosphoS5,.,TF ChIP-seq,UBERON:0008367,breast epithelium,tissue,adult,encode,paired,False,OutputType.CHIP_TF,,,POLR2AphosphoS5
UBERON:0008450 TF ChIP-seq CTCF,.,TF ChIP-seq,UBERON:0008450,psoas muscle,tissue,adult,encode,single,False,OutputType.CHIP_TF,,,CTCF
UBERON:0008952 TF ChIP-seq CTCF,.,TF ChIP-seq,UBERON:0008952,upper lobe of left lung,tissue,adult,encode,paired,False,OutputType.CHIP_TF,,,CTCF
UBERON:0008952 TF ChIP-seq EP300,.,TF ChIP-seq,UBERON:0008952,upper lobe of left lung,tissue,adult,encode,paired,False,OutputType.CHIP_TF,,,EP300
UBERON:0008952 TF ChIP-seq POLR2A,.,TF ChIP-seq,UBERON:0008952,upper lobe of left lung,tissue,adult,encode,paired,False,OutputType.CHIP_TF,,,POLR2A
UBERON:0008952 TF ChIP-seq POLR2AphosphoS5,.,TF ChIP-seq,UBERON:0008952,upper lobe of left lung,tissue,adult,encode,paired,False,OutputType.CHIP_TF,,,POLR2AphosphoS5
UBERON:0008953 TF ChIP-seq CTCF,.,TF ChIP-seq,UBERON:0008953,lower lobe of left lung,tissue,adult,encode,single,False,OutputType.CHIP_TF,,,CTCF
UBERON:0009834 TF ChIP-seq CTCF,.,TF ChIP-seq,UBERON:0009834,dorsolateral prefrontal cortex,tissue,adult,encode,single,False,OutputType.CHIP_TF,,,CTCF
UBERON:0010414 TF ChIP-seq CTCF,.,TF ChIP-seq,UBERON:0010414,omental fat pad,tissue,adult,encode,paired,False,OutputType.CHIP_TF,,,CTCF
UBERON:0011907 TF ChIP-seq CTCF,.,TF ChIP-seq,UBERON:0011907,gastrocnemius medialis,tissue,adult,encode,paired,False,OutputType.CHIP_TF,,,CTCF
UBERON:0011907 TF ChIP-seq POLR2A,.,TF ChIP-seq,UBERON:0011907,gastrocnemius medialis,tissue,adult,encode,paired,False,OutputType.CHIP_TF,,,POLR2A
UBERON:0036149 TF ChIP-seq CTCF,.,TF ChIP-seq,UBERON:0036149,suprapubic skin,tissue,adult,encode,paired,False,OutputType.CHIP_TF,,,CTCF
UBERON:0036149 TF ChIP-seq POLR2A,.,TF ChIP-seq,UBERON:0036149,suprapubic skin,tissue,adult,encode,paired,False,OutputType.CHIP_TF,,,POLR2A
UBERON:0036149 TF ChIP-seq POLR2AphosphoS5,.,TF ChIP-seq,UBERON:0036149,suprapubic skin,tissue,adult,encode,paired,False,OutputType.CHIP_TF,,,POLR2AphosphoS5
donor,+,,,,,,,,,OutputType.SPLICE_SITES,,,
acceptor,+,,,,,,,,,OutputType.SPLICE_SITES,,,
donor,-,,,,,,,,,OutputType.SPLICE_SITES,,,
acceptor,-,,,,,,,,,OutputType.SPLICE_SITES,,,
usage_CL:0000047 polyA plus RNA-seq,+,polyA plus RNA-seq,CL:0000047,neuronal stem cell,in_vitro_differentiated_cells,embryonic,encode,,,OutputType.SPLICE_SITE_USAGE,,,
usage_CL:0000062 total RNA-seq,+,total RNA-seq,CL:0000062,osteoblast,primary_cell,adult,encode,,,OutputType.SPLICE_SITE_USAGE,,,
usage_CL:0000084 polyA plus RNA-seq,+,polyA plus RNA-seq,CL:0000084,T-cell,primary_cell,adult,encode,,,OutputType.SPLICE_SITE_USAGE,,,
usage_CL:0000084 total RNA-seq,+,total RNA-seq,CL:0000084,T-cell,primary_cell,adult,encode,,,OutputType.SPLICE_SITE_USAGE,,,
usage_CL:0000100 total RNA-seq,+,total RNA-seq,CL:0000100,motor neuron,in_vitro_differentiated_cells,adult,encode,,,OutputType.SPLICE_SITE_USAGE,,,
usage_CL:0000115 total RNA-seq,+,total RNA-seq,CL:0000115,endothelial cell,in_vitro_differentiated_cells,adult,encode,,,OutputType.SPLICE_SITE_USAGE,,,
usage_CL:0000121 polyA plus RNA-seq,+,polyA plus RNA-seq,CL:0000121,Purkinje cell,primary_cell,child,encode,,,OutputType.SPLICE_SITE_USAGE,,,
usage_CL:0000127 total RNA-seq,+,total RNA-seq,CL:0000127,astrocyte,primary_cell,unknown,encode,,,OutputType.SPLICE_SITE_USAGE,,,
usage_CL:0000134 polyA plus RNA-seq,+,polyA plus RNA-seq,CL:0000134,mesenchymal stem cell,in_vitro_differentiated_cells,embryonic,encode,,,OutputType.SPLICE_SITE_USAGE,,,
usage_CL:0000137 total RNA-seq,+,total RNA-seq,CL:0000137,osteocyte,in_vitro_differentiated_cells,embryonic,encode,,,OutputType.SPLICE_SITE_USAGE,,,
usage_CL:0000138 total RNA-seq,+,total RNA-seq,CL:0000138,chondrocyte,in_vitro_differentiated_cells,embryonic,encode,,,OutputType.SPLICE_SITE_USAGE,,,
usage_CL:0000169 total RNA-seq,+,total RNA-seq,CL:0000169,type B pancreatic cell,in_vitro_differentiated_cells,embryonic,encode,,,OutputType.SPLICE_SITE_USAGE,,,
usage_CL:0000182 polyA plus RNA-seq,+,polyA plus RNA-seq,CL:0000182,hepatocyte,in_vitro_differentiated_cells,embryonic,encode,,,OutputType.SPLICE_SITE_USAGE,,,
usage_CL:0000182 total RNA-seq,+,total RNA-seq,CL:0000182,hepatocyte,in_vitro_differentiated_cells,embryonic,encode,,,OutputType.SPLICE_SITE_USAGE,,,
usage_CL:0000187 polyA plus RNA-seq,+,polyA plus RNA-seq,CL:0000187,myocyte,in_vitro_differentiated_cells,adult,encode,,,OutputType.SPLICE_SITE_USAGE,,,
usage_CL:0000187 total RNA-seq,+,total RNA-seq,CL:0000187,myocyte,in_vitro_differentiated_cells,adult,encode,,,OutputType.SPLICE_SITE_USAGE,,,
usage_CL:0000192 polyA plus RNA-seq,+,polyA plus RNA-seq,CL:0000192,smooth muscle cell,in_vitro_differentiated_cells,embryonic,encode,,,OutputType.SPLICE_SITE_USAGE,,,
usage_CL:0000192 total RNA-seq,+,total RNA-seq,CL:0000192,smooth muscle cell,in_vitro_differentiated_cells,embryonic,encode,,,OutputType.SPLICE_SITE_USAGE,,,
usage_CL:0000221 polyA plus RNA-seq,+,polyA plus RNA-seq,CL:0000221,ectodermal cell,in_vitro_differentiated_cells,embryonic,encode,,,OutputType.SPLICE_SITE_USAGE,,,
usage_CL:0000222 polyA plus RNA-seq,+,polyA plus RNA-seq,CL:0000222,mesodermal cell,in_vitro_differentiated_cells,embryonic,encode,,,OutputType.SPLICE_SITE_USAGE,,,
usage_CL:0000223 polyA plus RNA-seq,+,polyA plus RNA-seq,CL:0000223,endodermal cell,in_vitro_differentiated_cells,embryonic,encode,,,OutputType.SPLICE_SITE_USAGE,,,
usage_CL:0000223 total RNA-seq,+,total RNA-seq,CL:0000223,endodermal cell,in_vitro_differentiated_cells,embryonic,encode,,,OutputType.SPLICE_SITE_USAGE,,,
usage_CL:0000236 polyA plus RNA-seq,+,polyA plus RNA-seq,CL:0000236,B cell,primary_cell,adult,encode,,,OutputType.SPLICE_SITE_USAGE,,,
usage_CL:0000236 total RNA-seq,+,total RNA-seq,CL:0000236,B cell,primary_cell,adult,encode,,,OutputType.SPLICE_SITE_USAGE,,,
usage_CL:0000307 total RNA-seq,+,total RNA-seq,CL:0000307,tracheal epithelial cell,primary_cell,adult,encode,,,OutputType.SPLICE_SITE_USAGE,,,
usage_CL:0000312 polyA plus RNA-seq,+,polyA plus RNA-seq,CL:0000312,keratinocyte,primary_cell,unknown,encode,,,OutputType.SPLICE_SITE_USAGE,,,
usage_CL:0000346 total RNA-seq,+,total RNA-seq,CL:0000346,hair follicle dermal papilla cell,primary_cell,adult,encode,,,OutputType.SPLICE_SITE_USAGE,,,
usage_CL:0000351 polyA plus RNA-seq,+,polyA plus RNA-seq,CL:0000351,trophoblast cell,in_vitro_differentiated_cells,embryonic,encode,,,OutputType.SPLICE_SITE_USAGE,,,
usage_CL:0000515 polyA plus RNA-seq,+,polyA plus RNA-seq,CL:0000515,skeletal muscle myoblast,primary_cell,unknown,encode,,,OutputType.SPLICE_SITE_USAGE,,,
usage_CL:0000515 total RNA-seq,+,total RNA-seq,CL:0000515,skeletal muscle myoblast,primary_cell,unknown,encode,,,OutputType.SPLICE_SITE_USAGE,,,
usage_CL:0000594 total RNA-seq,+,total RNA-seq,CL:0000594,skeletal muscle satellite cell,primary_cell,adult,encode,,,OutputType.SPLICE_SITE_USAGE,,,
usage_CL:0000623 polyA plus RNA-seq,+,polyA plus RNA-seq,CL:0000623,natural killer cell,primary_cell,adult,encode,,,OutputType.SPLICE_SITE_USAGE,,,
usage_CL:0000623 total RNA-seq,+,total RNA-seq,CL:0000623,natural killer cell,primary_cell,adult,encode,,,OutputType.SPLICE_SITE_USAGE,,,
usage_CL:0000624 polyA plus RNA-seq,+,polyA plus RNA-seq,CL:0000624,"CD4-positive, alpha-beta T cell",primary_cell,adult,encode,,,OutputType.SPLICE_SITE_USAGE,,,
usage_CL:0000624 total RNA-seq,+,total RNA-seq,CL:0000624,"CD4-positive, alpha-beta T cell",primary_cell,adult,encode,,,OutputType.SPLICE_SITE_USAGE,,,
usage_CL:0000625 polyA plus RNA-seq,+,polyA plus RNA-seq,CL:0000625,"CD8-positive, alpha-beta T cell",primary_cell,adult,encode,,,OutputType.SPLICE_SITE_USAGE,,,
usage_CL:0000625 total RNA-seq,+,total RNA-seq,CL:0000625,"CD8-positive, alpha-beta T cell",primary_cell,adult,encode,,,OutputType.SPLICE_SITE_USAGE,,,
usage_CL:0000650 total RNA-seq,+,total RNA-seq,CL:0000650,mesangial cell,primary_cell,"unknown,embryonic",encode,,,OutputType.SPLICE_SITE_USAGE,,,
usage_CL:0000679 total RNA-seq,+,total RNA-seq,CL:0000679,glutamatergic neuron,in_vitro_differentiated_cells,adult,encode,,,OutputType.SPLICE_SITE_USAGE,,,
usage_CL:0000746 polyA plus RNA-seq,+,polyA plus RNA-seq,CL:0000746,cardiac muscle cell,in_vitro_differentiated_cells,embryonic,encode,,,OutputType.SPLICE_SITE_USAGE,,,
usage_CL:0000746 total RNA-seq,+,total RNA-seq,CL:0000746,cardiac muscle cell,in_vitro_differentiated_cells,embryonic,encode,,,OutputType.SPLICE_SITE_USAGE,,,
usage_CL:0000788 polyA plus RNA-seq,+,polyA plus RNA-seq,CL:0000788,naive B cell,primary_cell,unknown,encode,,,OutputType.SPLICE_SITE_USAGE,,,
usage_CL:0000792 polyA plus RNA-seq,+,polyA plus RNA-seq,CL:0000792,"CD4-positive, CD25-positive, alpha-beta regulatory T cell",primary_cell,unknown,encode,,,OutputType.SPLICE_SITE_USAGE,,,
usage_CL:0000823 polyA plus RNA-seq,+,polyA plus RNA-seq,CL:0000823,immature natural killer cell,primary_cell,unknown,encode,,,OutputType.SPLICE_SITE_USAGE,,,
usage_CL:0000837 total RNA-seq,+,total RNA-seq,CL:0000837,hematopoietic multipotent progenitor cell,in_vitro_differentiated_cells,unknown,encode,,,OutputType.SPLICE_SITE_USAGE,,,
usage_CL:0000842 total RNA-seq,+,total RNA-seq,CL:0000842,mononuclear cell,primary_cell,adult,encode,,,OutputType.SPLICE_SITE_USAGE,,,
usage_CL:0000895 polyA plus RNA-seq,+,polyA plus RNA-seq,CL:0000895,"naive thymus-derived CD4-positive, alpha-beta T cell",primary_cell,unknown,encode,,,OutputType.SPLICE_SITE_USAGE,,,
usage_CL:0000895 total RNA-seq,+,total RNA-seq,CL:0000895,"naive thymus-derived CD4-positive, alpha-beta T cell",primary_cell,adult,encode,,,OutputType.SPLICE_SITE_USAGE,,,
usage_CL:0000897 polyA plus RNA-seq,+,polyA plus RNA-seq,CL:0000897,"CD4-positive, alpha-beta memory T cell",primary_cell,unknown,encode,,,OutputType.SPLICE_SITE_USAGE,,,
usage_CL:0000897 total RNA-seq,+,total RNA-seq,CL:0000897,"CD4-positive, alpha-beta memory T cell",primary_cell,adult,encode,,,OutputType.SPLICE_SITE_USAGE,,,
usage_CL:0000900 polyA plus RNA-seq,+,polyA plus RNA-seq,CL:0000900,"naive thymus-derived CD8-positive, alpha-beta T cell",primary_cell,unknown,encode,,,OutputType.SPLICE_SITE_USAGE,,,
usage_CL:0000900 total RNA-seq,+,total RNA-seq,CL:0000900,"naive thymus-derived CD8-positive, alpha-beta T cell",primary_cell,adult,encode,,,OutputType.SPLICE_SITE_USAGE,,,
usage_CL:0000909 polyA plus RNA-seq,+,polyA plus RNA-seq,CL:0000909,"CD8-positive, alpha-beta memory T cell",primary_cell,unknown,encode,,,OutputType.SPLICE_SITE_USAGE,,,
usage_CL:0000909 total RNA-seq,+,total RNA-seq,CL:0000909,"CD8-positive, alpha-beta memory T cell",primary_cell,adult,encode,,,OutputType.SPLICE_SITE_USAGE,,,
usage_CL:0001053 polyA plus RNA-seq,+,polyA plus RNA-seq,CL:0001053,IgD-negative memory B cell,primary_cell,unknown,encode,,,OutputType.SPLICE_SITE_USAGE,,,
usage_CL:0001054 polyA plus RNA-seq,+,polyA plus RNA-seq,CL:0001054,CD14-positive monocyte,primary_cell,adult,encode,,,OutputType.SPLICE_SITE_USAGE,,,
usage_CL:0001059 polyA plus RNA-seq,+,polyA plus RNA-seq,CL:0001059,"common myeloid progenitor, CD34-positive",primary_cell,adult,encode,,,OutputType.SPLICE_SITE_USAGE,,,
usage_CL:0002098 total RNA-seq,+,total RNA-seq,CL:0002098,regular cardiac myocyte,primary_cell,adult,encode,,,OutputType.SPLICE_SITE_USAGE,,,
usage_CL:0002188 total RNA-seq,+,total RNA-seq,CL:0002188,glomerular endothelial cell,primary_cell,embryonic,encode,,,OutputType.SPLICE_SITE_USAGE,,,
usage_CL:0002306 total RNA-seq,+,total RNA-seq,CL:0002306,epithelial cell of proximal tubule,primary_cell,unknown,encode,,,OutputType.SPLICE_SITE_USAGE,,,
usage_CL:0002319 polyA plus RNA-seq,+,polyA plus RNA-seq,CL:0002319,neural cell,in_vitro_differentiated_cells,embryonic,encode,,,OutputType.SPLICE_SITE_USAGE,,,
usage_CL:0002324 polyA plus RNA-seq,+,polyA plus RNA-seq,CL:0002324,myoepithelial cell of mammary gland,primary_cell,adult,encode,,,OutputType.SPLICE_SITE_USAGE,,,
usage_CL:0002326 polyA plus RNA-seq,+,polyA plus RNA-seq,CL:0002326,luminal epithelial cell of mammary gland,primary_cell,adult,encode,,,OutputType.SPLICE_SITE_USAGE,,,
usage_CL:0002327 polyA plus RNA-seq,+,polyA plus RNA-seq,CL:0002327,mammary epithelial cell,primary_cell,adult,encode,,,OutputType.SPLICE_SITE_USAGE,,,
usage_CL:0002327 total RNA-seq,+,total RNA-seq,CL:0002327,mammary epithelial cell,primary_cell,adult,encode,,,OutputType.SPLICE_SITE_USAGE,,,
usage_CL:0002328 total RNA-seq,+,total RNA-seq,CL:0002328,bronchial epithelial cell,primary_cell,adult,encode,,,OutputType.SPLICE_SITE_USAGE,,,
usage_CL:0002351 total RNA-seq,+,total RNA-seq,CL:0002351,progenitor cell of endocrine pancreas,in_vitro_differentiated_cells,embryonic,encode,,,OutputType.SPLICE_SITE_USAGE,,,
usage_CL:0002366 total RNA-seq,+,total RNA-seq,CL:0002366,myometrial cell,primary_cell,adult,encode,,,OutputType.SPLICE_SITE_USAGE,,,
usage_CL:0002368 total RNA-seq,+,total RNA-seq,CL:0002368,airway epithelial cell,primary_cell,unknown,encode,,,OutputType.SPLICE_SITE_USAGE,,,
usage_CL:0002372 total RNA-seq,+,total RNA-seq,CL:0002372,myotube,in_vitro_differentiated_cells,unknown,encode,,,OutputType.SPLICE_SITE_USAGE,,,
usage_CL:0002451 polyA plus RNA-seq,+,polyA plus RNA-seq,CL:0002451,mammary stem cell,primary_cell,adult,encode,,,OutputType.SPLICE_SITE_USAGE,,,
usage_CL:0002518 total RNA-seq,+,total RNA-seq,CL:0002518,kidney epithelial cell,primary_cell,"embryonic,newborn",encode,,,OutputType.SPLICE_SITE_USAGE,,,
usage_CL:0002539 total RNA-seq,+,total RNA-seq,CL:0002539,aortic smooth muscle cell,primary_cell,adult,encode,,,OutputType.SPLICE_SITE_USAGE,,,
usage_CL:0002540 total RNA-seq,+,total RNA-seq,CL:0002540,mesenchymal stem cell of the bone marrow,primary_cell,adult,encode,,,OutputType.SPLICE_SITE_USAGE,,,
usage_CL:0002543 total RNA-seq,+,total RNA-seq,CL:0002543,vein endothelial cell,primary_cell,adult,encode,,,OutputType.SPLICE_SITE_USAGE,,,
usage_CL:0002545 total RNA-seq,+,total RNA-seq,CL:0002545,thoracic aorta endothelial cell,primary_cell,adult,encode,,,OutputType.SPLICE_SITE_USAGE,,,
usage_CL:0002547 total RNA-seq,+,total RNA-seq,CL:0002547,fibroblast of the aortic adventitia,primary_cell,adult,encode,,,OutputType.SPLICE_SITE_USAGE,,,
usage_CL:0002551 total RNA-seq,+,total RNA-seq,CL:0002551,fibroblast of dermis,primary_cell,adult,encode,,,OutputType.SPLICE_SITE_USAGE,,,
usage_CL:0002553 polyA plus RNA-seq,+,polyA plus RNA-seq,CL:0002553,fibroblast of lung,primary_cell,adult,encode,,,OutputType.SPLICE_SITE_USAGE,,,
usage_CL:0002553 total RNA-seq,+,total RNA-seq,CL:0002553,fibroblast of lung,primary_cell,adult,encode,,,OutputType.SPLICE_SITE_USAGE,,,
usage_CL:0002558 total RNA-seq,+,total RNA-seq,CL:0002558,fibroblast of villous mesenchyme,primary_cell,newborn,encode,,,OutputType.SPLICE_SITE_USAGE,,,
usage_CL:0002568 total RNA-seq,+,total RNA-seq,CL:0002568,mesenchymal stem cell of Wharton's jelly,primary_cell,newborn,encode,,,OutputType.SPLICE_SITE_USAGE,,,
usage_CL:0002570 total RNA-seq,+,total RNA-seq,CL:0002570,mesenchymal stem cell of adipose,primary_cell,adult,encode,,,OutputType.SPLICE_SITE_USAGE,,,
usage_CL:0002577 total RNA-seq,+,total RNA-seq,CL:0002577,placental epithelial cell,primary_cell,newborn,encode,,,OutputType.SPLICE_SITE_USAGE,,,
usage_CL:0002583 total RNA-seq,+,total RNA-seq,CL:0002583,subcutaneous preadipocyte,primary_cell,adult,encode,,,OutputType.SPLICE_SITE_USAGE,,,
usage_CL:0002584 total RNA-seq,+,total RNA-seq,CL:0002584,renal cortical epithelial cell,primary_cell,adult,encode,,,OutputType.SPLICE_SITE_USAGE,,,
usage_CL:0002591 total RNA-seq,+,total RNA-seq,CL:0002591,smooth muscle cell of the pulmonary artery,primary_cell,adult,encode,,,OutputType.SPLICE_SITE_USAGE,,,
usage_CL:0002592 total RNA-seq,+,total RNA-seq,CL:0002592,smooth muscle cell of the coronary artery,primary_cell,adult,encode,,,OutputType.SPLICE_SITE_USAGE,,,
usage_CL:0002594 total RNA-seq,+,total RNA-seq,CL:0002594,smooth muscle cell of the umbilical artery,primary_cell,newborn,encode,,,OutputType.SPLICE_SITE_USAGE,,,
usage_CL:0002597 total RNA-seq,+,total RNA-seq,CL:0002597,smooth muscle cell of bladder,primary_cell,adult,encode,,,OutputType.SPLICE_SITE_USAGE,,,
usage_CL:0002598 total RNA-seq,+,total RNA-seq,CL:0002598,bronchial smooth muscle cell,primary_cell,adult,encode,,,OutputType.SPLICE_SITE_USAGE,,,
usage_CL:0002600 total RNA-seq,+,total RNA-seq,CL:0002600,smooth muscle cell of trachea,primary_cell,adult,encode,,,OutputType.SPLICE_SITE_USAGE,,,
usage_CL:0002601 total RNA-seq,+,total RNA-seq,CL:0002601,uterine smooth muscle cell,primary_cell,adult,encode,,,OutputType.SPLICE_SITE_USAGE,,,
usage_CL:0002618 polyA plus RNA-seq,+,polyA plus RNA-seq,CL:0002618,endothelial cell of umbilical vein,primary_cell,newborn,encode,,,OutputType.SPLICE_SITE_USAGE,,,
usage_CL:0002618 total RNA-seq,+,total RNA-seq,CL:0002618,endothelial cell of umbilical vein,primary_cell,newborn,encode,,,OutputType.SPLICE_SITE_USAGE,,,
usage_CL:0010002 total RNA-seq,+,total RNA-seq,CL:0010002,epithelial cell of umbilical artery,primary_cell,newborn,encode,,,OutputType.SPLICE_SITE_USAGE,,,
usage_CL:0010003 total RNA-seq,+,total RNA-seq,CL:0010003,epithelial cell of alveolus of lung,primary_cell,"unknown,embryonic",encode,,,OutputType.SPLICE_SITE_USAGE,,,
usage_CL:0011012 total RNA-seq,+,total RNA-seq,CL:0011012,neural crest cell,in_vitro_differentiated_cells,embryonic,encode,,,OutputType.SPLICE_SITE_USAGE,,,
usage_CL:0011019 total RNA-seq,+,total RNA-seq,CL:0011019,mesothelial cell of epicardium,in_vitro_differentiated_cells,embryonic,encode,,,OutputType.SPLICE_SITE_USAGE,,,
usage_CL:0011020 total RNA-seq,+,total RNA-seq,CL:0011020,neural progenitor cell,in_vitro_differentiated_cells,embryonic,encode,,,OutputType.SPLICE_SITE_USAGE,,,
usage_CL:0011022 polyA plus RNA-seq,+,polyA plus RNA-seq,CL:0011022,fibroblast of skin of back,primary_cell,embryonic,encode,,,OutputType.SPLICE_SITE_USAGE,,,
usage_CL:1000458 total RNA-seq,+,total RNA-seq,CL:1000458,melanocyte of skin,primary_cell,adult,encode,,,OutputType.SPLICE_SITE_USAGE,,,
usage_CL:1001568 total RNA-seq,+,total RNA-seq,CL:1001568,pulmonary artery endothelial cell,primary_cell,adult,encode,,,OutputType.SPLICE_SITE_USAGE,,,
usage_CL:1001606 polyA plus RNA-seq,+,polyA plus RNA-seq,CL:1001606,foreskin keratinocyte,primary_cell,newborn,encode,,,OutputType.SPLICE_SITE_USAGE,,,
usage_CL:1001606 total RNA-seq,+,total RNA-seq,CL:1001606,foreskin keratinocyte,primary_cell,newborn,encode,,,OutputType.SPLICE_SITE_USAGE,,,
usage_CL:1001608 polyA plus RNA-seq,+,polyA plus RNA-seq,CL:1001608,foreskin fibroblast,primary_cell,newborn,encode,,,OutputType.SPLICE_SITE_USAGE,,,
usage_CL:2000001 polyA plus RNA-seq,+,polyA plus RNA-seq,CL:2000001,peripheral blood mononuclear cell,primary_cell,adult,encode,,,OutputType.SPLICE_SITE_USAGE,,,
usage_CL:2000007 total RNA-seq,+,total RNA-seq,CL:2000007,articular chondrocyte of knee joint,primary_cell,adult,encode,,,OutputType.SPLICE_SITE_USAGE,,,
usage_CL:2000010 total RNA-seq,+,total RNA-seq,CL:2000010,dermis blood vessel endothelial cell,primary_cell,child,encode,,,OutputType.SPLICE_SITE_USAGE,,,
usage_CL:2000011 total RNA-seq,+,total RNA-seq,CL:2000011,dermis lymphatic vessel endothelial cell,primary_cell,"child,adult",encode,,,OutputType.SPLICE_SITE_USAGE,,,
usage_CL:2000013 polyA plus RNA-seq,+,polyA plus RNA-seq,CL:2000013,fibroblast of skin of abdomen,primary_cell,embryonic,encode,,,OutputType.SPLICE_SITE_USAGE,,,
usage_CL:2000016 total RNA-seq,+,total RNA-seq,CL:2000016,lung microvascular endothelial cell,primary_cell,adult,encode,,,OutputType.SPLICE_SITE_USAGE,,,
usage_CL:2000018 total RNA-seq,+,total RNA-seq,CL:2000018,endothelial cell of coronary artery,primary_cell,adult,encode,,,OutputType.SPLICE_SITE_USAGE,,,
usage_CL:2000040 total RNA-seq,+,total RNA-seq,CL:2000040,bladder microvascular endothelial cell,primary_cell,adult,encode,,,OutputType.SPLICE_SITE_USAGE,,,
usage_CL:2000041 total RNA-seq,+,total RNA-seq,CL:2000041,dermis microvascular lymphatic vessel endothelial cell,primary_cell,adult,encode,,,OutputType.SPLICE_SITE_USAGE,,,
usage_CL:2000045 polyA plus RNA-seq,+,polyA plus RNA-seq,CL:2000045,foreskin melanocyte,primary_cell,newborn,encode,,,OutputType.SPLICE_SITE_USAGE,,,
usage_CL:2000066 total RNA-seq,+,total RNA-seq,CL:2000066,cardiac ventricle fibroblast,primary_cell,"adult,unknown",encode,,,OutputType.SPLICE_SITE_USAGE,,,
usage_CL:2000067 total RNA-seq,+,total RNA-seq,CL:2000067,cardiac atrium fibroblast,primary_cell,child,encode,,,OutputType.SPLICE_SITE_USAGE,,,
usage_CL:2000068 total RNA-seq,+,total RNA-seq,CL:2000068,pericardium fibroblast,primary_cell,"embryonic,unknown",encode,,,OutputType.SPLICE_SITE_USAGE,,,
usage_CL:2000071 total RNA-seq,+,total RNA-seq,CL:2000071,mammary microvascular endothelial cell,primary_cell,adult,encode,,,OutputType.SPLICE_SITE_USAGE,,,
usage_CL:2000078 total RNA-seq,+,total RNA-seq,CL:2000078,placental pericyte,primary_cell,newborn,encode,,,OutputType.SPLICE_SITE_USAGE,,,
usage_CL:2000092 total RNA-seq,+,total RNA-seq,CL:2000092,hair follicular keratinocyte,primary_cell,adult,encode,,,OutputType.SPLICE_SITE_USAGE,,,
usage_CL:2000093 total RNA-seq,+,total RNA-seq,CL:2000093,bronchus fibroblast of lung,primary_cell,unknown,encode,,,OutputType.SPLICE_SITE_USAGE,,,
usage_CL:2000094 total RNA-seq,+,total RNA-seq,CL:2000094,nasal cavity respiratory epithelium epithelial cell of viscerocranial mucosa,primary_cell,adult,encode,,,OutputType.SPLICE_SITE_USAGE,,,
usage_CLO:0007045 polyA plus RNA-seq,+,polyA plus RNA-seq,CLO:0007045,"Jurkat, Clone E6-1",cell_line,child,encode,,,OutputType.SPLICE_SITE_USAGE,,,
usage_EFO:0000572 gtex Cells_EBV-transformed_lymphocytes polyA plus RNA-seq,+,polyA plus RNA-seq,EFO:0000572,lymphoblast,tissue,adult,gtex,,,OutputType.SPLICE_SITE_USAGE,Cells_EBV-transformed_lymphocytes,,
usage_EFO:0001086 polyA plus RNA-seq,+,polyA plus RNA-seq,EFO:0001086,A549,cell_line,adult,encode,,,OutputType.SPLICE_SITE_USAGE,,,
usage_EFO:0001099 total RNA-seq,+,total RNA-seq,EFO:0001099,Caco-2,cell_line,adult,encode,,,OutputType.SPLICE_SITE_USAGE,,,
usage_EFO:0001187 polyA plus RNA-seq,+,polyA plus RNA-seq,EFO:0001187,HepG2,cell_line,child,encode,,,OutputType.SPLICE_SITE_USAGE,,,
usage_EFO:0001187 total RNA-seq,+,total RNA-seq,EFO:0001187,HepG2,cell_line,child,encode,,,OutputType.SPLICE_SITE_USAGE,,,
usage_EFO:0001193 total RNA-seq,+,total RNA-seq,EFO:0001193,HT-29,cell_line,adult,encode,,,OutputType.SPLICE_SITE_USAGE,,,
usage_EFO:0001196 polyA plus RNA-seq,+,polyA plus RNA-seq,EFO:0001196,IMR-90,cell_line,embryonic,encode,,,OutputType.SPLICE_SITE_USAGE,,,
usage_EFO:0001196 total RNA-seq,+,total RNA-seq,EFO:0001196,IMR-90,cell_line,embryonic,encode,,,OutputType.SPLICE_SITE_USAGE,,,
usage_EFO:0001200 total RNA-seq,+,total RNA-seq,EFO:0001200,MCF 10A,cell_line,adult,encode,,,OutputType.SPLICE_SITE_USAGE,,,
usage_EFO:0001203 polyA plus RNA-seq,+,polyA plus RNA-seq,EFO:0001203,MCF-7,cell_line,adult,encode,,,OutputType.SPLICE_SITE_USAGE,,,
usage_EFO:0001203 total RNA-seq,+,total RNA-seq,EFO:0001203,MCF-7,cell_line,adult,encode,,,OutputType.SPLICE_SITE_USAGE,,,
usage_EFO:0002009 gtex Cells_Cultured_fibroblasts polyA plus RNA-seq,+,polyA plus RNA-seq,EFO:0002009,fibroblast derived cell line,tissue,adult,gtex,,,OutputType.SPLICE_SITE_USAGE,Cells_Cultured_fibroblasts,,
usage_EFO:0002059 polyA plus RNA-seq,+,polyA plus RNA-seq,EFO:0002059,HT1080,cell_line,adult,encode,,,OutputType.SPLICE_SITE_USAGE,,,
usage_EFO:0002059 total RNA-seq,+,total RNA-seq,EFO:0002059,HT1080,cell_line,adult,encode,,,OutputType.SPLICE_SITE_USAGE,,,
usage_EFO:0002067 polyA plus RNA-seq,+,polyA plus RNA-seq,EFO:0002067,K562,cell_line,adult,encode,,,OutputType.SPLICE_SITE_USAGE,,,
usage_EFO:0002067 total RNA-seq,+,total RNA-seq,EFO:0002067,K562,cell_line,adult,encode,,,OutputType.SPLICE_SITE_USAGE,,,
usage_EFO:0002074 total RNA-seq,+,total RNA-seq,EFO:0002074,PC-3,cell_line,adult,encode,,,OutputType.SPLICE_SITE_USAGE,,,
usage_EFO:0002101 total RNA-seq,+,total RNA-seq,EFO:0002101,A172,cell_line,adult,encode,,,OutputType.SPLICE_SITE_USAGE,,,
usage_EFO:0002103 total RNA-seq,+,total RNA-seq,EFO:0002103,A375,cell_line,adult,encode,,,OutputType.SPLICE_SITE_USAGE,,,
usage_EFO:0002106 total RNA-seq,+,total RNA-seq,EFO:0002106,A673,cell_line,child,encode,,,OutputType.SPLICE_SITE_USAGE,,,
usage_EFO:0002150 total RNA-seq,+,total RNA-seq,EFO:0002150,Caki2,cell_line,adult,encode,,,OutputType.SPLICE_SITE_USAGE,,,
usage_EFO:0002179 total RNA-seq,+,total RNA-seq,EFO:0002179,G401,cell_line,child,encode,,,OutputType.SPLICE_SITE_USAGE,,,
usage_EFO:0002184 total RNA-seq,+,total RNA-seq,EFO:0002184,H4,cell_line,adult,encode,,,OutputType.SPLICE_SITE_USAGE,,,
usage_EFO:0002234 total RNA-seq,+,total RNA-seq,EFO:0002234,MG63,cell_line,child,encode,,,OutputType.SPLICE_SITE_USAGE,,,
usage_EFO:0002330 total RNA-seq,+,total RNA-seq,EFO:0002330,SJSA1,cell_line,adult,encode,,,OutputType.SPLICE_SITE_USAGE,,,
usage_EFO:0002713 polyA plus RNA-seq,+,polyA plus RNA-seq,EFO:0002713,Panc1,cell_line,adult,encode,,,OutputType.SPLICE_SITE_USAGE,,,
usage_EFO:0002713 total RNA-seq,+,total RNA-seq,EFO:0002713,Panc1,cell_line,adult,encode,,,OutputType.SPLICE_SITE_USAGE,,,
usage_EFO:0002779 polyA plus RNA-seq,+,polyA plus RNA-seq,EFO:0002779,BJ,cell_line,newborn,encode,,,OutputType.SPLICE_SITE_USAGE,,,
usage_EFO:0002784 polyA plus RNA-seq,+,polyA plus RNA-seq,EFO:0002784,GM12878,cell_line,adult,encode,,,OutputType.SPLICE_SITE_USAGE,,,
usage_EFO:0002784 total RNA-seq,+,total RNA-seq,EFO:0002784,GM12878,cell_line,adult,encode,,,OutputType.SPLICE_SITE_USAGE,,,
usage_EFO:0002785 polyA plus RNA-seq,+,polyA plus RNA-seq,EFO:0002785,GM12891,cell_line,unknown,encode,,,OutputType.SPLICE_SITE_USAGE,,,
usage_EFO:0002786 polyA plus RNA-seq,+,polyA plus RNA-seq,EFO:0002786,GM12892,cell_line,unknown,encode,,,OutputType.SPLICE_SITE_USAGE,,,
usage_EFO:0002791 polyA plus RNA-seq,+,polyA plus RNA-seq,EFO:0002791,HeLa-S3,cell_line,adult,encode,,,OutputType.SPLICE_SITE_USAGE,,,
usage_EFO:0002819 total RNA-seq,+,total RNA-seq,EFO:0002819,Calu3,cell_line,adult,encode,,,OutputType.SPLICE_SITE_USAGE,,,
usage_EFO:0002824 polyA plus RNA-seq,+,polyA plus RNA-seq,EFO:0002824,HCT116,cell_line,adult,encode,,,OutputType.SPLICE_SITE_USAGE,,,
usage_EFO:0002824 total RNA-seq,+,total RNA-seq,EFO:0002824,HCT116,cell_line,adult,encode,,,OutputType.SPLICE_SITE_USAGE,,,
usage_EFO:0002847 total RNA-seq,+,total RNA-seq,EFO:0002847,PC-9,cell_line,unknown,encode,,,OutputType.SPLICE_SITE_USAGE,,,
usage_EFO:0003042 polyA plus RNA-seq,+,polyA plus RNA-seq,EFO:0003042,H1,cell_line,embryonic,encode,,,OutputType.SPLICE_SITE_USAGE,,,
usage_EFO:0003042 total RNA-seq,+,total RNA-seq,EFO:0003042,H1,cell_line,embryonic,encode,,,OutputType.SPLICE_SITE_USAGE,,,
usage_EFO:0003044 polyA plus RNA-seq,+,polyA plus RNA-seq,EFO:0003044,NCI-H460,cell_line,unknown,encode,,,OutputType.SPLICE_SITE_USAGE,,,
usage_EFO:0003044 total RNA-seq,+,total RNA-seq,EFO:0003044,NCI-H460,cell_line,unknown,encode,,,OutputType.SPLICE_SITE_USAGE,,,
usage_EFO:0003045 total RNA-seq,+,total RNA-seq,EFO:0003045,H9,cell_line,embryonic,encode,,,OutputType.SPLICE_SITE_USAGE,,,
usage_EFO:0003072 polyA plus RNA-seq,+,polyA plus RNA-seq,EFO:0003072,SK-N-SH,cell_line,child,encode,,,OutputType.SPLICE_SITE_USAGE,,,
usage_EFO:0005234 polyA plus RNA-seq,+,polyA plus RNA-seq,EFO:0005234,PFSK-1,cell_line,child,encode,,,OutputType.SPLICE_SITE_USAGE,,,
usage_EFO:0005237 polyA plus RNA-seq,+,polyA plus RNA-seq,EFO:0005237,U-87 MG,cell_line,adult,encode,,,OutputType.SPLICE_SITE_USAGE,,,
usage_EFO:0005697 total RNA-seq,+,total RNA-seq,EFO:0005697,M059J,cell_line,adult,encode,,,OutputType.SPLICE_SITE_USAGE,,,
usage_EFO:0005698 total RNA-seq,+,total RNA-seq,EFO:0005698,Daoy,cell_line,child,encode,,,OutputType.SPLICE_SITE_USAGE,,,
usage_EFO:0005712 total RNA-seq,+,total RNA-seq,EFO:0005712,RPMI7951,cell_line,adult,encode,,,OutputType.SPLICE_SITE_USAGE,,,
usage_EFO:0005714 polyA plus RNA-seq,+,polyA plus RNA-seq,EFO:0005714,LHCN-M2,cell_line,adult,encode,,,OutputType.SPLICE_SITE_USAGE,,,
usage_EFO:0005714 total RNA-seq,+,total RNA-seq,EFO:0005714,LHCN-M2,cell_line,adult,encode,,,OutputType.SPLICE_SITE_USAGE,,,
usage_EFO:0005719 total RNA-seq,+,total RNA-seq,EFO:0005719,Karpas-422,cell_line,adult,encode,,,OutputType.SPLICE_SITE_USAGE,,,
usage_EFO:0005720 polyA plus RNA-seq,+,polyA plus RNA-seq,EFO:0005720,SK-MEL-5,cell_line,adult,encode,,,OutputType.SPLICE_SITE_USAGE,,,
usage_EFO:0005720 total RNA-seq,+,total RNA-seq,EFO:0005720,SK-MEL-5,cell_line,adult,encode,,,OutputType.SPLICE_SITE_USAGE,,,
usage_EFO:0005721 polyA plus RNA-seq,+,polyA plus RNA-seq,EFO:0005721,SK-N-DZ,cell_line,child,encode,,,OutputType.SPLICE_SITE_USAGE,,,
usage_EFO:0005722 total RNA-seq,+,total RNA-seq,EFO:0005722,SJCRH30,cell_line,child,encode,,,OutputType.SPLICE_SITE_USAGE,,,
usage_EFO:0005723 polyA plus RNA-seq,+,polyA plus RNA-seq,EFO:0005723,GM23248,cell_line,adult,encode,,,OutputType.SPLICE_SITE_USAGE,,,
usage_EFO:0005723 total RNA-seq,+,total RNA-seq,EFO:0005723,GM23248,cell_line,adult,encode,,,OutputType.SPLICE_SITE_USAGE,,,
usage_EFO:0005725 polyA plus RNA-seq,+,polyA plus RNA-seq,EFO:0005725,BE2C,cell_line,child,encode,,,OutputType.SPLICE_SITE_USAGE,,,
usage_EFO:0005904 total RNA-seq,+,total RNA-seq,EFO:0005904,H7,cell_line,embryonic,encode,,,OutputType.SPLICE_SITE_USAGE,,,
usage_EFO:0006270 polyA plus RNA-seq,+,polyA plus RNA-seq,EFO:0006270,AG04450,cell_line,embryonic,encode,,,OutputType.SPLICE_SITE_USAGE,,,
usage_EFO:0006711 total RNA-seq,+,total RNA-seq,EFO:0006711,OCI-LY7,cell_line,adult,encode,,,OutputType.SPLICE_SITE_USAGE,,,
usage_EFO:0007089 polyA plus RNA-seq,+,polyA plus RNA-seq,EFO:0007089,HUES64,cell_line,embryonic,encode,,,OutputType.SPLICE_SITE_USAGE,,,
usage_EFO:0007950 polyA plus RNA-seq,+,polyA plus RNA-seq,EFO:0007950,GM23338,cell_line,adult,encode,,,OutputType.SPLICE_SITE_USAGE,,,
usage_EFO:0007950 total RNA-seq,+,total RNA-seq,EFO:0007950,GM23338,cell_line,adult,encode,,,OutputType.SPLICE_SITE_USAGE,,,
usage_EFO:0009318 total RNA-seq,+,total RNA-seq,EFO:0009318,HFFc6,cell_line,newborn,encode,,,OutputType.SPLICE_SITE_USAGE,,,
usage_EFO:0009747 total RNA-seq,+,total RNA-seq,EFO:0009747,WTC11,cell_line,adult,encode,,,OutputType.SPLICE_SITE_USAGE,,,
usage_EFO:0030018 polyA plus RNA-seq,+,polyA plus RNA-seq,EFO:0030018,BLaER1,cell_line,unknown,encode,,,OutputType.SPLICE_SITE_USAGE,,,
usage_NTR:0000427 polyA plus RNA-seq,+,polyA plus RNA-seq,NTR:0000427,neurosphere,primary_cell,embryonic,encode,,,OutputType.SPLICE_SITE_USAGE,,,
usage_NTR:0000491 total RNA-seq,+,total RNA-seq,NTR:0000491,Right ventricle myocardium inferior,tissue,adult,encode,,,OutputType.SPLICE_SITE_USAGE,,,
usage_NTR:0000492 total RNA-seq,+,total RNA-seq,NTR:0000492,Right ventricle myocardium superior,tissue,adult,encode,,,OutputType.SPLICE_SITE_USAGE,,,
usage_NTR:0000493 total RNA-seq,+,total RNA-seq,NTR:0000493,left ventricle myocardium inferior,tissue,adult,encode,,,OutputType.SPLICE_SITE_USAGE,,,
usage_NTR:0000494 total RNA-seq,+,total RNA-seq,NTR:0000494,left ventricle myocardium superior,tissue,adult,encode,,,OutputType.SPLICE_SITE_USAGE,,,
usage_NTR:0000524 polyA plus RNA-seq,+,polyA plus RNA-seq,NTR:0000524,fibroblast of skin of scalp,primary_cell,embryonic,encode,,,OutputType.SPLICE_SITE_USAGE,,,
usage_NTR:0000856 polyA plus RNA-seq,+,polyA plus RNA-seq,NTR:0000856,mesendoderm,in_vitro_differentiated_cells,embryonic,encode,,,OutputType.SPLICE_SITE_USAGE,,,
usage_NTR:0003013 polyA plus RNA-seq,+,polyA plus RNA-seq,NTR:0003013,placental basal plate,tissue,embryonic,encode,,,OutputType.SPLICE_SITE_USAGE,,,
usage_UBERON:0000007 gtex Pituitary polyA plus RNA-seq,+,polyA plus RNA-seq,UBERON:0000007,pituitary gland,tissue,adult,gtex,,,OutputType.SPLICE_SITE_USAGE,Pituitary,,
usage_UBERON:0000016 polyA plus RNA-seq,+,polyA plus RNA-seq,UBERON:0000016,endocrine pancreas,tissue,adult,encode,,,OutputType.SPLICE_SITE_USAGE,,,
usage_UBERON:0000019 total RNA-seq,+,total RNA-seq,UBERON:0000019,camera-type eye,tissue,embryonic,encode,,,OutputType.SPLICE_SITE_USAGE,,,
usage_UBERON:0000056 total RNA-seq,+,total RNA-seq,UBERON:0000056,ureter,tissue,adult,encode,,,OutputType.SPLICE_SITE_USAGE,,,
usage_UBERON:0000081 total RNA-seq,+,total RNA-seq,UBERON:0000081,metanephros,tissue,embryonic,encode,,,OutputType.SPLICE_SITE_USAGE,,,
usage_UBERON:0000088 polyA plus RNA-seq,+,polyA plus RNA-seq,UBERON:0000088,trophoblast,tissue,embryonic,encode,,,OutputType.SPLICE_SITE_USAGE,,,
usage_UBERON:0000305 polyA plus RNA-seq,+,polyA plus RNA-seq,UBERON:0000305,amnion,tissue,embryonic,encode,,,OutputType.SPLICE_SITE_USAGE,,,
usage_UBERON:0000317 total RNA-seq,+,total RNA-seq,UBERON:0000317,colonic mucosa,tissue,adult,encode,,,OutputType.SPLICE_SITE_USAGE,,,
usage_UBERON:0000458 gtex Cervix_Endocervix polyA plus RNA-seq,+,polyA plus RNA-seq,UBERON:0000458,endocervix,tissue,adult,gtex,,,OutputType.SPLICE_SITE_USAGE,Cervix_Endocervix,,
usage_UBERON:0000473 gtex Testis polyA plus RNA-seq,+,polyA plus RNA-seq,UBERON:0000473,testis,tissue,adult,gtex,,,OutputType.SPLICE_SITE_USAGE,Testis,,
usage_UBERON:0000473 polyA plus RNA-seq,+,polyA plus RNA-seq,UBERON:0000473,testis,tissue,adult,encode,,,OutputType.SPLICE_SITE_USAGE,,,
usage_UBERON:0000473 total RNA-seq,+,total RNA-seq,UBERON:0000473,testis,tissue,adult,encode,,,OutputType.SPLICE_SITE_USAGE,,,
usage_UBERON:0000945 gtex Stomach polyA plus RNA-seq,+,polyA plus RNA-seq,UBERON:0000945,stomach,tissue,adult,gtex,,,OutputType.SPLICE_SITE_USAGE,Stomach,,
usage_UBERON:0000945 polyA plus RNA-seq,+,polyA plus RNA-seq,UBERON:0000945,stomach,tissue,adult,encode,,,OutputType.SPLICE_SITE_USAGE,,,
usage_UBERON:0000945 total RNA-seq,+,total RNA-seq,UBERON:0000945,stomach,tissue,adult,encode,,,OutputType.SPLICE_SITE_USAGE,,,
usage_UBERON:0000947 polyA plus RNA-seq,+,polyA plus RNA-seq,UBERON:0000947,aorta,tissue,adult,encode,,,OutputType.SPLICE_SITE_USAGE,,,
usage_UBERON:0000947 total RNA-seq,+,total RNA-seq,UBERON:0000947,aorta,tissue,adult,encode,,,OutputType.SPLICE_SITE_USAGE,,,
usage_UBERON:0000948 polyA plus RNA-seq,+,polyA plus RNA-seq,UBERON:0000948,heart,tissue,adult,encode,,,OutputType.SPLICE_SITE_USAGE,,,
usage_UBERON:0000948 total RNA-seq,+,total RNA-seq,UBERON:0000948,heart,tissue,adult,encode,,,OutputType.SPLICE_SITE_USAGE,,,
usage_UBERON:0000955 polyA plus RNA-seq,+,polyA plus RNA-seq,UBERON:0000955,brain,tissue,adult,encode,,,OutputType.SPLICE_SITE_USAGE,,,
usage_UBERON:0000992 gtex Ovary polyA plus RNA-seq,+,polyA plus RNA-seq,UBERON:0000992,ovary,tissue,adult,gtex,,,OutputType.SPLICE_SITE_USAGE,Ovary,,
usage_UBERON:0000992 polyA plus RNA-seq,+,polyA plus RNA-seq,UBERON:0000992,ovary,tissue,adult,encode,,,OutputType.SPLICE_SITE_USAGE,,,
usage_UBERON:0000992 total RNA-seq,+,total RNA-seq,UBERON:0000992,ovary,tissue,adult,encode,,,OutputType.SPLICE_SITE_USAGE,,,
usage_UBERON:0000995 gtex Uterus polyA plus RNA-seq,+,polyA plus RNA-seq,UBERON:0000995,uterus,tissue,adult,gtex,,,OutputType.SPLICE_SITE_USAGE,Uterus,,
usage_UBERON:0000995 total RNA-seq,+,total RNA-seq,UBERON:0000995,uterus,tissue,adult,encode,,,OutputType.SPLICE_SITE_USAGE,,,
usage_UBERON:0000996 gtex Vagina polyA plus RNA-seq,+,polyA plus RNA-seq,UBERON:0000996,vagina,tissue,adult,gtex,,,OutputType.SPLICE_SITE_USAGE,Vagina,,
usage_UBERON:0000996 total RNA-seq,+,total RNA-seq,UBERON:0000996,vagina,tissue,adult,encode,,,OutputType.SPLICE_SITE_USAGE,,,
usage_UBERON:0001013 polyA plus RNA-seq,+,polyA plus RNA-seq,UBERON:0001013,adipose tissue,tissue,adult,encode,,,OutputType.SPLICE_SITE_USAGE,,,
usage_UBERON:0001043 polyA plus RNA-seq,+,polyA plus RNA-seq,UBERON:0001043,esophagus,tissue,adult,encode,,,OutputType.SPLICE_SITE_USAGE,,,
usage_UBERON:0001072 total RNA-seq,+,total RNA-seq,UBERON:0001072,posterior vena cava,tissue,adult,encode,,,OutputType.SPLICE_SITE_USAGE,,,
usage_UBERON:0001114 gtex Liver polyA plus RNA-seq,+,polyA plus RNA-seq,UBERON:0001114,right lobe of liver,tissue,adult,gtex,,,OutputType.SPLICE_SITE_USAGE,Liver,,
usage_UBERON:0001114 total RNA-seq,+,total RNA-seq,UBERON:0001114,right lobe of liver,tissue,adult,encode,,,OutputType.SPLICE_SITE_USAGE,,,
usage_UBERON:0001115 total RNA-seq,+,total RNA-seq,UBERON:0001115,left lobe of liver,tissue,adult,encode,,,OutputType.SPLICE_SITE_USAGE,,,
usage_UBERON:0001134 total RNA-seq,+,total RNA-seq,UBERON:0001134,skeletal muscle tissue,tissue,embryonic,encode,,,OutputType.SPLICE_SITE_USAGE,,,
usage_UBERON:0001150 gtex Pancreas polyA plus RNA-seq,+,polyA plus RNA-seq,UBERON:0001150,body of pancreas,tissue,adult,gtex,,,OutputType.SPLICE_SITE_USAGE,Pancreas,,
usage_UBERON:0001150 total RNA-seq,+,total RNA-seq,UBERON:0001150,body of pancreas,tissue,adult,encode,,,OutputType.SPLICE_SITE_USAGE,,,
usage_UBERON:0001157 gtex Colon_Transverse polyA plus RNA-seq,+,polyA plus RNA-seq,UBERON:0001157,transverse colon,tissue,adult,gtex,,,OutputType.SPLICE_SITE_USAGE,Colon_Transverse,,
usage_UBERON:0001157 total RNA-seq,+,total RNA-seq,UBERON:0001157,transverse colon,tissue,adult,encode,,,OutputType.SPLICE_SITE_USAGE,,,
usage_UBERON:0001159 gtex Colon_Sigmoid polyA plus RNA-seq,+,polyA plus RNA-seq,UBERON:0001159,sigmoid colon,tissue,adult,gtex,,,OutputType.SPLICE_SITE_USAGE,Colon_Sigmoid,,
usage_UBERON:0001159 polyA plus RNA-seq,+,polyA plus RNA-seq,UBERON:0001159,sigmoid colon,tissue,adult,encode,,,OutputType.SPLICE_SITE_USAGE,,,
usage_UBERON:0001159 total RNA-seq,+,total RNA-seq,UBERON:0001159,sigmoid colon,tissue,adult,encode,,,OutputType.SPLICE_SITE_USAGE,,,
usage_UBERON:0001211 gtex Small_Intestine_Terminal_Ileum polyA plus RNA-seq,+,polyA plus RNA-seq,UBERON:0001211,Peyer's patch,tissue,adult,gtex,,,OutputType.SPLICE_SITE_USAGE,Small_Intestine_Terminal_Ileum,,
usage_UBERON:0001211 total RNA-seq,+,total RNA-seq,UBERON:0001211,Peyer's patch,tissue,adult,encode,,,OutputType.SPLICE_SITE_USAGE,,,
usage_UBERON:0001224 polyA plus RNA-seq,+,polyA plus RNA-seq,UBERON:0001224,renal pelvis,tissue,embryonic,encode,,,OutputType.SPLICE_SITE_USAGE,,,
usage_UBERON:0001225 gtex Kidney_Cortex polyA plus RNA-seq,+,polyA plus RNA-seq,UBERON:0001225,cortex of kidney,tissue,adult,gtex,,,OutputType.SPLICE_SITE_USAGE,Kidney_Cortex,,
usage_UBERON:0001255 gtex Bladder polyA plus RNA-seq,+,polyA plus RNA-seq,UBERON:0001255,urinary bladder,tissue,adult,gtex,,,OutputType.SPLICE_SITE_USAGE,Bladder,,
usage_UBERON:0001255 polyA plus RNA-seq,+,polyA plus RNA-seq,UBERON:0001255,urinary bladder,tissue,child,encode,,,OutputType.SPLICE_SITE_USAGE,,,
usage_UBERON:0001255 total RNA-seq,+,total RNA-seq,UBERON:0001255,urinary bladder,tissue,embryonic,encode,,,OutputType.SPLICE_SITE_USAGE,,,
usage_UBERON:0001264 polyA plus RNA-seq,+,polyA plus RNA-seq,UBERON:0001264,pancreas,tissue,adult,encode,,,OutputType.SPLICE_SITE_USAGE,,,
usage_UBERON:0001264 total RNA-seq,+,total RNA-seq,UBERON:0001264,pancreas,tissue,adult,encode,,,OutputType.SPLICE_SITE_USAGE,,,
usage_UBERON:0001293 gtex Kidney_Medulla polyA plus RNA-seq,+,polyA plus RNA-seq,UBERON:0001293,outer medulla of kidney,tissue,adult,gtex,,,OutputType.SPLICE_SITE_USAGE,Kidney_Medulla,,
usage_UBERON:0001322 total RNA-seq,+,total RNA-seq,UBERON:0001322,sciatic nerve,tissue,adult,encode,,,OutputType.SPLICE_SITE_USAGE,,,
usage_UBERON:0001323 gtex Nerve_Tibial polyA plus RNA-seq,+,polyA plus RNA-seq,UBERON:0001323,tibial nerve,tissue,adult,gtex,,,OutputType.SPLICE_SITE_USAGE,Nerve_Tibial,,
usage_UBERON:0001323 total RNA-seq,+,total RNA-seq,UBERON:0001323,tibial nerve,tissue,adult,encode,,,OutputType.SPLICE_SITE_USAGE,,,
usage_UBERON:0001383 polyA plus RNA-seq,+,polyA plus RNA-seq,UBERON:0001383,muscle of leg,tissue,embryonic,encode,,,OutputType.SPLICE_SITE_USAGE,,,
usage_UBERON:0001496 gtex Artery_Aorta polyA plus RNA-seq,+,polyA plus RNA-seq,UBERON:0001496,ascending aorta,tissue,adult,gtex,,,OutputType.SPLICE_SITE_USAGE,Artery_Aorta,,
usage_UBERON:0001496 total RNA-seq,+,total RNA-seq,UBERON:0001496,ascending aorta,tissue,adult,encode,,,OutputType.SPLICE_SITE_USAGE,,,
usage_UBERON:0001499 polyA plus RNA-seq,+,polyA plus RNA-seq,UBERON:0001499,muscle of arm,tissue,embryonic,encode,,,OutputType.SPLICE_SITE_USAGE,,,
usage_UBERON:0001515 total RNA-seq,+,total RNA-seq,UBERON:0001515,thoracic aorta,tissue,adult,encode,,,OutputType.SPLICE_SITE_USAGE,,,
usage_UBERON:0001621 gtex Artery_Coronary polyA plus RNA-seq,+,polyA plus RNA-seq,UBERON:0001621,coronary artery,tissue,adult,gtex,,,OutputType.SPLICE_SITE_USAGE,Artery_Coronary,,
usage_UBERON:0001723 total RNA-seq,+,total RNA-seq,UBERON:0001723,tongue,tissue,embryonic,encode,,,OutputType.SPLICE_SITE_USAGE,,,
usage_UBERON:0001774 polyA plus RNA-seq,+,polyA plus RNA-seq,UBERON:0001774,muscle of trunk,tissue,embryonic,encode,,,OutputType.SPLICE_SITE_USAGE,,,
usage_UBERON:0001870 gtex Brain_Cortex polyA plus RNA-seq,+,polyA plus RNA-seq,UBERON:0001870,frontal cortex,tissue,adult,gtex,,,OutputType.SPLICE_SITE_USAGE,Brain_Cortex,,
usage_UBERON:0001870 total RNA-seq,+,total RNA-seq,UBERON:0001870,frontal cortex,tissue,embryonic,encode,,,OutputType.SPLICE_SITE_USAGE,,,
usage_UBERON:0001871 total RNA-seq,+,total RNA-seq,UBERON:0001871,temporal lobe,tissue,embryonic,encode,,,OutputType.SPLICE_SITE_USAGE,,,
usage_UBERON:0001872 total RNA-seq,+,total RNA-seq,UBERON:0001872,parietal lobe,tissue,embryonic,encode,,,OutputType.SPLICE_SITE_USAGE,,,
usage_UBERON:0001873 gtex Brain_Caudate_basal_ganglia polyA plus RNA-seq,+,polyA plus RNA-seq,UBERON:0001873,caudate nucleus,tissue,adult,gtex,,,OutputType.SPLICE_SITE_USAGE,Brain_Caudate_basal_ganglia,,
usage_UBERON:0001874 gtex Brain_Putamen_basal_ganglia polyA plus RNA-seq,+,polyA plus RNA-seq,UBERON:0001874,putamen,tissue,adult,gtex,,,OutputType.SPLICE_SITE_USAGE,Brain_Putamen_basal_ganglia,,
usage_UBERON:0001876 gtex Brain_Amygdala polyA plus RNA-seq,+,polyA plus RNA-seq,UBERON:0001876,amygdala,tissue,adult,gtex,,,OutputType.SPLICE_SITE_USAGE,Brain_Amygdala,,
usage_UBERON:0001882 gtex Brain_Nucleus_accumbens_basal_ganglia polyA plus RNA-seq,+,polyA plus RNA-seq,UBERON:0001882,nucleus accumbens,tissue,adult,gtex,,,OutputType.SPLICE_SITE_USAGE,Brain_Nucleus_accumbens_basal_ganglia,,
usage_UBERON:0001894 total RNA-seq,+,total RNA-seq,UBERON:0001894,diencephalon,tissue,embryonic,encode,,,OutputType.SPLICE_SITE_USAGE,,,
usage_UBERON:0001898 gtex Brain_Hypothalamus polyA plus RNA-seq,+,polyA plus RNA-seq,UBERON:0001898,hypothalamus,tissue,adult,gtex,,,OutputType.SPLICE_SITE_USAGE,Brain_Hypothalamus,,
usage_UBERON:0001954 gtex Brain_Hippocampus polyA plus RNA-seq,+,polyA plus RNA-seq,UBERON:0001954,Ammon's horn,tissue,adult,gtex,,,OutputType.SPLICE_SITE_USAGE,Brain_Hippocampus,,
usage_UBERON:0001987 polyA plus RNA-seq,+,polyA plus RNA-seq,UBERON:0001987,placenta,tissue,embryonic,encode,,,OutputType.SPLICE_SITE_USAGE,,,
usage_UBERON:0001987 total RNA-seq,+,total RNA-seq,UBERON:0001987,placenta,tissue,embryonic,encode,,,OutputType.SPLICE_SITE_USAGE,,,
usage_UBERON:0002021 total RNA-seq,+,total RNA-seq,UBERON:0002021,occipital lobe,tissue,embryonic,encode,,,OutputType.SPLICE_SITE_USAGE,,,
usage_UBERON:0002037 gtex Brain_Cerebellum polyA plus RNA-seq,+,polyA plus RNA-seq,UBERON:0002037,cerebellum,tissue,adult,gtex,,,OutputType.SPLICE_SITE_USAGE,Brain_Cerebellum,,
usage_UBERON:0002037 polyA plus RNA-seq,+,polyA plus RNA-seq,UBERON:0002037,cerebellum,tissue,embryonic,encode,,,OutputType.SPLICE_SITE_USAGE,,,
usage_UBERON:0002037 total RNA-seq,+,total RNA-seq,UBERON:0002037,cerebellum,tissue,embryonic,encode,,,OutputType.SPLICE_SITE_USAGE,,,
usage_UBERON:0002038 gtex Brain_Substantia_nigra polyA plus RNA-seq,+,polyA plus RNA-seq,UBERON:0002038,substantia nigra,tissue,adult,gtex,,,OutputType.SPLICE_SITE_USAGE,Brain_Substantia_nigra,,
usage_UBERON:0002046 gtex Thyroid polyA plus RNA-seq,+,polyA plus RNA-seq,UBERON:0002046,thyroid gland,tissue,adult,gtex,,,OutputType.SPLICE_SITE_USAGE,Thyroid,,
usage_UBERON:0002046 total RNA-seq,+,total RNA-seq,UBERON:0002046,thyroid gland,tissue,adult,encode,,,OutputType.SPLICE_SITE_USAGE,,,
usage_UBERON:0002048 polyA plus RNA-seq,+,polyA plus RNA-seq,UBERON:0002048,lung,tissue,adult,encode,,,OutputType.SPLICE_SITE_USAGE,,,
usage_UBERON:0002048 total RNA-seq,+,total RNA-seq,UBERON:0002048,lung,tissue,embryonic,encode,,,OutputType.SPLICE_SITE_USAGE,,,
usage_UBERON:0002078 polyA plus RNA-seq,+,polyA plus RNA-seq,UBERON:0002078,right cardiac atrium,tissue,adult,encode,,,OutputType.SPLICE_SITE_USAGE,,,
usage_UBERON:0002078 total RNA-seq,+,total RNA-seq,UBERON:0002078,right cardiac atrium,tissue,adult,encode,,,OutputType.SPLICE_SITE_USAGE,,,
usage_UBERON:0002079 total RNA-seq,+,total RNA-seq,UBERON:0002079,left cardiac atrium,tissue,adult,encode,,,OutputType.SPLICE_SITE_USAGE,,,
usage_UBERON:0002080 polyA plus RNA-seq,+,polyA plus RNA-seq,UBERON:0002080,heart right ventricle,tissue,adult,encode,,,OutputType.SPLICE_SITE_USAGE,,,
usage_UBERON:0002080 total RNA-seq,+,total RNA-seq,UBERON:0002080,heart right ventricle,tissue,adult,encode,,,OutputType.SPLICE_SITE_USAGE,,,
usage_UBERON:0002084 polyA plus RNA-seq,+,polyA plus RNA-seq,UBERON:0002084,heart left ventricle,tissue,adult,encode,,,OutputType.SPLICE_SITE_USAGE,,,
usage_UBERON:0002084 total RNA-seq,+,total RNA-seq,UBERON:0002084,heart left ventricle,tissue,adult,encode,,,OutputType.SPLICE_SITE_USAGE,,,
usage_UBERON:0002097 total RNA-seq,+,total RNA-seq,UBERON:0002097,skin of body,tissue,embryonic,encode,,,OutputType.SPLICE_SITE_USAGE,,,
usage_UBERON:0002099 total RNA-seq,+,total RNA-seq,UBERON:0002099,cardiac septum,tissue,adult,encode,,,OutputType.SPLICE_SITE_USAGE,,,
usage_UBERON:0002106 gtex Spleen polyA plus RNA-seq,+,polyA plus RNA-seq,UBERON:0002106,spleen,tissue,adult,gtex,,,OutputType.SPLICE_SITE_USAGE,Spleen,,
usage_UBERON:0002106 polyA plus RNA-seq,+,polyA plus RNA-seq,UBERON:0002106,spleen,tissue,adult,encode,,,OutputType.SPLICE_SITE_USAGE,,,
usage_UBERON:0002106 total RNA-seq,+,total RNA-seq,UBERON:0002106,spleen,tissue,adult,encode,,,OutputType.SPLICE_SITE_USAGE,,,
usage_UBERON:0002107 polyA plus RNA-seq,+,polyA plus RNA-seq,UBERON:0002107,liver,tissue,child,encode,,,OutputType.SPLICE_SITE_USAGE,,,
usage_UBERON:0002107 total RNA-seq,+,total RNA-seq,UBERON:0002107,liver,tissue,embryonic,encode,,,OutputType.SPLICE_SITE_USAGE,,,
usage_UBERON:0002108 polyA plus RNA-seq,+,polyA plus RNA-seq,UBERON:0002108,small intestine,tissue,adult,encode,,,OutputType.SPLICE_SITE_USAGE,,,
usage_UBERON:0002113 polyA plus RNA-seq,+,polyA plus RNA-seq,UBERON:0002113,kidney,tissue,adult,encode,,,OutputType.SPLICE_SITE_USAGE,,,
usage_UBERON:0002113 total RNA-seq,+,total RNA-seq,UBERON:0002113,kidney,tissue,adult,encode,,,OutputType.SPLICE_SITE_USAGE,,,
usage_UBERON:0002167 polyA plus RNA-seq,+,polyA plus RNA-seq,UBERON:0002167,right lung,tissue,embryonic,encode,,,OutputType.SPLICE_SITE_USAGE,,,
usage_UBERON:0002168 polyA plus RNA-seq,+,polyA plus RNA-seq,UBERON:0002168,left lung,tissue,embryonic,encode,,,OutputType.SPLICE_SITE_USAGE,,,
usage_UBERON:0002168 total RNA-seq,+,total RNA-seq,UBERON:0002168,left lung,tissue,adult,encode,,,OutputType.SPLICE_SITE_USAGE,,,
usage_UBERON:0002170 total RNA-seq,+,total RNA-seq,UBERON:0002170,upper lobe of right lung,tissue,adult,encode,,,OutputType.SPLICE_SITE_USAGE,,,
usage_UBERON:0002171 total RNA-seq,+,total RNA-seq,UBERON:0002171,lower lobe of right lung,tissue,adult,encode,,,OutputType.SPLICE_SITE_USAGE,,,
usage_UBERON:0002190 gtex Adipose_Subcutaneous polyA plus RNA-seq,+,polyA plus RNA-seq,UBERON:0002190,subcutaneous adipose tissue,tissue,adult,gtex,,,OutputType.SPLICE_SITE_USAGE,Adipose_Subcutaneous,,
usage_UBERON:0002190 total RNA-seq,+,total RNA-seq,UBERON:0002190,subcutaneous adipose tissue,tissue,adult,encode,,,OutputType.SPLICE_SITE_USAGE,,,
usage_UBERON:0002240 polyA plus RNA-seq,+,polyA plus RNA-seq,UBERON:0002240,spinal cord,tissue,embryonic,encode,,,OutputType.SPLICE_SITE_USAGE,,,
usage_UBERON:0002240 total RNA-seq,+,total RNA-seq,UBERON:0002240,spinal cord,tissue,embryonic,encode,,,OutputType.SPLICE_SITE_USAGE,,,
usage_UBERON:0002245 gtex Brain_Cerebellar_Hemisphere polyA plus RNA-seq,+,polyA plus RNA-seq,UBERON:0002245,cerebellar hemisphere,tissue,adult,gtex,,,OutputType.SPLICE_SITE_USAGE,Brain_Cerebellar_Hemisphere,,
usage_UBERON:0002324 polyA plus RNA-seq,+,polyA plus RNA-seq,UBERON:0002324,muscle of back,tissue,embryonic,encode,,,OutputType.SPLICE_SITE_USAGE,,,
usage_UBERON:0002331 total RNA-seq,+,total RNA-seq,UBERON:0002331,umbilical cord,tissue,embryonic,encode,,,OutputType.SPLICE_SITE_USAGE,,,
usage_UBERON:0002367 gtex Prostate polyA plus RNA-seq,+,polyA plus RNA-seq,UBERON:0002367,prostate gland,tissue,adult,gtex,,,OutputType.SPLICE_SITE_USAGE,Prostate,,
usage_UBERON:0002367 total RNA-seq,+,total RNA-seq,UBERON:0002367,prostate gland,tissue,adult,encode,,,OutputType.SPLICE_SITE_USAGE,,,
usage_UBERON:0002369 gtex Adrenal_Gland polyA plus RNA-seq,+,polyA plus RNA-seq,UBERON:0002369,adrenal gland,tissue,adult,gtex,,,OutputType.SPLICE_SITE_USAGE,Adrenal_Gland,,
usage_UBERON:0002369 polyA plus RNA-seq,+,polyA plus RNA-seq,UBERON:0002369,adrenal gland,tissue,adult,encode,,,OutputType.SPLICE_SITE_USAGE,,,
usage_UBERON:0002369 total RNA-seq,+,total RNA-seq,UBERON:0002369,adrenal gland,tissue,adult,encode,,,OutputType.SPLICE_SITE_USAGE,,,
usage_UBERON:0002370 polyA plus RNA-seq,+,polyA plus RNA-seq,UBERON:0002370,thymus,tissue,embryonic,encode,,,OutputType.SPLICE_SITE_USAGE,,,
usage_UBERON:0002469 total RNA-seq,+,total RNA-seq,UBERON:0002469,esophagus mucosa,tissue,adult,encode,,,OutputType.SPLICE_SITE_USAGE,,,
usage_UBERON:0003124 polyA plus RNA-seq,+,polyA plus RNA-seq,UBERON:0003124,chorion,tissue,embryonic,encode,,,OutputType.SPLICE_SITE_USAGE,,,
usage_UBERON:0003662 polyA plus RNA-seq,+,polyA plus RNA-seq,UBERON:0003662,forelimb muscle,tissue,embryonic,encode,,,OutputType.SPLICE_SITE_USAGE,,,
usage_UBERON:0003663 polyA plus RNA-seq,+,polyA plus RNA-seq,UBERON:0003663,hindlimb muscle,tissue,embryonic,encode,,,OutputType.SPLICE_SITE_USAGE,,,
usage_UBERON:0003889 gtex Fallopian_Tube polyA plus RNA-seq,+,polyA plus RNA-seq,UBERON:0003889,fallopian tube,tissue,adult,gtex,,,OutputType.SPLICE_SITE_USAGE,Fallopian_Tube,,
usage_UBERON:0004264 gtex Skin_Sun_Exposed_Lower_leg polyA plus RNA-seq,+,polyA plus RNA-seq,UBERON:0004264,lower leg skin,tissue,adult,gtex,,,OutputType.SPLICE_SITE_USAGE,Skin_Sun_Exposed_Lower_leg,,
usage_UBERON:0004264 total RNA-seq,+,total RNA-seq,UBERON:0004264,lower leg skin,tissue,adult,encode,,,OutputType.SPLICE_SITE_USAGE,,,
usage_UBERON:0004538 polyA plus RNA-seq,+,polyA plus RNA-seq,UBERON:0004538,left kidney,tissue,embryonic,encode,,,OutputType.SPLICE_SITE_USAGE,,,
usage_UBERON:0004550 gtex Esophagus_Gastroesophageal_Junction polyA plus RNA-seq,+,polyA plus RNA-seq,UBERON:0004550,gastroesophageal sphincter,tissue,adult,gtex,,,OutputType.SPLICE_SITE_USAGE,Esophagus_Gastroesophageal_Junction,,
usage_UBERON:0004550 total RNA-seq,+,total RNA-seq,UBERON:0004550,gastroesophageal sphincter,tissue,adult,encode,,,OutputType.SPLICE_SITE_USAGE,,,
usage_UBERON:0004648 gtex Esophagus_Muscularis polyA plus RNA-seq,+,polyA plus RNA-seq,UBERON:0004648,esophagus muscularis mucosa,tissue,adult,gtex,,,OutputType.SPLICE_SITE_USAGE,Esophagus_Muscularis,,
usage_UBERON:0004648 total RNA-seq,+,total RNA-seq,UBERON:0004648,esophagus muscularis mucosa,tissue,adult,encode,,,OutputType.SPLICE_SITE_USAGE,,,
usage_UBERON:0004992 total RNA-seq,+,total RNA-seq,UBERON:0004992,mucosa of descending colon,tissue,adult,encode,,,OutputType.SPLICE_SITE_USAGE,,,
usage_UBERON:0005033 total RNA-seq,+,total RNA-seq,UBERON:0005033,mucosa of gallbladder,tissue,child,encode,,,OutputType.SPLICE_SITE_USAGE,,,
usage_UBERON:0005270 polyA plus RNA-seq,+,polyA plus RNA-seq,UBERON:0005270,renal cortex interstitium,tissue,embryonic,encode,,,OutputType.SPLICE_SITE_USAGE,,,
usage_UBERON:0006330 gtex Minor_Salivary_Gland polyA plus RNA-seq,+,polyA plus RNA-seq,UBERON:0006330,anterior lingual gland,tissue,adult,gtex,,,OutputType.SPLICE_SITE_USAGE,Minor_Salivary_Gland,,
usage_UBERON:0006469 gtex Brain_Spinal_cord_cervical_c-1 polyA plus RNA-seq,+,polyA plus RNA-seq,UBERON:0006469,C1 segment of cervical spinal cord,tissue,adult,gtex,,,OutputType.SPLICE_SITE_USAGE,Brain_Spinal_cord_cervical_c-1,,
usage_UBERON:0006566 gtex Heart_Left_Ventricle polyA plus RNA-seq,+,polyA plus RNA-seq,UBERON:0006566,left ventricle myocardium,tissue,adult,gtex,,,OutputType.SPLICE_SITE_USAGE,Heart_Left_Ventricle,,
usage_UBERON:0006631 gtex Heart_Atrial_Appendage polyA plus RNA-seq,+,polyA plus RNA-seq,UBERON:0006631,right atrium auricular region,tissue,adult,gtex,,,OutputType.SPLICE_SITE_USAGE,Heart_Atrial_Appendage,,
usage_UBERON:0006631 total RNA-seq,+,total RNA-seq,UBERON:0006631,right atrium auricular region,tissue,adult,encode,,,OutputType.SPLICE_SITE_USAGE,,,
usage_UBERON:0006920 gtex Esophagus_Mucosa polyA plus RNA-seq,+,polyA plus RNA-seq,UBERON:0006920,esophagus squamous epithelium,tissue,adult,gtex,,,OutputType.SPLICE_SITE_USAGE,Esophagus_Mucosa,,
usage_UBERON:0006920 total RNA-seq,+,total RNA-seq,UBERON:0006920,esophagus squamous epithelium,tissue,adult,encode,,,OutputType.SPLICE_SITE_USAGE,,,
usage_UBERON:0007106 polyA plus RNA-seq,+,polyA plus RNA-seq,UBERON:0007106,chorionic villus,tissue,embryonic,encode,,,OutputType.SPLICE_SITE_USAGE,,,
usage_UBERON:0007610 gtex Artery_Tibial polyA plus RNA-seq,+,polyA plus RNA-seq,UBERON:0007610,tibial artery,tissue,adult,gtex,,,OutputType.SPLICE_SITE_USAGE,Artery_Tibial,,
usage_UBERON:0008367 gtex Breast_Mammary_Tissue polyA plus RNA-seq,+,polyA plus RNA-seq,UBERON:0008367,breast epithelium,tissue,adult,gtex,,,OutputType.SPLICE_SITE_USAGE,Breast_Mammary_Tissue,,
usage_UBERON:0008367 total RNA-seq,+,total RNA-seq,UBERON:0008367,breast epithelium,tissue,adult,encode,,,OutputType.SPLICE_SITE_USAGE,,,
usage_UBERON:0008450 polyA plus RNA-seq,+,polyA plus RNA-seq,UBERON:0008450,psoas muscle,tissue,adult,encode,,,OutputType.SPLICE_SITE_USAGE,,,
usage_UBERON:0008450 total RNA-seq,+,total RNA-seq,UBERON:0008450,psoas muscle,tissue,adult,encode,,,OutputType.SPLICE_SITE_USAGE,,,
usage_UBERON:0008952 gtex Lung polyA plus RNA-seq,+,polyA plus RNA-seq,UBERON:0008952,upper lobe of left lung,tissue,adult,gtex,,,OutputType.SPLICE_SITE_USAGE,Lung,,
usage_UBERON:0008952 total RNA-seq,+,total RNA-seq,UBERON:0008952,upper lobe of left lung,tissue,adult,encode,,,OutputType.SPLICE_SITE_USAGE,,,
usage_UBERON:0008953 total RNA-seq,+,total RNA-seq,UBERON:0008953,lower lobe of left lung,tissue,adult,encode,,,OutputType.SPLICE_SITE_USAGE,,,
usage_UBERON:0008971 total RNA-seq,+,total RNA-seq,UBERON:0008971,left colon,tissue,adult,encode,,,OutputType.SPLICE_SITE_USAGE,,,
usage_UBERON:0009834 gtex Brain_Frontal_Cortex_BA9 polyA plus RNA-seq,+,polyA plus RNA-seq,UBERON:0009834,dorsolateral prefrontal cortex,tissue,adult,gtex,,,OutputType.SPLICE_SITE_USAGE,Brain_Frontal_Cortex_BA9,,
usage_UBERON:0009834 total RNA-seq,+,total RNA-seq,UBERON:0009834,dorsolateral prefrontal cortex,tissue,adult,encode,,,OutputType.SPLICE_SITE_USAGE,,,
usage_UBERON:0009835 gtex Brain_Anterior_cingulate_cortex_BA24 polyA plus RNA-seq,+,polyA plus RNA-seq,UBERON:0009835,anterior cingulate cortex,tissue,adult,gtex,,,OutputType.SPLICE_SITE_USAGE,Brain_Anterior_cingulate_cortex_BA24,,
usage_UBERON:0010414 gtex Adipose_Visceral_Omentum polyA plus RNA-seq,+,polyA plus RNA-seq,UBERON:0010414,omental fat pad,tissue,adult,gtex,,,OutputType.SPLICE_SITE_USAGE,Adipose_Visceral_Omentum,,
usage_UBERON:0010414 total RNA-seq,+,total RNA-seq,UBERON:0010414,omental fat pad,tissue,adult,encode,,,OutputType.SPLICE_SITE_USAGE,,,
usage_UBERON:0011907 gtex Muscle_Skeletal polyA plus RNA-seq,+,polyA plus RNA-seq,UBERON:0011907,gastrocnemius medialis,tissue,adult,gtex,,,OutputType.SPLICE_SITE_USAGE,Muscle_Skeletal,,
usage_UBERON:0011907 total RNA-seq,+,total RNA-seq,UBERON:0011907,gastrocnemius medialis,tissue,adult,encode,,,OutputType.SPLICE_SITE_USAGE,,,
usage_UBERON:0012249 gtex Cervix_Ectocervix polyA plus RNA-seq,+,polyA plus RNA-seq,UBERON:0012249,ectocervix,tissue,adult,gtex,,,OutputType.SPLICE_SITE_USAGE,Cervix_Ectocervix,,
usage_UBERON:0013756 gtex Whole_Blood polyA plus RNA-seq,+,polyA plus RNA-seq,UBERON:0013756,venous blood,tissue,adult,gtex,,,OutputType.SPLICE_SITE_USAGE,Whole_Blood,,
usage_UBERON:0015143 total RNA-seq,+,total RNA-seq,UBERON:0015143,mesenteric fat pad,tissue,adult,encode,,,OutputType.SPLICE_SITE_USAGE,,,
usage_UBERON:0018115 polyA plus RNA-seq,+,polyA plus RNA-seq,UBERON:0018115,left renal pelvis,tissue,embryonic,encode,,,OutputType.SPLICE_SITE_USAGE,,,
usage_UBERON:0018116 polyA plus RNA-seq,+,polyA plus RNA-seq,UBERON:0018116,right renal pelvis,tissue,embryonic,encode,,,OutputType.SPLICE_SITE_USAGE,,,
usage_UBERON:0018117 polyA plus RNA-seq,+,polyA plus RNA-seq,UBERON:0018117,left renal cortex interstitium,tissue,embryonic,encode,,,OutputType.SPLICE_SITE_USAGE,,,
usage_UBERON:0018118 polyA plus RNA-seq,+,polyA plus RNA-seq,UBERON:0018118,right renal cortex interstitium,tissue,embryonic,encode,,,OutputType.SPLICE_SITE_USAGE,,,
usage_UBERON:0036149 gtex Skin_Not_Sun_Exposed_Suprapubic polyA plus RNA-seq,+,polyA plus RNA-seq,UBERON:0036149,suprapubic skin,tissue,adult,gtex,,,OutputType.SPLICE_SITE_USAGE,Skin_Not_Sun_Exposed_Suprapubic,,
usage_UBERON:0036149 total RNA-seq,+,total RNA-seq,UBERON:0036149,suprapubic skin,tissue,adult,encode,,,OutputType.SPLICE_SITE_USAGE,,,
usage_CL:0000047 polyA plus RNA-seq,-,polyA plus RNA-seq,CL:0000047,neuronal stem cell,in_vitro_differentiated_cells,embryonic,encode,,,OutputType.SPLICE_SITE_USAGE,,,
usage_CL:0000062 total RNA-seq,-,total RNA-seq,CL:0000062,osteoblast,primary_cell,adult,encode,,,OutputType.SPLICE_SITE_USAGE,,,
usage_CL:0000084 polyA plus RNA-seq,-,polyA plus RNA-seq,CL:0000084,T-cell,primary_cell,adult,encode,,,OutputType.SPLICE_SITE_USAGE,,,
usage_CL:0000084 total RNA-seq,-,total RNA-seq,CL:0000084,T-cell,primary_cell,adult,encode,,,OutputType.SPLICE_SITE_USAGE,,,
usage_CL:0000100 total RNA-seq,-,total RNA-seq,CL:0000100,motor neuron,in_vitro_differentiated_cells,adult,encode,,,OutputType.SPLICE_SITE_USAGE,,,
usage_CL:0000115 total RNA-seq,-,total RNA-seq,CL:0000115,endothelial cell,in_vitro_differentiated_cells,adult,encode,,,OutputType.SPLICE_SITE_USAGE,,,
usage_CL:0000121 polyA plus RNA-seq,-,polyA plus RNA-seq,CL:0000121,Purkinje cell,primary_cell,child,encode,,,OutputType.SPLICE_SITE_USAGE,,,
usage_CL:0000127 total RNA-seq,-,total RNA-seq,CL:0000127,astrocyte,primary_cell,unknown,encode,,,OutputType.SPLICE_SITE_USAGE,,,
usage_CL:0000134 polyA plus RNA-seq,-,polyA plus RNA-seq,CL:0000134,mesenchymal stem cell,in_vitro_differentiated_cells,embryonic,encode,,,OutputType.SPLICE_SITE_USAGE,,,
usage_CL:0000137 total RNA-seq,-,total RNA-seq,CL:0000137,osteocyte,in_vitro_differentiated_cells,embryonic,encode,,,OutputType.SPLICE_SITE_USAGE,,,
usage_CL:0000138 total RNA-seq,-,total RNA-seq,CL:0000138,chondrocyte,in_vitro_differentiated_cells,embryonic,encode,,,OutputType.SPLICE_SITE_USAGE,,,
usage_CL:0000169 total RNA-seq,-,total RNA-seq,CL:0000169,type B pancreatic cell,in_vitro_differentiated_cells,embryonic,encode,,,OutputType.SPLICE_SITE_USAGE,,,
usage_CL:0000182 polyA plus RNA-seq,-,polyA plus RNA-seq,CL:0000182,hepatocyte,in_vitro_differentiated_cells,embryonic,encode,,,OutputType.SPLICE_SITE_USAGE,,,
usage_CL:0000182 total RNA-seq,-,total RNA-seq,CL:0000182,hepatocyte,in_vitro_differentiated_cells,embryonic,encode,,,OutputType.SPLICE_SITE_USAGE,,,
usage_CL:0000187 polyA plus RNA-seq,-,polyA plus RNA-seq,CL:0000187,myocyte,in_vitro_differentiated_cells,adult,encode,,,OutputType.SPLICE_SITE_USAGE,,,
usage_CL:0000187 total RNA-seq,-,total RNA-seq,CL:0000187,myocyte,in_vitro_differentiated_cells,adult,encode,,,OutputType.SPLICE_SITE_USAGE,,,
usage_CL:0000192 polyA plus RNA-seq,-,polyA plus RNA-seq,CL:0000192,smooth muscle cell,in_vitro_differentiated_cells,embryonic,encode,,,OutputType.SPLICE_SITE_USAGE,,,
usage_CL:0000192 total RNA-seq,-,total RNA-seq,CL:0000192,smooth muscle cell,in_vitro_differentiated_cells,embryonic,encode,,,OutputType.SPLICE_SITE_USAGE,,,
usage_CL:0000221 polyA plus RNA-seq,-,polyA plus RNA-seq,CL:0000221,ectodermal cell,in_vitro_differentiated_cells,embryonic,encode,,,OutputType.SPLICE_SITE_USAGE,,,
usage_CL:0000222 polyA plus RNA-seq,-,polyA plus RNA-seq,CL:0000222,mesodermal cell,in_vitro_differentiated_cells,embryonic,encode,,,OutputType.SPLICE_SITE_USAGE,,,
usage_CL:0000223 polyA plus RNA-seq,-,polyA plus RNA-seq,CL:0000223,endodermal cell,in_vitro_differentiated_cells,embryonic,encode,,,OutputType.SPLICE_SITE_USAGE,,,
usage_CL:0000223 total RNA-seq,-,total RNA-seq,CL:0000223,endodermal cell,in_vitro_differentiated_cells,embryonic,encode,,,OutputType.SPLICE_SITE_USAGE,,,
usage_CL:0000236 polyA plus RNA-seq,-,polyA plus RNA-seq,CL:0000236,B cell,primary_cell,adult,encode,,,OutputType.SPLICE_SITE_USAGE,,,
usage_CL:0000236 total RNA-seq,-,total RNA-seq,CL:0000236,B cell,primary_cell,adult,encode,,,OutputType.SPLICE_SITE_USAGE,,,
usage_CL:0000307 total RNA-seq,-,total RNA-seq,CL:0000307,tracheal epithelial cell,primary_cell,adult,encode,,,OutputType.SPLICE_SITE_USAGE,,,
usage_CL:0000312 polyA plus RNA-seq,-,polyA plus RNA-seq,CL:0000312,keratinocyte,primary_cell,unknown,encode,,,OutputType.SPLICE_SITE_USAGE,,,
usage_CL:0000346 total RNA-seq,-,total RNA-seq,CL:0000346,hair follicle dermal papilla cell,primary_cell,adult,encode,,,OutputType.SPLICE_SITE_USAGE,,,
usage_CL:0000351 polyA plus RNA-seq,-,polyA plus RNA-seq,CL:0000351,trophoblast cell,in_vitro_differentiated_cells,embryonic,encode,,,OutputType.SPLICE_SITE_USAGE,,,
usage_CL:0000515 polyA plus RNA-seq,-,polyA plus RNA-seq,CL:0000515,skeletal muscle myoblast,primary_cell,unknown,encode,,,OutputType.SPLICE_SITE_USAGE,,,
usage_CL:0000515 total RNA-seq,-,total RNA-seq,CL:0000515,skeletal muscle myoblast,primary_cell,unknown,encode,,,OutputType.SPLICE_SITE_USAGE,,,
usage_CL:0000594 total RNA-seq,-,total RNA-seq,CL:0000594,skeletal muscle satellite cell,primary_cell,adult,encode,,,OutputType.SPLICE_SITE_USAGE,,,
usage_CL:0000623 polyA plus RNA-seq,-,polyA plus RNA-seq,CL:0000623,natural killer cell,primary_cell,adult,encode,,,OutputType.SPLICE_SITE_USAGE,,,
usage_CL:0000623 total RNA-seq,-,total RNA-seq,CL:0000623,natural killer cell,primary_cell,adult,encode,,,OutputType.SPLICE_SITE_USAGE,,,
usage_CL:0000624 polyA plus RNA-seq,-,polyA plus RNA-seq,CL:0000624,"CD4-positive, alpha-beta T cell",primary_cell,adult,encode,,,OutputType.SPLICE_SITE_USAGE,,,
usage_CL:0000624 total RNA-seq,-,total RNA-seq,CL:0000624,"CD4-positive, alpha-beta T cell",primary_cell,adult,encode,,,OutputType.SPLICE_SITE_USAGE,,,
usage_CL:0000625 polyA plus RNA-seq,-,polyA plus RNA-seq,CL:0000625,"CD8-positive, alpha-beta T cell",primary_cell,adult,encode,,,OutputType.SPLICE_SITE_USAGE,,,
usage_CL:0000625 total RNA-seq,-,total RNA-seq,CL:0000625,"CD8-positive, alpha-beta T cell",primary_cell,adult,encode,,,OutputType.SPLICE_SITE_USAGE,,,
usage_CL:0000650 total RNA-seq,-,total RNA-seq,CL:0000650,mesangial cell,primary_cell,"unknown,embryonic",encode,,,OutputType.SPLICE_SITE_USAGE,,,
usage_CL:0000679 total RNA-seq,-,total RNA-seq,CL:0000679,glutamatergic neuron,in_vitro_differentiated_cells,adult,encode,,,OutputType.SPLICE_SITE_USAGE,,,
usage_CL:0000746 polyA plus RNA-seq,-,polyA plus RNA-seq,CL:0000746,cardiac muscle cell,in_vitro_differentiated_cells,embryonic,encode,,,OutputType.SPLICE_SITE_USAGE,,,
usage_CL:0000746 total RNA-seq,-,total RNA-seq,CL:0000746,cardiac muscle cell,in_vitro_differentiated_cells,embryonic,encode,,,OutputType.SPLICE_SITE_USAGE,,,
usage_CL:0000788 polyA plus RNA-seq,-,polyA plus RNA-seq,CL:0000788,naive B cell,primary_cell,unknown,encode,,,OutputType.SPLICE_SITE_USAGE,,,
usage_CL:0000792 polyA plus RNA-seq,-,polyA plus RNA-seq,CL:0000792,"CD4-positive, CD25-positive, alpha-beta regulatory T cell",primary_cell,unknown,encode,,,OutputType.SPLICE_SITE_USAGE,,,
usage_CL:0000823 polyA plus RNA-seq,-,polyA plus RNA-seq,CL:0000823,immature natural killer cell,primary_cell,unknown,encode,,,OutputType.SPLICE_SITE_USAGE,,,
usage_CL:0000837 total RNA-seq,-,total RNA-seq,CL:0000837,hematopoietic multipotent progenitor cell,in_vitro_differentiated_cells,unknown,encode,,,OutputType.SPLICE_SITE_USAGE,,,
usage_CL:0000842 total RNA-seq,-,total RNA-seq,CL:0000842,mononuclear cell,primary_cell,adult,encode,,,OutputType.SPLICE_SITE_USAGE,,,
usage_CL:0000895 polyA plus RNA-seq,-,polyA plus RNA-seq,CL:0000895,"naive thymus-derived CD4-positive, alpha-beta T cell",primary_cell,unknown,encode,,,OutputType.SPLICE_SITE_USAGE,,,
usage_CL:0000895 total RNA-seq,-,total RNA-seq,CL:0000895,"naive thymus-derived CD4-positive, alpha-beta T cell",primary_cell,adult,encode,,,OutputType.SPLICE_SITE_USAGE,,,
usage_CL:0000897 polyA plus RNA-seq,-,polyA plus RNA-seq,CL:0000897,"CD4-positive, alpha-beta memory T cell",primary_cell,unknown,encode,,,OutputType.SPLICE_SITE_USAGE,,,
usage_CL:0000897 total RNA-seq,-,total RNA-seq,CL:0000897,"CD4-positive, alpha-beta memory T cell",primary_cell,adult,encode,,,OutputType.SPLICE_SITE_USAGE,,,
usage_CL:0000900 polyA plus RNA-seq,-,polyA plus RNA-seq,CL:0000900,"naive thymus-derived CD8-positive, alpha-beta T cell",primary_cell,unknown,encode,,,OutputType.SPLICE_SITE_USAGE,,,
usage_CL:0000900 total RNA-seq,-,total RNA-seq,CL:0000900,"naive thymus-derived CD8-positive, alpha-beta T cell",primary_cell,adult,encode,,,OutputType.SPLICE_SITE_USAGE,,,
usage_CL:0000909 polyA plus RNA-seq,-,polyA plus RNA-seq,CL:0000909,"CD8-positive, alpha-beta memory T cell",primary_cell,unknown,encode,,,OutputType.SPLICE_SITE_USAGE,,,
usage_CL:0000909 total RNA-seq,-,total RNA-seq,CL:0000909,"CD8-positive, alpha-beta memory T cell",primary_cell,adult,encode,,,OutputType.SPLICE_SITE_USAGE,,,
usage_CL:0001053 polyA plus RNA-seq,-,polyA plus RNA-seq,CL:0001053,IgD-negative memory B cell,primary_cell,unknown,encode,,,OutputType.SPLICE_SITE_USAGE,,,
usage_CL:0001054 polyA plus RNA-seq,-,polyA plus RNA-seq,CL:0001054,CD14-positive monocyte,primary_cell,adult,encode,,,OutputType.SPLICE_SITE_USAGE,,,
usage_CL:0001059 polyA plus RNA-seq,-,polyA plus RNA-seq,CL:0001059,"common myeloid progenitor, CD34-positive",primary_cell,adult,encode,,,OutputType.SPLICE_SITE_USAGE,,,
usage_CL:0002098 total RNA-seq,-,total RNA-seq,CL:0002098,regular cardiac myocyte,primary_cell,adult,encode,,,OutputType.SPLICE_SITE_USAGE,,,
usage_CL:0002188 total RNA-seq,-,total RNA-seq,CL:0002188,glomerular endothelial cell,primary_cell,embryonic,encode,,,OutputType.SPLICE_SITE_USAGE,,,
usage_CL:0002306 total RNA-seq,-,total RNA-seq,CL:0002306,epithelial cell of proximal tubule,primary_cell,unknown,encode,,,OutputType.SPLICE_SITE_USAGE,,,
usage_CL:0002319 polyA plus RNA-seq,-,polyA plus RNA-seq,CL:0002319,neural cell,in_vitro_differentiated_cells,embryonic,encode,,,OutputType.SPLICE_SITE_USAGE,,,
usage_CL:0002324 polyA plus RNA-seq,-,polyA plus RNA-seq,CL:0002324,myoepithelial cell of mammary gland,primary_cell,adult,encode,,,OutputType.SPLICE_SITE_USAGE,,,
usage_CL:0002326 polyA plus RNA-seq,-,polyA plus RNA-seq,CL:0002326,luminal epithelial cell of mammary gland,primary_cell,adult,encode,,,OutputType.SPLICE_SITE_USAGE,,,
usage_CL:0002327 polyA plus RNA-seq,-,polyA plus RNA-seq,CL:0002327,mammary epithelial cell,primary_cell,adult,encode,,,OutputType.SPLICE_SITE_USAGE,,,
usage_CL:0002327 total RNA-seq,-,total RNA-seq,CL:0002327,mammary epithelial cell,primary_cell,adult,encode,,,OutputType.SPLICE_SITE_USAGE,,,
usage_CL:0002328 total RNA-seq,-,total RNA-seq,CL:0002328,bronchial epithelial cell,primary_cell,adult,encode,,,OutputType.SPLICE_SITE_USAGE,,,
usage_CL:0002351 total RNA-seq,-,total RNA-seq,CL:0002351,progenitor cell of endocrine pancreas,in_vitro_differentiated_cells,embryonic,encode,,,OutputType.SPLICE_SITE_USAGE,,,
usage_CL:0002366 total RNA-seq,-,total RNA-seq,CL:0002366,myometrial cell,primary_cell,adult,encode,,,OutputType.SPLICE_SITE_USAGE,,,
usage_CL:0002368 total RNA-seq,-,total RNA-seq,CL:0002368,airway epithelial cell,primary_cell,unknown,encode,,,OutputType.SPLICE_SITE_USAGE,,,
usage_CL:0002372 total RNA-seq,-,total RNA-seq,CL:0002372,myotube,in_vitro_differentiated_cells,unknown,encode,,,OutputType.SPLICE_SITE_USAGE,,,
usage_CL:0002451 polyA plus RNA-seq,-,polyA plus RNA-seq,CL:0002451,mammary stem cell,primary_cell,adult,encode,,,OutputType.SPLICE_SITE_USAGE,,,
usage_CL:0002518 total RNA-seq,-,total RNA-seq,CL:0002518,kidney epithelial cell,primary_cell,"embryonic,newborn",encode,,,OutputType.SPLICE_SITE_USAGE,,,
usage_CL:0002539 total RNA-seq,-,total RNA-seq,CL:0002539,aortic smooth muscle cell,primary_cell,adult,encode,,,OutputType.SPLICE_SITE_USAGE,,,
usage_CL:0002540 total RNA-seq,-,total RNA-seq,CL:0002540,mesenchymal stem cell of the bone marrow,primary_cell,adult,encode,,,OutputType.SPLICE_SITE_USAGE,,,
usage_CL:0002543 total RNA-seq,-,total RNA-seq,CL:0002543,vein endothelial cell,primary_cell,adult,encode,,,OutputType.SPLICE_SITE_USAGE,,,
usage_CL:0002545 total RNA-seq,-,total RNA-seq,CL:0002545,thoracic aorta endothelial cell,primary_cell,adult,encode,,,OutputType.SPLICE_SITE_USAGE,,,
usage_CL:0002547 total RNA-seq,-,total RNA-seq,CL:0002547,fibroblast of the aortic adventitia,primary_cell,adult,encode,,,OutputType.SPLICE_SITE_USAGE,,,
usage_CL:0002551 total RNA-seq,-,total RNA-seq,CL:0002551,fibroblast of dermis,primary_cell,adult,encode,,,OutputType.SPLICE_SITE_USAGE,,,
usage_CL:0002553 polyA plus RNA-seq,-,polyA plus RNA-seq,CL:0002553,fibroblast of lung,primary_cell,adult,encode,,,OutputType.SPLICE_SITE_USAGE,,,
usage_CL:0002553 total RNA-seq,-,total RNA-seq,CL:0002553,fibroblast of lung,primary_cell,adult,encode,,,OutputType.SPLICE_SITE_USAGE,,,
usage_CL:0002558 total RNA-seq,-,total RNA-seq,CL:0002558,fibroblast of villous mesenchyme,primary_cell,newborn,encode,,,OutputType.SPLICE_SITE_USAGE,,,
usage_CL:0002568 total RNA-seq,-,total RNA-seq,CL:0002568,mesenchymal stem cell of Wharton's jelly,primary_cell,newborn,encode,,,OutputType.SPLICE_SITE_USAGE,,,
usage_CL:0002570 total RNA-seq,-,total RNA-seq,CL:0002570,mesenchymal stem cell of adipose,primary_cell,adult,encode,,,OutputType.SPLICE_SITE_USAGE,,,
usage_CL:0002577 total RNA-seq,-,total RNA-seq,CL:0002577,placental epithelial cell,primary_cell,newborn,encode,,,OutputType.SPLICE_SITE_USAGE,,,
usage_CL:0002583 total RNA-seq,-,total RNA-seq,CL:0002583,subcutaneous preadipocyte,primary_cell,adult,encode,,,OutputType.SPLICE_SITE_USAGE,,,
usage_CL:0002584 total RNA-seq,-,total RNA-seq,CL:0002584,renal cortical epithelial cell,primary_cell,adult,encode,,,OutputType.SPLICE_SITE_USAGE,,,
usage_CL:0002591 total RNA-seq,-,total RNA-seq,CL:0002591,smooth muscle cell of the pulmonary artery,primary_cell,adult,encode,,,OutputType.SPLICE_SITE_USAGE,,,
usage_CL:0002592 total RNA-seq,-,total RNA-seq,CL:0002592,smooth muscle cell of the coronary artery,primary_cell,adult,encode,,,OutputType.SPLICE_SITE_USAGE,,,
usage_CL:0002594 total RNA-seq,-,total RNA-seq,CL:0002594,smooth muscle cell of the umbilical artery,primary_cell,newborn,encode,,,OutputType.SPLICE_SITE_USAGE,,,
usage_CL:0002597 total RNA-seq,-,total RNA-seq,CL:0002597,smooth muscle cell of bladder,primary_cell,adult,encode,,,OutputType.SPLICE_SITE_USAGE,,,
usage_CL:0002598 total RNA-seq,-,total RNA-seq,CL:0002598,bronchial smooth muscle cell,primary_cell,adult,encode,,,OutputType.SPLICE_SITE_USAGE,,,
usage_CL:0002600 total RNA-seq,-,total RNA-seq,CL:0002600,smooth muscle cell of trachea,primary_cell,adult,encode,,,OutputType.SPLICE_SITE_USAGE,,,
usage_CL:0002601 total RNA-seq,-,total RNA-seq,CL:0002601,uterine smooth muscle cell,primary_cell,adult,encode,,,OutputType.SPLICE_SITE_USAGE,,,
usage_CL:0002618 polyA plus RNA-seq,-,polyA plus RNA-seq,CL:0002618,endothelial cell of umbilical vein,primary_cell,newborn,encode,,,OutputType.SPLICE_SITE_USAGE,,,
usage_CL:0002618 total RNA-seq,-,total RNA-seq,CL:0002618,endothelial cell of umbilical vein,primary_cell,newborn,encode,,,OutputType.SPLICE_SITE_USAGE,,,
usage_CL:0010002 total RNA-seq,-,total RNA-seq,CL:0010002,epithelial cell of umbilical artery,primary_cell,newborn,encode,,,OutputType.SPLICE_SITE_USAGE,,,
usage_CL:0010003 total RNA-seq,-,total RNA-seq,CL:0010003,epithelial cell of alveolus of lung,primary_cell,"unknown,embryonic",encode,,,OutputType.SPLICE_SITE_USAGE,,,
usage_CL:0011012 total RNA-seq,-,total RNA-seq,CL:0011012,neural crest cell,in_vitro_differentiated_cells,embryonic,encode,,,OutputType.SPLICE_SITE_USAGE,,,
usage_CL:0011019 total RNA-seq,-,total RNA-seq,CL:0011019,mesothelial cell of epicardium,in_vitro_differentiated_cells,embryonic,encode,,,OutputType.SPLICE_SITE_USAGE,,,
usage_CL:0011020 total RNA-seq,-,total RNA-seq,CL:0011020,neural progenitor cell,in_vitro_differentiated_cells,embryonic,encode,,,OutputType.SPLICE_SITE_USAGE,,,
usage_CL:0011022 polyA plus RNA-seq,-,polyA plus RNA-seq,CL:0011022,fibroblast of skin of back,primary_cell,embryonic,encode,,,OutputType.SPLICE_SITE_USAGE,,,
usage_CL:1000458 total RNA-seq,-,total RNA-seq,CL:1000458,melanocyte of skin,primary_cell,adult,encode,,,OutputType.SPLICE_SITE_USAGE,,,
usage_CL:1001568 total RNA-seq,-,total RNA-seq,CL:1001568,pulmonary artery endothelial cell,primary_cell,adult,encode,,,OutputType.SPLICE_SITE_USAGE,,,
usage_CL:1001606 polyA plus RNA-seq,-,polyA plus RNA-seq,CL:1001606,foreskin keratinocyte,primary_cell,newborn,encode,,,OutputType.SPLICE_SITE_USAGE,,,
usage_CL:1001606 total RNA-seq,-,total RNA-seq,CL:1001606,foreskin keratinocyte,primary_cell,newborn,encode,,,OutputType.SPLICE_SITE_USAGE,,,
usage_CL:1001608 polyA plus RNA-seq,-,polyA plus RNA-seq,CL:1001608,foreskin fibroblast,primary_cell,newborn,encode,,,OutputType.SPLICE_SITE_USAGE,,,
usage_CL:2000001 polyA plus RNA-seq,-,polyA plus RNA-seq,CL:2000001,peripheral blood mononuclear cell,primary_cell,adult,encode,,,OutputType.SPLICE_SITE_USAGE,,,
usage_CL:2000007 total RNA-seq,-,total RNA-seq,CL:2000007,articular chondrocyte of knee joint,primary_cell,adult,encode,,,OutputType.SPLICE_SITE_USAGE,,,
usage_CL:2000010 total RNA-seq,-,total RNA-seq,CL:2000010,dermis blood vessel endothelial cell,primary_cell,child,encode,,,OutputType.SPLICE_SITE_USAGE,,,
usage_CL:2000011 total RNA-seq,-,total RNA-seq,CL:2000011,dermis lymphatic vessel endothelial cell,primary_cell,"child,adult",encode,,,OutputType.SPLICE_SITE_USAGE,,,
usage_CL:2000013 polyA plus RNA-seq,-,polyA plus RNA-seq,CL:2000013,fibroblast of skin of abdomen,primary_cell,embryonic,encode,,,OutputType.SPLICE_SITE_USAGE,,,
usage_CL:2000016 total RNA-seq,-,total RNA-seq,CL:2000016,lung microvascular endothelial cell,primary_cell,adult,encode,,,OutputType.SPLICE_SITE_USAGE,,,
usage_CL:2000018 total RNA-seq,-,total RNA-seq,CL:2000018,endothelial cell of coronary artery,primary_cell,adult,encode,,,OutputType.SPLICE_SITE_USAGE,,,
usage_CL:2000040 total RNA-seq,-,total RNA-seq,CL:2000040,bladder microvascular endothelial cell,primary_cell,adult,encode,,,OutputType.SPLICE_SITE_USAGE,,,
usage_CL:2000041 total RNA-seq,-,total RNA-seq,CL:2000041,dermis microvascular lymphatic vessel endothelial cell,primary_cell,adult,encode,,,OutputType.SPLICE_SITE_USAGE,,,
usage_CL:2000045 polyA plus RNA-seq,-,polyA plus RNA-seq,CL:2000045,foreskin melanocyte,primary_cell,newborn,encode,,,OutputType.SPLICE_SITE_USAGE,,,
usage_CL:2000066 total RNA-seq,-,total RNA-seq,CL:2000066,cardiac ventricle fibroblast,primary_cell,"adult,unknown",encode,,,OutputType.SPLICE_SITE_USAGE,,,
usage_CL:2000067 total RNA-seq,-,total RNA-seq,CL:2000067,cardiac atrium fibroblast,primary_cell,child,encode,,,OutputType.SPLICE_SITE_USAGE,,,
usage_CL:2000068 total RNA-seq,-,total RNA-seq,CL:2000068,pericardium fibroblast,primary_cell,"embryonic,unknown",encode,,,OutputType.SPLICE_SITE_USAGE,,,
usage_CL:2000071 total RNA-seq,-,total RNA-seq,CL:2000071,mammary microvascular endothelial cell,primary_cell,adult,encode,,,OutputType.SPLICE_SITE_USAGE,,,
usage_CL:2000078 total RNA-seq,-,total RNA-seq,CL:2000078,placental pericyte,primary_cell,newborn,encode,,,OutputType.SPLICE_SITE_USAGE,,,
usage_CL:2000092 total RNA-seq,-,total RNA-seq,CL:2000092,hair follicular keratinocyte,primary_cell,adult,encode,,,OutputType.SPLICE_SITE_USAGE,,,
usage_CL:2000093 total RNA-seq,-,total RNA-seq,CL:2000093,bronchus fibroblast of lung,primary_cell,unknown,encode,,,OutputType.SPLICE_SITE_USAGE,,,
usage_CL:2000094 total RNA-seq,-,total RNA-seq,CL:2000094,nasal cavity respiratory epithelium epithelial cell of viscerocranial mucosa,primary_cell,adult,encode,,,OutputType.SPLICE_SITE_USAGE,,,
usage_CLO:0007045 polyA plus RNA-seq,-,polyA plus RNA-seq,CLO:0007045,"Jurkat, Clone E6-1",cell_line,child,encode,,,OutputType.SPLICE_SITE_USAGE,,,
usage_EFO:0000572 gtex Cells_EBV-transformed_lymphocytes polyA plus RNA-seq,-,polyA plus RNA-seq,EFO:0000572,lymphoblast,tissue,adult,gtex,,,OutputType.SPLICE_SITE_USAGE,Cells_EBV-transformed_lymphocytes,,
usage_EFO:0001086 polyA plus RNA-seq,-,polyA plus RNA-seq,EFO:0001086,A549,cell_line,adult,encode,,,OutputType.SPLICE_SITE_USAGE,,,
usage_EFO:0001099 total RNA-seq,-,total RNA-seq,EFO:0001099,Caco-2,cell_line,adult,encode,,,OutputType.SPLICE_SITE_USAGE,,,
usage_EFO:0001187 polyA plus RNA-seq,-,polyA plus RNA-seq,EFO:0001187,HepG2,cell_line,child,encode,,,OutputType.SPLICE_SITE_USAGE,,,
usage_EFO:0001187 total RNA-seq,-,total RNA-seq,EFO:0001187,HepG2,cell_line,child,encode,,,OutputType.SPLICE_SITE_USAGE,,,
usage_EFO:0001193 total RNA-seq,-,total RNA-seq,EFO:0001193,HT-29,cell_line,adult,encode,,,OutputType.SPLICE_SITE_USAGE,,,
usage_EFO:0001196 polyA plus RNA-seq,-,polyA plus RNA-seq,EFO:0001196,IMR-90,cell_line,embryonic,encode,,,OutputType.SPLICE_SITE_USAGE,,,
usage_EFO:0001196 total RNA-seq,-,total RNA-seq,EFO:0001196,IMR-90,cell_line,embryonic,encode,,,OutputType.SPLICE_SITE_USAGE,,,
usage_EFO:0001200 total RNA-seq,-,total RNA-seq,EFO:0001200,MCF 10A,cell_line,adult,encode,,,OutputType.SPLICE_SITE_USAGE,,,
usage_EFO:0001203 polyA plus RNA-seq,-,polyA plus RNA-seq,EFO:0001203,MCF-7,cell_line,adult,encode,,,OutputType.SPLICE_SITE_USAGE,,,
usage_EFO:0001203 total RNA-seq,-,total RNA-seq,EFO:0001203,MCF-7,cell_line,adult,encode,,,OutputType.SPLICE_SITE_USAGE,,,
usage_EFO:0002009 gtex Cells_Cultured_fibroblasts polyA plus RNA-seq,-,polyA plus RNA-seq,EFO:0002009,fibroblast derived cell line,tissue,adult,gtex,,,OutputType.SPLICE_SITE_USAGE,Cells_Cultured_fibroblasts,,
usage_EFO:0002059 polyA plus RNA-seq,-,polyA plus RNA-seq,EFO:0002059,HT1080,cell_line,adult,encode,,,OutputType.SPLICE_SITE_USAGE,,,
usage_EFO:0002059 total RNA-seq,-,total RNA-seq,EFO:0002059,HT1080,cell_line,adult,encode,,,OutputType.SPLICE_SITE_USAGE,,,
usage_EFO:0002067 polyA plus RNA-seq,-,polyA plus RNA-seq,EFO:0002067,K562,cell_line,adult,encode,,,OutputType.SPLICE_SITE_USAGE,,,
usage_EFO:0002067 total RNA-seq,-,total RNA-seq,EFO:0002067,K562,cell_line,adult,encode,,,OutputType.SPLICE_SITE_USAGE,,,
usage_EFO:0002074 total RNA-seq,-,total RNA-seq,EFO:0002074,PC-3,cell_line,adult,encode,,,OutputType.SPLICE_SITE_USAGE,,,
usage_EFO:0002101 total RNA-seq,-,total RNA-seq,EFO:0002101,A172,cell_line,adult,encode,,,OutputType.SPLICE_SITE_USAGE,,,
usage_EFO:0002103 total RNA-seq,-,total RNA-seq,EFO:0002103,A375,cell_line,adult,encode,,,OutputType.SPLICE_SITE_USAGE,,,
usage_EFO:0002106 total RNA-seq,-,total RNA-seq,EFO:0002106,A673,cell_line,child,encode,,,OutputType.SPLICE_SITE_USAGE,,,
usage_EFO:0002150 total RNA-seq,-,total RNA-seq,EFO:0002150,Caki2,cell_line,adult,encode,,,OutputType.SPLICE_SITE_USAGE,,,
usage_EFO:0002179 total RNA-seq,-,total RNA-seq,EFO:0002179,G401,cell_line,child,encode,,,OutputType.SPLICE_SITE_USAGE,,,
usage_EFO:0002184 total RNA-seq,-,total RNA-seq,EFO:0002184,H4,cell_line,adult,encode,,,OutputType.SPLICE_SITE_USAGE,,,
usage_EFO:0002234 total RNA-seq,-,total RNA-seq,EFO:0002234,MG63,cell_line,child,encode,,,OutputType.SPLICE_SITE_USAGE,,,
usage_EFO:0002330 total RNA-seq,-,total RNA-seq,EFO:0002330,SJSA1,cell_line,adult,encode,,,OutputType.SPLICE_SITE_USAGE,,,
usage_EFO:0002713 polyA plus RNA-seq,-,polyA plus RNA-seq,EFO:0002713,Panc1,cell_line,adult,encode,,,OutputType.SPLICE_SITE_USAGE,,,
usage_EFO:0002713 total RNA-seq,-,total RNA-seq,EFO:0002713,Panc1,cell_line,adult,encode,,,OutputType.SPLICE_SITE_USAGE,,,
usage_EFO:0002779 polyA plus RNA-seq,-,polyA plus RNA-seq,EFO:0002779,BJ,cell_line,newborn,encode,,,OutputType.SPLICE_SITE_USAGE,,,
usage_EFO:0002784 polyA plus RNA-seq,-,polyA plus RNA-seq,EFO:0002784,GM12878,cell_line,adult,encode,,,OutputType.SPLICE_SITE_USAGE,,,
usage_EFO:0002784 total RNA-seq,-,total RNA-seq,EFO:0002784,GM12878,cell_line,adult,encode,,,OutputType.SPLICE_SITE_USAGE,,,
usage_EFO:0002785 polyA plus RNA-seq,-,polyA plus RNA-seq,EFO:0002785,GM12891,cell_line,unknown,encode,,,OutputType.SPLICE_SITE_USAGE,,,
usage_EFO:0002786 polyA plus RNA-seq,-,polyA plus RNA-seq,EFO:0002786,GM12892,cell_line,unknown,encode,,,OutputType.SPLICE_SITE_USAGE,,,
usage_EFO:0002791 polyA plus RNA-seq,-,polyA plus RNA-seq,EFO:0002791,HeLa-S3,cell_line,adult,encode,,,OutputType.SPLICE_SITE_USAGE,,,
usage_EFO:0002819 total RNA-seq,-,total RNA-seq,EFO:0002819,Calu3,cell_line,adult,encode,,,OutputType.SPLICE_SITE_USAGE,,,
usage_EFO:0002824 polyA plus RNA-seq,-,polyA plus RNA-seq,EFO:0002824,HCT116,cell_line,adult,encode,,,OutputType.SPLICE_SITE_USAGE,,,
usage_EFO:0002824 total RNA-seq,-,total RNA-seq,EFO:0002824,HCT116,cell_line,adult,encode,,,OutputType.SPLICE_SITE_USAGE,,,
usage_EFO:0002847 total RNA-seq,-,total RNA-seq,EFO:0002847,PC-9,cell_line,unknown,encode,,,OutputType.SPLICE_SITE_USAGE,,,
usage_EFO:0003042 polyA plus RNA-seq,-,polyA plus RNA-seq,EFO:0003042,H1,cell_line,embryonic,encode,,,OutputType.SPLICE_SITE_USAGE,,,
usage_EFO:0003042 total RNA-seq,-,total RNA-seq,EFO:0003042,H1,cell_line,embryonic,encode,,,OutputType.SPLICE_SITE_USAGE,,,
usage_EFO:0003044 polyA plus RNA-seq,-,polyA plus RNA-seq,EFO:0003044,NCI-H460,cell_line,unknown,encode,,,OutputType.SPLICE_SITE_USAGE,,,
usage_EFO:0003044 total RNA-seq,-,total RNA-seq,EFO:0003044,NCI-H460,cell_line,unknown,encode,,,OutputType.SPLICE_SITE_USAGE,,,
usage_EFO:0003045 total RNA-seq,-,total RNA-seq,EFO:0003045,H9,cell_line,embryonic,encode,,,OutputType.SPLICE_SITE_USAGE,,,
usage_EFO:0003072 polyA plus RNA-seq,-,polyA plus RNA-seq,EFO:0003072,SK-N-SH,cell_line,child,encode,,,OutputType.SPLICE_SITE_USAGE,,,
usage_EFO:0005234 polyA plus RNA-seq,-,polyA plus RNA-seq,EFO:0005234,PFSK-1,cell_line,child,encode,,,OutputType.SPLICE_SITE_USAGE,,,
usage_EFO:0005237 polyA plus RNA-seq,-,polyA plus RNA-seq,EFO:0005237,U-87 MG,cell_line,adult,encode,,,OutputType.SPLICE_SITE_USAGE,,,
usage_EFO:0005697 total RNA-seq,-,total RNA-seq,EFO:0005697,M059J,cell_line,adult,encode,,,OutputType.SPLICE_SITE_USAGE,,,
usage_EFO:0005698 total RNA-seq,-,total RNA-seq,EFO:0005698,Daoy,cell_line,child,encode,,,OutputType.SPLICE_SITE_USAGE,,,
usage_EFO:0005712 total RNA-seq,-,total RNA-seq,EFO:0005712,RPMI7951,cell_line,adult,encode,,,OutputType.SPLICE_SITE_USAGE,,,
usage_EFO:0005714 polyA plus RNA-seq,-,polyA plus RNA-seq,EFO:0005714,LHCN-M2,cell_line,adult,encode,,,OutputType.SPLICE_SITE_USAGE,,,
usage_EFO:0005714 total RNA-seq,-,total RNA-seq,EFO:0005714,LHCN-M2,cell_line,adult,encode,,,OutputType.SPLICE_SITE_USAGE,,,
usage_EFO:0005719 total RNA-seq,-,total RNA-seq,EFO:0005719,Karpas-422,cell_line,adult,encode,,,OutputType.SPLICE_SITE_USAGE,,,
usage_EFO:0005720 polyA plus RNA-seq,-,polyA plus RNA-seq,EFO:0005720,SK-MEL-5,cell_line,adult,encode,,,OutputType.SPLICE_SITE_USAGE,,,
usage_EFO:0005720 total RNA-seq,-,total RNA-seq,EFO:0005720,SK-MEL-5,cell_line,adult,encode,,,OutputType.SPLICE_SITE_USAGE,,,
usage_EFO:0005721 polyA plus RNA-seq,-,polyA plus RNA-seq,EFO:0005721,SK-N-DZ,cell_line,child,encode,,,OutputType.SPLICE_SITE_USAGE,,,
usage_EFO:0005722 total RNA-seq,-,total RNA-seq,EFO:0005722,SJCRH30,cell_line,child,encode,,,OutputType.SPLICE_SITE_USAGE,,,
usage_EFO:0005723 polyA plus RNA-seq,-,polyA plus RNA-seq,EFO:0005723,GM23248,cell_line,adult,encode,,,OutputType.SPLICE_SITE_USAGE,,,
usage_EFO:0005723 total RNA-seq,-,total RNA-seq,EFO:0005723,GM23248,cell_line,adult,encode,,,OutputType.SPLICE_SITE_USAGE,,,
usage_EFO:0005725 polyA plus RNA-seq,-,polyA plus RNA-seq,EFO:0005725,BE2C,cell_line,child,encode,,,OutputType.SPLICE_SITE_USAGE,,,
usage_EFO:0005904 total RNA-seq,-,total RNA-seq,EFO:0005904,H7,cell_line,embryonic,encode,,,OutputType.SPLICE_SITE_USAGE,,,
usage_EFO:0006270 polyA plus RNA-seq,-,polyA plus RNA-seq,EFO:0006270,AG04450,cell_line,embryonic,encode,,,OutputType.SPLICE_SITE_USAGE,,,
usage_EFO:0006711 total RNA-seq,-,total RNA-seq,EFO:0006711,OCI-LY7,cell_line,adult,encode,,,OutputType.SPLICE_SITE_USAGE,,,
usage_EFO:0007089 polyA plus RNA-seq,-,polyA plus RNA-seq,EFO:0007089,HUES64,cell_line,embryonic,encode,,,OutputType.SPLICE_SITE_USAGE,,,
usage_EFO:0007950 polyA plus RNA-seq,-,polyA plus RNA-seq,EFO:0007950,GM23338,cell_line,adult,encode,,,OutputType.SPLICE_SITE_USAGE,,,
usage_EFO:0007950 total RNA-seq,-,total RNA-seq,EFO:0007950,GM23338,cell_line,adult,encode,,,OutputType.SPLICE_SITE_USAGE,,,
usage_EFO:0009318 total RNA-seq,-,total RNA-seq,EFO:0009318,HFFc6,cell_line,newborn,encode,,,OutputType.SPLICE_SITE_USAGE,,,
usage_EFO:0009747 total RNA-seq,-,total RNA-seq,EFO:0009747,WTC11,cell_line,adult,encode,,,OutputType.SPLICE_SITE_USAGE,,,
usage_EFO:0030018 polyA plus RNA-seq,-,polyA plus RNA-seq,EFO:0030018,BLaER1,cell_line,unknown,encode,,,OutputType.SPLICE_SITE_USAGE,,,
usage_NTR:0000427 polyA plus RNA-seq,-,polyA plus RNA-seq,NTR:0000427,neurosphere,primary_cell,embryonic,encode,,,OutputType.SPLICE_SITE_USAGE,,,
usage_NTR:0000491 total RNA-seq,-,total RNA-seq,NTR:0000491,Right ventricle myocardium inferior,tissue,adult,encode,,,OutputType.SPLICE_SITE_USAGE,,,
usage_NTR:0000492 total RNA-seq,-,total RNA-seq,NTR:0000492,Right ventricle myocardium superior,tissue,adult,encode,,,OutputType.SPLICE_SITE_USAGE,,,
usage_NTR:0000493 total RNA-seq,-,total RNA-seq,NTR:0000493,left ventricle myocardium inferior,tissue,adult,encode,,,OutputType.SPLICE_SITE_USAGE,,,
usage_NTR:0000494 total RNA-seq,-,total RNA-seq,NTR:0000494,left ventricle myocardium superior,tissue,adult,encode,,,OutputType.SPLICE_SITE_USAGE,,,
usage_NTR:0000524 polyA plus RNA-seq,-,polyA plus RNA-seq,NTR:0000524,fibroblast of skin of scalp,primary_cell,embryonic,encode,,,OutputType.SPLICE_SITE_USAGE,,,
usage_NTR:0000856 polyA plus RNA-seq,-,polyA plus RNA-seq,NTR:0000856,mesendoderm,in_vitro_differentiated_cells,embryonic,encode,,,OutputType.SPLICE_SITE_USAGE,,,
usage_NTR:0003013 polyA plus RNA-seq,-,polyA plus RNA-seq,NTR:0003013,placental basal plate,tissue,embryonic,encode,,,OutputType.SPLICE_SITE_USAGE,,,
usage_UBERON:0000007 gtex Pituitary polyA plus RNA-seq,-,polyA plus RNA-seq,UBERON:0000007,pituitary gland,tissue,adult,gtex,,,OutputType.SPLICE_SITE_USAGE,Pituitary,,
usage_UBERON:0000016 polyA plus RNA-seq,-,polyA plus RNA-seq,UBERON:0000016,endocrine pancreas,tissue,adult,encode,,,OutputType.SPLICE_SITE_USAGE,,,
usage_UBERON:0000019 total RNA-seq,-,total RNA-seq,UBERON:0000019,camera-type eye,tissue,embryonic,encode,,,OutputType.SPLICE_SITE_USAGE,,,
usage_UBERON:0000056 total RNA-seq,-,total RNA-seq,UBERON:0000056,ureter,tissue,adult,encode,,,OutputType.SPLICE_SITE_USAGE,,,
usage_UBERON:0000081 total RNA-seq,-,total RNA-seq,UBERON:0000081,metanephros,tissue,embryonic,encode,,,OutputType.SPLICE_SITE_USAGE,,,
usage_UBERON:0000088 polyA plus RNA-seq,-,polyA plus RNA-seq,UBERON:0000088,trophoblast,tissue,embryonic,encode,,,OutputType.SPLICE_SITE_USAGE,,,
usage_UBERON:0000305 polyA plus RNA-seq,-,polyA plus RNA-seq,UBERON:0000305,amnion,tissue,embryonic,encode,,,OutputType.SPLICE_SITE_USAGE,,,
usage_UBERON:0000317 total RNA-seq,-,total RNA-seq,UBERON:0000317,colonic mucosa,tissue,adult,encode,,,OutputType.SPLICE_SITE_USAGE,,,
usage_UBERON:0000458 gtex Cervix_Endocervix polyA plus RNA-seq,-,polyA plus RNA-seq,UBERON:0000458,endocervix,tissue,adult,gtex,,,OutputType.SPLICE_SITE_USAGE,Cervix_Endocervix,,
usage_UBERON:0000473 gtex Testis polyA plus RNA-seq,-,polyA plus RNA-seq,UBERON:0000473,testis,tissue,adult,gtex,,,OutputType.SPLICE_SITE_USAGE,Testis,,
usage_UBERON:0000473 polyA plus RNA-seq,-,polyA plus RNA-seq,UBERON:0000473,testis,tissue,adult,encode,,,OutputType.SPLICE_SITE_USAGE,,,
usage_UBERON:0000473 total RNA-seq,-,total RNA-seq,UBERON:0000473,testis,tissue,adult,encode,,,OutputType.SPLICE_SITE_USAGE,,,
usage_UBERON:0000945 gtex Stomach polyA plus RNA-seq,-,polyA plus RNA-seq,UBERON:0000945,stomach,tissue,adult,gtex,,,OutputType.SPLICE_SITE_USAGE,Stomach,,
usage_UBERON:0000945 polyA plus RNA-seq,-,polyA plus RNA-seq,UBERON:0000945,stomach,tissue,adult,encode,,,OutputType.SPLICE_SITE_USAGE,,,
usage_UBERON:0000945 total RNA-seq,-,total RNA-seq,UBERON:0000945,stomach,tissue,adult,encode,,,OutputType.SPLICE_SITE_USAGE,,,
usage_UBERON:0000947 polyA plus RNA-seq,-,polyA plus RNA-seq,UBERON:0000947,aorta,tissue,adult,encode,,,OutputType.SPLICE_SITE_USAGE,,,
usage_UBERON:0000947 total RNA-seq,-,total RNA-seq,UBERON:0000947,aorta,tissue,adult,encode,,,OutputType.SPLICE_SITE_USAGE,,,
usage_UBERON:0000948 polyA plus RNA-seq,-,polyA plus RNA-seq,UBERON:0000948,heart,tissue,adult,encode,,,OutputType.SPLICE_SITE_USAGE,,,
usage_UBERON:0000948 total RNA-seq,-,total RNA-seq,UBERON:0000948,heart,tissue,adult,encode,,,OutputType.SPLICE_SITE_USAGE,,,
usage_UBERON:0000955 polyA plus RNA-seq,-,polyA plus RNA-seq,UBERON:0000955,brain,tissue,adult,encode,,,OutputType.SPLICE_SITE_USAGE,,,
usage_UBERON:0000992 gtex Ovary polyA plus RNA-seq,-,polyA plus RNA-seq,UBERON:0000992,ovary,tissue,adult,gtex,,,OutputType.SPLICE_SITE_USAGE,Ovary,,
usage_UBERON:0000992 polyA plus RNA-seq,-,polyA plus RNA-seq,UBERON:0000992,ovary,tissue,adult,encode,,,OutputType.SPLICE_SITE_USAGE,,,
usage_UBERON:0000992 total RNA-seq,-,total RNA-seq,UBERON:0000992,ovary,tissue,adult,encode,,,OutputType.SPLICE_SITE_USAGE,,,
usage_UBERON:0000995 gtex Uterus polyA plus RNA-seq,-,polyA plus RNA-seq,UBERON:0000995,uterus,tissue,adult,gtex,,,OutputType.SPLICE_SITE_USAGE,Uterus,,
usage_UBERON:0000995 total RNA-seq,-,total RNA-seq,UBERON:0000995,uterus,tissue,adult,encode,,,OutputType.SPLICE_SITE_USAGE,,,
usage_UBERON:0000996 gtex Vagina polyA plus RNA-seq,-,polyA plus RNA-seq,UBERON:0000996,vagina,tissue,adult,gtex,,,OutputType.SPLICE_SITE_USAGE,Vagina,,
usage_UBERON:0000996 total RNA-seq,-,total RNA-seq,UBERON:0000996,vagina,tissue,adult,encode,,,OutputType.SPLICE_SITE_USAGE,,,
usage_UBERON:0001013 polyA plus RNA-seq,-,polyA plus RNA-seq,UBERON:0001013,adipose tissue,tissue,adult,encode,,,OutputType.SPLICE_SITE_USAGE,,,
usage_UBERON:0001043 polyA plus RNA-seq,-,polyA plus RNA-seq,UBERON:0001043,esophagus,tissue,adult,encode,,,OutputType.SPLICE_SITE_USAGE,,,
usage_UBERON:0001072 total RNA-seq,-,total RNA-seq,UBERON:0001072,posterior vena cava,tissue,adult,encode,,,OutputType.SPLICE_SITE_USAGE,,,
usage_UBERON:0001114 gtex Liver polyA plus RNA-seq,-,polyA plus RNA-seq,UBERON:0001114,right lobe of liver,tissue,adult,gtex,,,OutputType.SPLICE_SITE_USAGE,Liver,,
usage_UBERON:0001114 total RNA-seq,-,total RNA-seq,UBERON:0001114,right lobe of liver,tissue,adult,encode,,,OutputType.SPLICE_SITE_USAGE,,,
usage_UBERON:0001115 total RNA-seq,-,total RNA-seq,UBERON:0001115,left lobe of liver,tissue,adult,encode,,,OutputType.SPLICE_SITE_USAGE,,,
usage_UBERON:0001134 total RNA-seq,-,total RNA-seq,UBERON:0001134,skeletal muscle tissue,tissue,embryonic,encode,,,OutputType.SPLICE_SITE_USAGE,,,
usage_UBERON:0001150 gtex Pancreas polyA plus RNA-seq,-,polyA plus RNA-seq,UBERON:0001150,body of pancreas,tissue,adult,gtex,,,OutputType.SPLICE_SITE_USAGE,Pancreas,,
usage_UBERON:0001150 total RNA-seq,-,total RNA-seq,UBERON:0001150,body of pancreas,tissue,adult,encode,,,OutputType.SPLICE_SITE_USAGE,,,
usage_UBERON:0001157 gtex Colon_Transverse polyA plus RNA-seq,-,polyA plus RNA-seq,UBERON:0001157,transverse colon,tissue,adult,gtex,,,OutputType.SPLICE_SITE_USAGE,Colon_Transverse,,
usage_UBERON:0001157 total RNA-seq,-,total RNA-seq,UBERON:0001157,transverse colon,tissue,adult,encode,,,OutputType.SPLICE_SITE_USAGE,,,
usage_UBERON:0001159 gtex Colon_Sigmoid polyA plus RNA-seq,-,polyA plus RNA-seq,UBERON:0001159,sigmoid colon,tissue,adult,gtex,,,OutputType.SPLICE_SITE_USAGE,Colon_Sigmoid,,
usage_UBERON:0001159 polyA plus RNA-seq,-,polyA plus RNA-seq,UBERON:0001159,sigmoid colon,tissue,adult,encode,,,OutputType.SPLICE_SITE_USAGE,,,
usage_UBERON:0001159 total RNA-seq,-,total RNA-seq,UBERON:0001159,sigmoid colon,tissue,adult,encode,,,OutputType.SPLICE_SITE_USAGE,,,
usage_UBERON:0001211 gtex Small_Intestine_Terminal_Ileum polyA plus RNA-seq,-,polyA plus RNA-seq,UBERON:0001211,Peyer's patch,tissue,adult,gtex,,,OutputType.SPLICE_SITE_USAGE,Small_Intestine_Terminal_Ileum,,
usage_UBERON:0001211 total RNA-seq,-,total RNA-seq,UBERON:0001211,Peyer's patch,tissue,adult,encode,,,OutputType.SPLICE_SITE_USAGE,,,
usage_UBERON:0001224 polyA plus RNA-seq,-,polyA plus RNA-seq,UBERON:0001224,renal pelvis,tissue,embryonic,encode,,,OutputType.SPLICE_SITE_USAGE,,,
usage_UBERON:0001225 gtex Kidney_Cortex polyA plus RNA-seq,-,polyA plus RNA-seq,UBERON:0001225,cortex of kidney,tissue,adult,gtex,,,OutputType.SPLICE_SITE_USAGE,Kidney_Cortex,,
usage_UBERON:0001255 gtex Bladder polyA plus RNA-seq,-,polyA plus RNA-seq,UBERON:0001255,urinary bladder,tissue,adult,gtex,,,OutputType.SPLICE_SITE_USAGE,Bladder,,
usage_UBERON:0001255 polyA plus RNA-seq,-,polyA plus RNA-seq,UBERON:0001255,urinary bladder,tissue,child,encode,,,OutputType.SPLICE_SITE_USAGE,,,
usage_UBERON:0001255 total RNA-seq,-,total RNA-seq,UBERON:0001255,urinary bladder,tissue,embryonic,encode,,,OutputType.SPLICE_SITE_USAGE,,,
usage_UBERON:0001264 polyA plus RNA-seq,-,polyA plus RNA-seq,UBERON:0001264,pancreas,tissue,adult,encode,,,OutputType.SPLICE_SITE_USAGE,,,
usage_UBERON:0001264 total RNA-seq,-,total RNA-seq,UBERON:0001264,pancreas,tissue,adult,encode,,,OutputType.SPLICE_SITE_USAGE,,,
usage_UBERON:0001293 gtex Kidney_Medulla polyA plus RNA-seq,-,polyA plus RNA-seq,UBERON:0001293,outer medulla of kidney,tissue,adult,gtex,,,OutputType.SPLICE_SITE_USAGE,Kidney_Medulla,,
usage_UBERON:0001322 total RNA-seq,-,total RNA-seq,UBERON:0001322,sciatic nerve,tissue,adult,encode,,,OutputType.SPLICE_SITE_USAGE,,,
usage_UBERON:0001323 gtex Nerve_Tibial polyA plus RNA-seq,-,polyA plus RNA-seq,UBERON:0001323,tibial nerve,tissue,adult,gtex,,,OutputType.SPLICE_SITE_USAGE,Nerve_Tibial,,
usage_UBERON:0001323 total RNA-seq,-,total RNA-seq,UBERON:0001323,tibial nerve,tissue,adult,encode,,,OutputType.SPLICE_SITE_USAGE,,,
usage_UBERON:0001383 polyA plus RNA-seq,-,polyA plus RNA-seq,UBERON:0001383,muscle of leg,tissue,embryonic,encode,,,OutputType.SPLICE_SITE_USAGE,,,
usage_UBERON:0001496 gtex Artery_Aorta polyA plus RNA-seq,-,polyA plus RNA-seq,UBERON:0001496,ascending aorta,tissue,adult,gtex,,,OutputType.SPLICE_SITE_USAGE,Artery_Aorta,,
usage_UBERON:0001496 total RNA-seq,-,total RNA-seq,UBERON:0001496,ascending aorta,tissue,adult,encode,,,OutputType.SPLICE_SITE_USAGE,,,
usage_UBERON:0001499 polyA plus RNA-seq,-,polyA plus RNA-seq,UBERON:0001499,muscle of arm,tissue,embryonic,encode,,,OutputType.SPLICE_SITE_USAGE,,,
usage_UBERON:0001515 total RNA-seq,-,total RNA-seq,UBERON:0001515,thoracic aorta,tissue,adult,encode,,,OutputType.SPLICE_SITE_USAGE,,,
usage_UBERON:0001621 gtex Artery_Coronary polyA plus RNA-seq,-,polyA plus RNA-seq,UBERON:0001621,coronary artery,tissue,adult,gtex,,,OutputType.SPLICE_SITE_USAGE,Artery_Coronary,,
usage_UBERON:0001723 total RNA-seq,-,total RNA-seq,UBERON:0001723,tongue,tissue,embryonic,encode,,,OutputType.SPLICE_SITE_USAGE,,,
usage_UBERON:0001774 polyA plus RNA-seq,-,polyA plus RNA-seq,UBERON:0001774,muscle of trunk,tissue,embryonic,encode,,,OutputType.SPLICE_SITE_USAGE,,,
usage_UBERON:0001870 gtex Brain_Cortex polyA plus RNA-seq,-,polyA plus RNA-seq,UBERON:0001870,frontal cortex,tissue,adult,gtex,,,OutputType.SPLICE_SITE_USAGE,Brain_Cortex,,
usage_UBERON:0001870 total RNA-seq,-,total RNA-seq,UBERON:0001870,frontal cortex,tissue,embryonic,encode,,,OutputType.SPLICE_SITE_USAGE,,,
usage_UBERON:0001871 total RNA-seq,-,total RNA-seq,UBERON:0001871,temporal lobe,tissue,embryonic,encode,,,OutputType.SPLICE_SITE_USAGE,,,
usage_UBERON:0001872 total RNA-seq,-,total RNA-seq,UBERON:0001872,parietal lobe,tissue,embryonic,encode,,,OutputType.SPLICE_SITE_USAGE,,,
usage_UBERON:0001873 gtex Brain_Caudate_basal_ganglia polyA plus RNA-seq,-,polyA plus RNA-seq,UBERON:0001873,caudate nucleus,tissue,adult,gtex,,,OutputType.SPLICE_SITE_USAGE,Brain_Caudate_basal_ganglia,,
usage_UBERON:0001874 gtex Brain_Putamen_basal_ganglia polyA plus RNA-seq,-,polyA plus RNA-seq,UBERON:0001874,putamen,tissue,adult,gtex,,,OutputType.SPLICE_SITE_USAGE,Brain_Putamen_basal_ganglia,,
usage_UBERON:0001876 gtex Brain_Amygdala polyA plus RNA-seq,-,polyA plus RNA-seq,UBERON:0001876,amygdala,tissue,adult,gtex,,,OutputType.SPLICE_SITE_USAGE,Brain_Amygdala,,
usage_UBERON:0001882 gtex Brain_Nucleus_accumbens_basal_ganglia polyA plus RNA-seq,-,polyA plus RNA-seq,UBERON:0001882,nucleus accumbens,tissue,adult,gtex,,,OutputType.SPLICE_SITE_USAGE,Brain_Nucleus_accumbens_basal_ganglia,,
usage_UBERON:0001894 total RNA-seq,-,total RNA-seq,UBERON:0001894,diencephalon,tissue,embryonic,encode,,,OutputType.SPLICE_SITE_USAGE,,,
usage_UBERON:0001898 gtex Brain_Hypothalamus polyA plus RNA-seq,-,polyA plus RNA-seq,UBERON:0001898,hypothalamus,tissue,adult,gtex,,,OutputType.SPLICE_SITE_USAGE,Brain_Hypothalamus,,
usage_UBERON:0001954 gtex Brain_Hippocampus polyA plus RNA-seq,-,polyA plus RNA-seq,UBERON:0001954,Ammon's horn,tissue,adult,gtex,,,OutputType.SPLICE_SITE_USAGE,Brain_Hippocampus,,
usage_UBERON:0001987 polyA plus RNA-seq,-,polyA plus RNA-seq,UBERON:0001987,placenta,tissue,embryonic,encode,,,OutputType.SPLICE_SITE_USAGE,,,
usage_UBERON:0001987 total RNA-seq,-,total RNA-seq,UBERON:0001987,placenta,tissue,embryonic,encode,,,OutputType.SPLICE_SITE_USAGE,,,
usage_UBERON:0002021 total RNA-seq,-,total RNA-seq,UBERON:0002021,occipital lobe,tissue,embryonic,encode,,,OutputType.SPLICE_SITE_USAGE,,,
usage_UBERON:0002037 gtex Brain_Cerebellum polyA plus RNA-seq,-,polyA plus RNA-seq,UBERON:0002037,cerebellum,tissue,adult,gtex,,,OutputType.SPLICE_SITE_USAGE,Brain_Cerebellum,,
usage_UBERON:0002037 polyA plus RNA-seq,-,polyA plus RNA-seq,UBERON:0002037,cerebellum,tissue,embryonic,encode,,,OutputType.SPLICE_SITE_USAGE,,,
usage_UBERON:0002037 total RNA-seq,-,total RNA-seq,UBERON:0002037,cerebellum,tissue,embryonic,encode,,,OutputType.SPLICE_SITE_USAGE,,,
usage_UBERON:0002038 gtex Brain_Substantia_nigra polyA plus RNA-seq,-,polyA plus RNA-seq,UBERON:0002038,substantia nigra,tissue,adult,gtex,,,OutputType.SPLICE_SITE_USAGE,Brain_Substantia_nigra,,
usage_UBERON:0002046 gtex Thyroid polyA plus RNA-seq,-,polyA plus RNA-seq,UBERON:0002046,thyroid gland,tissue,adult,gtex,,,OutputType.SPLICE_SITE_USAGE,Thyroid,,
usage_UBERON:0002046 total RNA-seq,-,total RNA-seq,UBERON:0002046,thyroid gland,tissue,adult,encode,,,OutputType.SPLICE_SITE_USAGE,,,
usage_UBERON:0002048 polyA plus RNA-seq,-,polyA plus RNA-seq,UBERON:0002048,lung,tissue,adult,encode,,,OutputType.SPLICE_SITE_USAGE,,,
usage_UBERON:0002048 total RNA-seq,-,total RNA-seq,UBERON:0002048,lung,tissue,embryonic,encode,,,OutputType.SPLICE_SITE_USAGE,,,
usage_UBERON:0002078 polyA plus RNA-seq,-,polyA plus RNA-seq,UBERON:0002078,right cardiac atrium,tissue,adult,encode,,,OutputType.SPLICE_SITE_USAGE,,,
usage_UBERON:0002078 total RNA-seq,-,total RNA-seq,UBERON:0002078,right cardiac atrium,tissue,adult,encode,,,OutputType.SPLICE_SITE_USAGE,,,
usage_UBERON:0002079 total RNA-seq,-,total RNA-seq,UBERON:0002079,left cardiac atrium,tissue,adult,encode,,,OutputType.SPLICE_SITE_USAGE,,,
usage_UBERON:0002080 polyA plus RNA-seq,-,polyA plus RNA-seq,UBERON:0002080,heart right ventricle,tissue,adult,encode,,,OutputType.SPLICE_SITE_USAGE,,,
usage_UBERON:0002080 total RNA-seq,-,total RNA-seq,UBERON:0002080,heart right ventricle,tissue,adult,encode,,,OutputType.SPLICE_SITE_USAGE,,,
usage_UBERON:0002084 polyA plus RNA-seq,-,polyA plus RNA-seq,UBERON:0002084,heart left ventricle,tissue,adult,encode,,,OutputType.SPLICE_SITE_USAGE,,,
usage_UBERON:0002084 total RNA-seq,-,total RNA-seq,UBERON:0002084,heart left ventricle,tissue,adult,encode,,,OutputType.SPLICE_SITE_USAGE,,,
usage_UBERON:0002097 total RNA-seq,-,total RNA-seq,UBERON:0002097,skin of body,tissue,embryonic,encode,,,OutputType.SPLICE_SITE_USAGE,,,
usage_UBERON:0002099 total RNA-seq,-,total RNA-seq,UBERON:0002099,cardiac septum,tissue,adult,encode,,,OutputType.SPLICE_SITE_USAGE,,,
usage_UBERON:0002106 gtex Spleen polyA plus RNA-seq,-,polyA plus RNA-seq,UBERON:0002106,spleen,tissue,adult,gtex,,,OutputType.SPLICE_SITE_USAGE,Spleen,,
usage_UBERON:0002106 polyA plus RNA-seq,-,polyA plus RNA-seq,UBERON:0002106,spleen,tissue,adult,encode,,,OutputType.SPLICE_SITE_USAGE,,,
usage_UBERON:0002106 total RNA-seq,-,total RNA-seq,UBERON:0002106,spleen,tissue,adult,encode,,,OutputType.SPLICE_SITE_USAGE,,,
usage_UBERON:0002107 polyA plus RNA-seq,-,polyA plus RNA-seq,UBERON:0002107,liver,tissue,child,encode,,,OutputType.SPLICE_SITE_USAGE,,,
usage_UBERON:0002107 total RNA-seq,-,total RNA-seq,UBERON:0002107,liver,tissue,embryonic,encode,,,OutputType.SPLICE_SITE_USAGE,,,
usage_UBERON:0002108 polyA plus RNA-seq,-,polyA plus RNA-seq,UBERON:0002108,small intestine,tissue,adult,encode,,,OutputType.SPLICE_SITE_USAGE,,,
usage_UBERON:0002113 polyA plus RNA-seq,-,polyA plus RNA-seq,UBERON:0002113,kidney,tissue,adult,encode,,,OutputType.SPLICE_SITE_USAGE,,,
usage_UBERON:0002113 total RNA-seq,-,total RNA-seq,UBERON:0002113,kidney,tissue,adult,encode,,,OutputType.SPLICE_SITE_USAGE,,,
usage_UBERON:0002167 polyA plus RNA-seq,-,polyA plus RNA-seq,UBERON:0002167,right lung,tissue,embryonic,encode,,,OutputType.SPLICE_SITE_USAGE,,,
usage_UBERON:0002168 polyA plus RNA-seq,-,polyA plus RNA-seq,UBERON:0002168,left lung,tissue,embryonic,encode,,,OutputType.SPLICE_SITE_USAGE,,,
usage_UBERON:0002168 total RNA-seq,-,total RNA-seq,UBERON:0002168,left lung,tissue,adult,encode,,,OutputType.SPLICE_SITE_USAGE,,,
usage_UBERON:0002170 total RNA-seq,-,total RNA-seq,UBERON:0002170,upper lobe of right lung,tissue,adult,encode,,,OutputType.SPLICE_SITE_USAGE,,,
usage_UBERON:0002171 total RNA-seq,-,total RNA-seq,UBERON:0002171,lower lobe of right lung,tissue,adult,encode,,,OutputType.SPLICE_SITE_USAGE,,,
usage_UBERON:0002190 gtex Adipose_Subcutaneous polyA plus RNA-seq,-,polyA plus RNA-seq,UBERON:0002190,subcutaneous adipose tissue,tissue,adult,gtex,,,OutputType.SPLICE_SITE_USAGE,Adipose_Subcutaneous,,
usage_UBERON:0002190 total RNA-seq,-,total RNA-seq,UBERON:0002190,subcutaneous adipose tissue,tissue,adult,encode,,,OutputType.SPLICE_SITE_USAGE,,,
usage_UBERON:0002240 polyA plus RNA-seq,-,polyA plus RNA-seq,UBERON:0002240,spinal cord,tissue,embryonic,encode,,,OutputType.SPLICE_SITE_USAGE,,,
usage_UBERON:0002240 total RNA-seq,-,total RNA-seq,UBERON:0002240,spinal cord,tissue,embryonic,encode,,,OutputType.SPLICE_SITE_USAGE,,,
usage_UBERON:0002245 gtex Brain_Cerebellar_Hemisphere polyA plus RNA-seq,-,polyA plus RNA-seq,UBERON:0002245,cerebellar hemisphere,tissue,adult,gtex,,,OutputType.SPLICE_SITE_USAGE,Brain_Cerebellar_Hemisphere,,
usage_UBERON:0002324 polyA plus RNA-seq,-,polyA plus RNA-seq,UBERON:0002324,muscle of back,tissue,embryonic,encode,,,OutputType.SPLICE_SITE_USAGE,,,
usage_UBERON:0002331 total RNA-seq,-,total RNA-seq,UBERON:0002331,umbilical cord,tissue,embryonic,encode,,,OutputType.SPLICE_SITE_USAGE,,,
usage_UBERON:0002367 gtex Prostate polyA plus RNA-seq,-,polyA plus RNA-seq,UBERON:0002367,prostate gland,tissue,adult,gtex,,,OutputType.SPLICE_SITE_USAGE,Prostate,,
usage_UBERON:0002367 total RNA-seq,-,total RNA-seq,UBERON:0002367,prostate gland,tissue,adult,encode,,,OutputType.SPLICE_SITE_USAGE,,,
usage_UBERON:0002369 gtex Adrenal_Gland polyA plus RNA-seq,-,polyA plus RNA-seq,UBERON:0002369,adrenal gland,tissue,adult,gtex,,,OutputType.SPLICE_SITE_USAGE,Adrenal_Gland,,
usage_UBERON:0002369 polyA plus RNA-seq,-,polyA plus RNA-seq,UBERON:0002369,adrenal gland,tissue,adult,encode,,,OutputType.SPLICE_SITE_USAGE,,,
usage_UBERON:0002369 total RNA-seq,-,total RNA-seq,UBERON:0002369,adrenal gland,tissue,adult,encode,,,OutputType.SPLICE_SITE_USAGE,,,
usage_UBERON:0002370 polyA plus RNA-seq,-,polyA plus RNA-seq,UBERON:0002370,thymus,tissue,embryonic,encode,,,OutputType.SPLICE_SITE_USAGE,,,
usage_UBERON:0002469 total RNA-seq,-,total RNA-seq,UBERON:0002469,esophagus mucosa,tissue,adult,encode,,,OutputType.SPLICE_SITE_USAGE,,,
usage_UBERON:0003124 polyA plus RNA-seq,-,polyA plus RNA-seq,UBERON:0003124,chorion,tissue,embryonic,encode,,,OutputType.SPLICE_SITE_USAGE,,,
usage_UBERON:0003662 polyA plus RNA-seq,-,polyA plus RNA-seq,UBERON:0003662,forelimb muscle,tissue,embryonic,encode,,,OutputType.SPLICE_SITE_USAGE,,,
usage_UBERON:0003663 polyA plus RNA-seq,-,polyA plus RNA-seq,UBERON:0003663,hindlimb muscle,tissue,embryonic,encode,,,OutputType.SPLICE_SITE_USAGE,,,
usage_UBERON:0003889 gtex Fallopian_Tube polyA plus RNA-seq,-,polyA plus RNA-seq,UBERON:0003889,fallopian tube,tissue,adult,gtex,,,OutputType.SPLICE_SITE_USAGE,Fallopian_Tube,,
usage_UBERON:0004264 gtex Skin_Sun_Exposed_Lower_leg polyA plus RNA-seq,-,polyA plus RNA-seq,UBERON:0004264,lower leg skin,tissue,adult,gtex,,,OutputType.SPLICE_SITE_USAGE,Skin_Sun_Exposed_Lower_leg,,
usage_UBERON:0004264 total RNA-seq,-,total RNA-seq,UBERON:0004264,lower leg skin,tissue,adult,encode,,,OutputType.SPLICE_SITE_USAGE,,,
usage_UBERON:0004538 polyA plus RNA-seq,-,polyA plus RNA-seq,UBERON:0004538,left kidney,tissue,embryonic,encode,,,OutputType.SPLICE_SITE_USAGE,,,
usage_UBERON:0004550 gtex Esophagus_Gastroesophageal_Junction polyA plus RNA-seq,-,polyA plus RNA-seq,UBERON:0004550,gastroesophageal sphincter,tissue,adult,gtex,,,OutputType.SPLICE_SITE_USAGE,Esophagus_Gastroesophageal_Junction,,
usage_UBERON:0004550 total RNA-seq,-,total RNA-seq,UBERON:0004550,gastroesophageal sphincter,tissue,adult,encode,,,OutputType.SPLICE_SITE_USAGE,,,
usage_UBERON:0004648 gtex Esophagus_Muscularis polyA plus RNA-seq,-,polyA plus RNA-seq,UBERON:0004648,esophagus muscularis mucosa,tissue,adult,gtex,,,OutputType.SPLICE_SITE_USAGE,Esophagus_Muscularis,,
usage_UBERON:0004648 total RNA-seq,-,total RNA-seq,UBERON:0004648,esophagus muscularis mucosa,tissue,adult,encode,,,OutputType.SPLICE_SITE_USAGE,,,
usage_UBERON:0004992 total RNA-seq,-,total RNA-seq,UBERON:0004992,mucosa of descending colon,tissue,adult,encode,,,OutputType.SPLICE_SITE_USAGE,,,
usage_UBERON:0005033 total RNA-seq,-,total RNA-seq,UBERON:0005033,mucosa of gallbladder,tissue,child,encode,,,OutputType.SPLICE_SITE_USAGE,,,
usage_UBERON:0005270 polyA plus RNA-seq,-,polyA plus RNA-seq,UBERON:0005270,renal cortex interstitium,tissue,embryonic,encode,,,OutputType.SPLICE_SITE_USAGE,,,
usage_UBERON:0006330 gtex Minor_Salivary_Gland polyA plus RNA-seq,-,polyA plus RNA-seq,UBERON:0006330,anterior lingual gland,tissue,adult,gtex,,,OutputType.SPLICE_SITE_USAGE,Minor_Salivary_Gland,,
usage_UBERON:0006469 gtex Brain_Spinal_cord_cervical_c-1 polyA plus RNA-seq,-,polyA plus RNA-seq,UBERON:0006469,C1 segment of cervical spinal cord,tissue,adult,gtex,,,OutputType.SPLICE_SITE_USAGE,Brain_Spinal_cord_cervical_c-1,,
usage_UBERON:0006566 gtex Heart_Left_Ventricle polyA plus RNA-seq,-,polyA plus RNA-seq,UBERON:0006566,left ventricle myocardium,tissue,adult,gtex,,,OutputType.SPLICE_SITE_USAGE,Heart_Left_Ventricle,,
usage_UBERON:0006631 gtex Heart_Atrial_Appendage polyA plus RNA-seq,-,polyA plus RNA-seq,UBERON:0006631,right atrium auricular region,tissue,adult,gtex,,,OutputType.SPLICE_SITE_USAGE,Heart_Atrial_Appendage,,
usage_UBERON:0006631 total RNA-seq,-,total RNA-seq,UBERON:0006631,right atrium auricular region,tissue,adult,encode,,,OutputType.SPLICE_SITE_USAGE,,,
usage_UBERON:0006920 gtex Esophagus_Mucosa polyA plus RNA-seq,-,polyA plus RNA-seq,UBERON:0006920,esophagus squamous epithelium,tissue,adult,gtex,,,OutputType.SPLICE_SITE_USAGE,Esophagus_Mucosa,,
usage_UBERON:0006920 total RNA-seq,-,total RNA-seq,UBERON:0006920,esophagus squamous epithelium,tissue,adult,encode,,,OutputType.SPLICE_SITE_USAGE,,,
usage_UBERON:0007106 polyA plus RNA-seq,-,polyA plus RNA-seq,UBERON:0007106,chorionic villus,tissue,embryonic,encode,,,OutputType.SPLICE_SITE_USAGE,,,
usage_UBERON:0007610 gtex Artery_Tibial polyA plus RNA-seq,-,polyA plus RNA-seq,UBERON:0007610,tibial artery,tissue,adult,gtex,,,OutputType.SPLICE_SITE_USAGE,Artery_Tibial,,
usage_UBERON:0008367 gtex Breast_Mammary_Tissue polyA plus RNA-seq,-,polyA plus RNA-seq,UBERON:0008367,breast epithelium,tissue,adult,gtex,,,OutputType.SPLICE_SITE_USAGE,Breast_Mammary_Tissue,,
usage_UBERON:0008367 total RNA-seq,-,total RNA-seq,UBERON:0008367,breast epithelium,tissue,adult,encode,,,OutputType.SPLICE_SITE_USAGE,,,
usage_UBERON:0008450 polyA plus RNA-seq,-,polyA plus RNA-seq,UBERON:0008450,psoas muscle,tissue,adult,encode,,,OutputType.SPLICE_SITE_USAGE,,,
usage_UBERON:0008450 total RNA-seq,-,total RNA-seq,UBERON:0008450,psoas muscle,tissue,adult,encode,,,OutputType.SPLICE_SITE_USAGE,,,
usage_UBERON:0008952 gtex Lung polyA plus RNA-seq,-,polyA plus RNA-seq,UBERON:0008952,upper lobe of left lung,tissue,adult,gtex,,,OutputType.SPLICE_SITE_USAGE,Lung,,
usage_UBERON:0008952 total RNA-seq,-,total RNA-seq,UBERON:0008952,upper lobe of left lung,tissue,adult,encode,,,OutputType.SPLICE_SITE_USAGE,,,
usage_UBERON:0008953 total RNA-seq,-,total RNA-seq,UBERON:0008953,lower lobe of left lung,tissue,adult,encode,,,OutputType.SPLICE_SITE_USAGE,,,
usage_UBERON:0008971 total RNA-seq,-,total RNA-seq,UBERON:0008971,left colon,tissue,adult,encode,,,OutputType.SPLICE_SITE_USAGE,,,
usage_UBERON:0009834 gtex Brain_Frontal_Cortex_BA9 polyA plus RNA-seq,-,polyA plus RNA-seq,UBERON:0009834,dorsolateral prefrontal cortex,tissue,adult,gtex,,,OutputType.SPLICE_SITE_USAGE,Brain_Frontal_Cortex_BA9,,
usage_UBERON:0009834 total RNA-seq,-,total RNA-seq,UBERON:0009834,dorsolateral prefrontal cortex,tissue,adult,encode,,,OutputType.SPLICE_SITE_USAGE,,,
usage_UBERON:0009835 gtex Brain_Anterior_cingulate_cortex_BA24 polyA plus RNA-seq,-,polyA plus RNA-seq,UBERON:0009835,anterior cingulate cortex,tissue,adult,gtex,,,OutputType.SPLICE_SITE_USAGE,Brain_Anterior_cingulate_cortex_BA24,,
usage_UBERON:0010414 gtex Adipose_Visceral_Omentum polyA plus RNA-seq,-,polyA plus RNA-seq,UBERON:0010414,omental fat pad,tissue,adult,gtex,,,OutputType.SPLICE_SITE_USAGE,Adipose_Visceral_Omentum,,
usage_UBERON:0010414 total RNA-seq,-,total RNA-seq,UBERON:0010414,omental fat pad,tissue,adult,encode,,,OutputType.SPLICE_SITE_USAGE,,,
usage_UBERON:0011907 gtex Muscle_Skeletal polyA plus RNA-seq,-,polyA plus RNA-seq,UBERON:0011907,gastrocnemius medialis,tissue,adult,gtex,,,OutputType.SPLICE_SITE_USAGE,Muscle_Skeletal,,
usage_UBERON:0011907 total RNA-seq,-,total RNA-seq,UBERON:0011907,gastrocnemius medialis,tissue,adult,encode,,,OutputType.SPLICE_SITE_USAGE,,,
usage_UBERON:0012249 gtex Cervix_Ectocervix polyA plus RNA-seq,-,polyA plus RNA-seq,UBERON:0012249,ectocervix,tissue,adult,gtex,,,OutputType.SPLICE_SITE_USAGE,Cervix_Ectocervix,,
usage_UBERON:0013756 gtex Whole_Blood polyA plus RNA-seq,-,polyA plus RNA-seq,UBERON:0013756,venous blood,tissue,adult,gtex,,,OutputType.SPLICE_SITE_USAGE,Whole_Blood,,
usage_UBERON:0015143 total RNA-seq,-,total RNA-seq,UBERON:0015143,mesenteric fat pad,tissue,adult,encode,,,OutputType.SPLICE_SITE_USAGE,,,
usage_UBERON:0018115 polyA plus RNA-seq,-,polyA plus RNA-seq,UBERON:0018115,left renal pelvis,tissue,embryonic,encode,,,OutputType.SPLICE_SITE_USAGE,,,
usage_UBERON:0018116 polyA plus RNA-seq,-,polyA plus RNA-seq,UBERON:0018116,right renal pelvis,tissue,embryonic,encode,,,OutputType.SPLICE_SITE_USAGE,,,
usage_UBERON:0018117 polyA plus RNA-seq,-,polyA plus RNA-seq,UBERON:0018117,left renal cortex interstitium,tissue,embryonic,encode,,,OutputType.SPLICE_SITE_USAGE,,,
usage_UBERON:0018118 polyA plus RNA-seq,-,polyA plus RNA-seq,UBERON:0018118,right renal cortex interstitium,tissue,embryonic,encode,,,OutputType.SPLICE_SITE_USAGE,,,
usage_UBERON:0036149 gtex Skin_Not_Sun_Exposed_Suprapubic polyA plus RNA-seq,-,polyA plus RNA-seq,UBERON:0036149,suprapubic skin,tissue,adult,gtex,,,OutputType.SPLICE_SITE_USAGE,Skin_Not_Sun_Exposed_Suprapubic,,
usage_UBERON:0036149 total RNA-seq,-,total RNA-seq,UBERON:0036149,suprapubic skin,tissue,adult,encode,,,OutputType.SPLICE_SITE_USAGE,,,
junction_CL:0000047 polyA plus RNA-seq,,,CL:0000047,neuronal stem cell,in_vitro_differentiated_cells,,,,,OutputType.SPLICE_JUNCTIONS,,,
junction_CL:0000062 total RNA-seq,,,CL:0000062,osteoblast,primary_cell,,,,,OutputType.SPLICE_JUNCTIONS,,,
junction_CL:0000084 polyA plus RNA-seq,,,CL:0000084,T-cell,primary_cell,,,,,OutputType.SPLICE_JUNCTIONS,,,
junction_CL:0000084 total RNA-seq,,,CL:0000084,T-cell,primary_cell,,,,,OutputType.SPLICE_JUNCTIONS,,,
junction_CL:0000100 total RNA-seq,,,CL:0000100,motor neuron,in_vitro_differentiated_cells,,,,,OutputType.SPLICE_JUNCTIONS,,,
junction_CL:0000115 total RNA-seq,,,CL:0000115,endothelial cell,in_vitro_differentiated_cells,,,,,OutputType.SPLICE_JUNCTIONS,,,
junction_CL:0000121 polyA plus RNA-seq,,,CL:0000121,Purkinje cell,primary_cell,,,,,OutputType.SPLICE_JUNCTIONS,,,
junction_CL:0000127 total RNA-seq,,,CL:0000127,astrocyte,primary_cell,,,,,OutputType.SPLICE_JUNCTIONS,,,
junction_CL:0000134 polyA plus RNA-seq,,,CL:0000134,mesenchymal stem cell,in_vitro_differentiated_cells,,,,,OutputType.SPLICE_JUNCTIONS,,,
junction_CL:0000137 total RNA-seq,,,CL:0000137,osteocyte,in_vitro_differentiated_cells,,,,,OutputType.SPLICE_JUNCTIONS,,,
junction_CL:0000138 total RNA-seq,,,CL:0000138,chondrocyte,in_vitro_differentiated_cells,,,,,OutputType.SPLICE_JUNCTIONS,,,
junction_CL:0000169 total RNA-seq,,,CL:0000169,type B pancreatic cell,in_vitro_differentiated_cells,,,,,OutputType.SPLICE_JUNCTIONS,,,
junction_CL:0000182 polyA plus RNA-seq,,,CL:0000182,hepatocyte,in_vitro_differentiated_cells,,,,,OutputType.SPLICE_JUNCTIONS,,,
junction_CL:0000182 total RNA-seq,,,CL:0000182,hepatocyte,in_vitro_differentiated_cells,,,,,OutputType.SPLICE_JUNCTIONS,,,
junction_CL:0000187 polyA plus RNA-seq,,,CL:0000187,myocyte,in_vitro_differentiated_cells,,,,,OutputType.SPLICE_JUNCTIONS,,,
junction_CL:0000187 total RNA-seq,,,CL:0000187,myocyte,in_vitro_differentiated_cells,,,,,OutputType.SPLICE_JUNCTIONS,,,
junction_CL:0000192 polyA plus RNA-seq,,,CL:0000192,smooth muscle cell,in_vitro_differentiated_cells,,,,,OutputType.SPLICE_JUNCTIONS,,,
junction_CL:0000192 total RNA-seq,,,CL:0000192,smooth muscle cell,in_vitro_differentiated_cells,,,,,OutputType.SPLICE_JUNCTIONS,,,
junction_CL:0000221 polyA plus RNA-seq,,,CL:0000221,ectodermal cell,in_vitro_differentiated_cells,,,,,OutputType.SPLICE_JUNCTIONS,,,
junction_CL:0000222 polyA plus RNA-seq,,,CL:0000222,mesodermal cell,in_vitro_differentiated_cells,,,,,OutputType.SPLICE_JUNCTIONS,,,
junction_CL:0000223 polyA plus RNA-seq,,,CL:0000223,endodermal cell,in_vitro_differentiated_cells,,,,,OutputType.SPLICE_JUNCTIONS,,,
junction_CL:0000223 total RNA-seq,,,CL:0000223,endodermal cell,in_vitro_differentiated_cells,,,,,OutputType.SPLICE_JUNCTIONS,,,
junction_CL:0000236 polyA plus RNA-seq,,,CL:0000236,B cell,primary_cell,,,,,OutputType.SPLICE_JUNCTIONS,,,
junction_CL:0000236 total RNA-seq,,,CL:0000236,B cell,primary_cell,,,,,OutputType.SPLICE_JUNCTIONS,,,
junction_CL:0000307 total RNA-seq,,,CL:0000307,tracheal epithelial cell,primary_cell,,,,,OutputType.SPLICE_JUNCTIONS,,,
junction_CL:0000312 polyA plus RNA-seq,,,CL:0000312,keratinocyte,primary_cell,,,,,OutputType.SPLICE_JUNCTIONS,,,
junction_CL:0000346 total RNA-seq,,,CL:0000346,hair follicle dermal papilla cell,primary_cell,,,,,OutputType.SPLICE_JUNCTIONS,,,
junction_CL:0000351 polyA plus RNA-seq,,,CL:0000351,trophoblast cell,in_vitro_differentiated_cells,,,,,OutputType.SPLICE_JUNCTIONS,,,
junction_CL:0000515 polyA plus RNA-seq,,,CL:0000515,skeletal muscle myoblast,primary_cell,,,,,OutputType.SPLICE_JUNCTIONS,,,
junction_CL:0000515 total RNA-seq,,,CL:0000515,skeletal muscle myoblast,primary_cell,,,,,OutputType.SPLICE_JUNCTIONS,,,
junction_CL:0000594 total RNA-seq,,,CL:0000594,skeletal muscle satellite cell,primary_cell,,,,,OutputType.SPLICE_JUNCTIONS,,,
junction_CL:0000623 polyA plus RNA-seq,,,CL:0000623,natural killer cell,primary_cell,,,,,OutputType.SPLICE_JUNCTIONS,,,
junction_CL:0000623 total RNA-seq,,,CL:0000623,natural killer cell,primary_cell,,,,,OutputType.SPLICE_JUNCTIONS,,,
junction_CL:0000624 polyA plus RNA-seq,,,CL:0000624,"CD4-positive, alpha-beta T cell",primary_cell,,,,,OutputType.SPLICE_JUNCTIONS,,,
junction_CL:0000624 total RNA-seq,,,CL:0000624,"CD4-positive, alpha-beta T cell",primary_cell,,,,,OutputType.SPLICE_JUNCTIONS,,,
junction_CL:0000625 polyA plus RNA-seq,,,CL:0000625,"CD8-positive, alpha-beta T cell",primary_cell,,,,,OutputType.SPLICE_JUNCTIONS,,,
junction_CL:0000625 total RNA-seq,,,CL:0000625,"CD8-positive, alpha-beta T cell",primary_cell,,,,,OutputType.SPLICE_JUNCTIONS,,,
junction_CL:0000650 total RNA-seq,,,CL:0000650,mesangial cell,primary_cell,,,,,OutputType.SPLICE_JUNCTIONS,,,
junction_CL:0000679 total RNA-seq,,,CL:0000679,glutamatergic neuron,in_vitro_differentiated_cells,,,,,OutputType.SPLICE_JUNCTIONS,,,
junction_CL:0000746 polyA plus RNA-seq,,,CL:0000746,cardiac muscle cell,in_vitro_differentiated_cells,,,,,OutputType.SPLICE_JUNCTIONS,,,
junction_CL:0000746 total RNA-seq,,,CL:0000746,cardiac muscle cell,in_vitro_differentiated_cells,,,,,OutputType.SPLICE_JUNCTIONS,,,
junction_CL:0000788 polyA plus RNA-seq,,,CL:0000788,naive B cell,primary_cell,,,,,OutputType.SPLICE_JUNCTIONS,,,
junction_CL:0000792 polyA plus RNA-seq,,,CL:0000792,"CD4-positive, CD25-positive, alpha-beta regulatory T cell",primary_cell,,,,,OutputType.SPLICE_JUNCTIONS,,,
junction_CL:0000823 polyA plus RNA-seq,,,CL:0000823,immature natural killer cell,primary_cell,,,,,OutputType.SPLICE_JUNCTIONS,,,
junction_CL:0000837 total RNA-seq,,,CL:0000837,hematopoietic multipotent progenitor cell,in_vitro_differentiated_cells,,,,,OutputType.SPLICE_JUNCTIONS,,,
junction_CL:0000842 total RNA-seq,,,CL:0000842,mononuclear cell,primary_cell,,,,,OutputType.SPLICE_JUNCTIONS,,,
junction_CL:0000895 polyA plus RNA-seq,,,CL:0000895,"naive thymus-derived CD4-positive, alpha-beta T cell",primary_cell,,,,,OutputType.SPLICE_JUNCTIONS,,,
junction_CL:0000895 total RNA-seq,,,CL:0000895,"naive thymus-derived CD4-positive, alpha-beta T cell",primary_cell,,,,,OutputType.SPLICE_JUNCTIONS,,,
junction_CL:0000897 polyA plus RNA-seq,,,CL:0000897,"CD4-positive, alpha-beta memory T cell",primary_cell,,,,,OutputType.SPLICE_JUNCTIONS,,,
junction_CL:0000897 total RNA-seq,,,CL:0000897,"CD4-positive, alpha-beta memory T cell",primary_cell,,,,,OutputType.SPLICE_JUNCTIONS,,,
junction_CL:0000900 polyA plus RNA-seq,,,CL:0000900,"naive thymus-derived CD8-positive, alpha-beta T cell",primary_cell,,,,,OutputType.SPLICE_JUNCTIONS,,,
junction_CL:0000900 total RNA-seq,,,CL:0000900,"naive thymus-derived CD8-positive, alpha-beta T cell",primary_cell,,,,,OutputType.SPLICE_JUNCTIONS,,,
junction_CL:0000909 polyA plus RNA-seq,,,CL:0000909,"CD8-positive, alpha-beta memory T cell",primary_cell,,,,,OutputType.SPLICE_JUNCTIONS,,,
junction_CL:0000909 total RNA-seq,,,CL:0000909,"CD8-positive, alpha-beta memory T cell",primary_cell,,,,,OutputType.SPLICE_JUNCTIONS,,,
junction_CL:0001053 polyA plus RNA-seq,,,CL:0001053,IgD-negative memory B cell,primary_cell,,,,,OutputType.SPLICE_JUNCTIONS,,,
junction_CL:0001054 polyA plus RNA-seq,,,CL:0001054,CD14-positive monocyte,primary_cell,,,,,OutputType.SPLICE_JUNCTIONS,,,
junction_CL:0001059 polyA plus RNA-seq,,,CL:0001059,"common myeloid progenitor, CD34-positive",primary_cell,,,,,OutputType.SPLICE_JUNCTIONS,,,
junction_CL:0002098 total RNA-seq,,,CL:0002098,regular cardiac myocyte,primary_cell,,,,,OutputType.SPLICE_JUNCTIONS,,,
junction_CL:0002188 total RNA-seq,,,CL:0002188,glomerular endothelial cell,primary_cell,,,,,OutputType.SPLICE_JUNCTIONS,,,
junction_CL:0002306 total RNA-seq,,,CL:0002306,epithelial cell of proximal tubule,primary_cell,,,,,OutputType.SPLICE_JUNCTIONS,,,
junction_CL:0002319 polyA plus RNA-seq,,,CL:0002319,neural cell,in_vitro_differentiated_cells,,,,,OutputType.SPLICE_JUNCTIONS,,,
junction_CL:0002324 polyA plus RNA-seq,,,CL:0002324,myoepithelial cell of mammary gland,primary_cell,,,,,OutputType.SPLICE_JUNCTIONS,,,
junction_CL:0002326 polyA plus RNA-seq,,,CL:0002326,luminal epithelial cell of mammary gland,primary_cell,,,,,OutputType.SPLICE_JUNCTIONS,,,
junction_CL:0002327 polyA plus RNA-seq,,,CL:0002327,mammary epithelial cell,primary_cell,,,,,OutputType.SPLICE_JUNCTIONS,,,
junction_CL:0002327 total RNA-seq,,,CL:0002327,mammary epithelial cell,primary_cell,,,,,OutputType.SPLICE_JUNCTIONS,,,
junction_CL:0002328 total RNA-seq,,,CL:0002328,bronchial epithelial cell,primary_cell,,,,,OutputType.SPLICE_JUNCTIONS,,,
junction_CL:0002351 total RNA-seq,,,CL:0002351,progenitor cell of endocrine pancreas,in_vitro_differentiated_cells,,,,,OutputType.SPLICE_JUNCTIONS,,,
junction_CL:0002366 total RNA-seq,,,CL:0002366,myometrial cell,primary_cell,,,,,OutputType.SPLICE_JUNCTIONS,,,
junction_CL:0002368 total RNA-seq,,,CL:0002368,airway epithelial cell,primary_cell,,,,,OutputType.SPLICE_JUNCTIONS,,,
junction_CL:0002372 total RNA-seq,,,CL:0002372,myotube,in_vitro_differentiated_cells,,,,,OutputType.SPLICE_JUNCTIONS,,,
junction_CL:0002451 polyA plus RNA-seq,,,CL:0002451,mammary stem cell,primary_cell,,,,,OutputType.SPLICE_JUNCTIONS,,,
junction_CL:0002518 total RNA-seq,,,CL:0002518,kidney epithelial cell,primary_cell,,,,,OutputType.SPLICE_JUNCTIONS,,,
junction_CL:0002539 total RNA-seq,,,CL:0002539,aortic smooth muscle cell,primary_cell,,,,,OutputType.SPLICE_JUNCTIONS,,,
junction_CL:0002540 total RNA-seq,,,CL:0002540,mesenchymal stem cell of the bone marrow,primary_cell,,,,,OutputType.SPLICE_JUNCTIONS,,,
junction_CL:0002543 total RNA-seq,,,CL:0002543,vein endothelial cell,primary_cell,,,,,OutputType.SPLICE_JUNCTIONS,,,
junction_CL:0002545 total RNA-seq,,,CL:0002545,thoracic aorta endothelial cell,primary_cell,,,,,OutputType.SPLICE_JUNCTIONS,,,
junction_CL:0002547 total RNA-seq,,,CL:0002547,fibroblast of the aortic adventitia,primary_cell,,,,,OutputType.SPLICE_JUNCTIONS,,,
junction_CL:0002551 total RNA-seq,,,CL:0002551,fibroblast of dermis,primary_cell,,,,,OutputType.SPLICE_JUNCTIONS,,,
junction_CL:0002553 polyA plus RNA-seq,,,CL:0002553,fibroblast of lung,primary_cell,,,,,OutputType.SPLICE_JUNCTIONS,,,
junction_CL:0002553 total RNA-seq,,,CL:0002553,fibroblast of lung,primary_cell,,,,,OutputType.SPLICE_JUNCTIONS,,,
junction_CL:0002558 total RNA-seq,,,CL:0002558,fibroblast of villous mesenchyme,primary_cell,,,,,OutputType.SPLICE_JUNCTIONS,,,
junction_CL:0002568 total RNA-seq,,,CL:0002568,mesenchymal stem cell of Wharton's jelly,primary_cell,,,,,OutputType.SPLICE_JUNCTIONS,,,
junction_CL:0002570 total RNA-seq,,,CL:0002570,mesenchymal stem cell of adipose,primary_cell,,,,,OutputType.SPLICE_JUNCTIONS,,,
junction_CL:0002577 total RNA-seq,,,CL:0002577,placental epithelial cell,primary_cell,,,,,OutputType.SPLICE_JUNCTIONS,,,
junction_CL:0002583 total RNA-seq,,,CL:0002583,subcutaneous preadipocyte,primary_cell,,,,,OutputType.SPLICE_JUNCTIONS,,,
junction_CL:0002584 total RNA-seq,,,CL:0002584,renal cortical epithelial cell,primary_cell,,,,,OutputType.SPLICE_JUNCTIONS,,,
junction_CL:0002591 total RNA-seq,,,CL:0002591,smooth muscle cell of the pulmonary artery,primary_cell,,,,,OutputType.SPLICE_JUNCTIONS,,,
junction_CL:0002592 total RNA-seq,,,CL:0002592,smooth muscle cell of the coronary artery,primary_cell,,,,,OutputType.SPLICE_JUNCTIONS,,,
junction_CL:0002594 total RNA-seq,,,CL:0002594,smooth muscle cell of the umbilical artery,primary_cell,,,,,OutputType.SPLICE_JUNCTIONS,,,
junction_CL:0002597 total RNA-seq,,,CL:0002597,smooth muscle cell of bladder,primary_cell,,,,,OutputType.SPLICE_JUNCTIONS,,,
junction_CL:0002598 total RNA-seq,,,CL:0002598,bronchial smooth muscle cell,primary_cell,,,,,OutputType.SPLICE_JUNCTIONS,,,
junction_CL:0002600 total RNA-seq,,,CL:0002600,smooth muscle cell of trachea,primary_cell,,,,,OutputType.SPLICE_JUNCTIONS,,,
junction_CL:0002601 total RNA-seq,,,CL:0002601,uterine smooth muscle cell,primary_cell,,,,,OutputType.SPLICE_JUNCTIONS,,,
junction_CL:0002618 polyA plus RNA-seq,,,CL:0002618,endothelial cell of umbilical vein,primary_cell,,,,,OutputType.SPLICE_JUNCTIONS,,,
junction_CL:0002618 total RNA-seq,,,CL:0002618,endothelial cell of umbilical vein,primary_cell,,,,,OutputType.SPLICE_JUNCTIONS,,,
junction_CL:0010002 total RNA-seq,,,CL:0010002,epithelial cell of umbilical artery,primary_cell,,,,,OutputType.SPLICE_JUNCTIONS,,,
junction_CL:0010003 total RNA-seq,,,CL:0010003,epithelial cell of alveolus of lung,primary_cell,,,,,OutputType.SPLICE_JUNCTIONS,,,
junction_CL:0011012 total RNA-seq,,,CL:0011012,neural crest cell,in_vitro_differentiated_cells,,,,,OutputType.SPLICE_JUNCTIONS,,,
junction_CL:0011019 total RNA-seq,,,CL:0011019,mesothelial cell of epicardium,in_vitro_differentiated_cells,,,,,OutputType.SPLICE_JUNCTIONS,,,
junction_CL:0011020 total RNA-seq,,,CL:0011020,neural progenitor cell,in_vitro_differentiated_cells,,,,,OutputType.SPLICE_JUNCTIONS,,,
junction_CL:0011022 polyA plus RNA-seq,,,CL:0011022,fibroblast of skin of back,primary_cell,,,,,OutputType.SPLICE_JUNCTIONS,,,
junction_CL:1000458 total RNA-seq,,,CL:1000458,melanocyte of skin,primary_cell,,,,,OutputType.SPLICE_JUNCTIONS,,,
junction_CL:1001568 total RNA-seq,,,CL:1001568,pulmonary artery endothelial cell,primary_cell,,,,,OutputType.SPLICE_JUNCTIONS,,,
junction_CL:1001606 polyA plus RNA-seq,,,CL:1001606,foreskin keratinocyte,primary_cell,,,,,OutputType.SPLICE_JUNCTIONS,,,
junction_CL:1001606 total RNA-seq,,,CL:1001606,foreskin keratinocyte,primary_cell,,,,,OutputType.SPLICE_JUNCTIONS,,,
junction_CL:1001608 polyA plus RNA-seq,,,CL:1001608,foreskin fibroblast,primary_cell,,,,,OutputType.SPLICE_JUNCTIONS,,,
junction_CL:2000001 polyA plus RNA-seq,,,CL:2000001,peripheral blood mononuclear cell,primary_cell,,,,,OutputType.SPLICE_JUNCTIONS,,,
junction_CL:2000007 total RNA-seq,,,CL:2000007,articular chondrocyte of knee joint,primary_cell,,,,,OutputType.SPLICE_JUNCTIONS,,,
junction_CL:2000010 total RNA-seq,,,CL:2000010,dermis blood vessel endothelial cell,primary_cell,,,,,OutputType.SPLICE_JUNCTIONS,,,
junction_CL:2000011 total RNA-seq,,,CL:2000011,dermis lymphatic vessel endothelial cell,primary_cell,,,,,OutputType.SPLICE_JUNCTIONS,,,
junction_CL:2000013 polyA plus RNA-seq,,,CL:2000013,fibroblast of skin of abdomen,primary_cell,,,,,OutputType.SPLICE_JUNCTIONS,,,
junction_CL:2000016 total RNA-seq,,,CL:2000016,lung microvascular endothelial cell,primary_cell,,,,,OutputType.SPLICE_JUNCTIONS,,,
junction_CL:2000018 total RNA-seq,,,CL:2000018,endothelial cell of coronary artery,primary_cell,,,,,OutputType.SPLICE_JUNCTIONS,,,
junction_CL:2000040 total RNA-seq,,,CL:2000040,bladder microvascular endothelial cell,primary_cell,,,,,OutputType.SPLICE_JUNCTIONS,,,
junction_CL:2000041 total RNA-seq,,,CL:2000041,dermis microvascular lymphatic vessel endothelial cell,primary_cell,,,,,OutputType.SPLICE_JUNCTIONS,,,
junction_CL:2000045 polyA plus RNA-seq,,,CL:2000045,foreskin melanocyte,primary_cell,,,,,OutputType.SPLICE_JUNCTIONS,,,
junction_CL:2000066 total RNA-seq,,,CL:2000066,cardiac ventricle fibroblast,primary_cell,,,,,OutputType.SPLICE_JUNCTIONS,,,
junction_CL:2000067 total RNA-seq,,,CL:2000067,cardiac atrium fibroblast,primary_cell,,,,,OutputType.SPLICE_JUNCTIONS,,,
junction_CL:2000068 total RNA-seq,,,CL:2000068,pericardium fibroblast,primary_cell,,,,,OutputType.SPLICE_JUNCTIONS,,,
junction_CL:2000071 total RNA-seq,,,CL:2000071,mammary microvascular endothelial cell,primary_cell,,,,,OutputType.SPLICE_JUNCTIONS,,,
junction_CL:2000078 total RNA-seq,,,CL:2000078,placental pericyte,primary_cell,,,,,OutputType.SPLICE_JUNCTIONS,,,
junction_CL:2000092 total RNA-seq,,,CL:2000092,hair follicular keratinocyte,primary_cell,,,,,OutputType.SPLICE_JUNCTIONS,,,
junction_CL:2000093 total RNA-seq,,,CL:2000093,bronchus fibroblast of lung,primary_cell,,,,,OutputType.SPLICE_JUNCTIONS,,,
junction_CL:2000094 total RNA-seq,,,CL:2000094,nasal cavity respiratory epithelium epithelial cell of viscerocranial mucosa,primary_cell,,,,,OutputType.SPLICE_JUNCTIONS,,,
junction_CLO:0007045 polyA plus RNA-seq,,,CLO:0007045,"Jurkat, Clone E6-1",cell_line,,,,,OutputType.SPLICE_JUNCTIONS,,,
junction_EFO:0000572 gtex Cells_EBV-transformed_lymphocytes polyA plus RNA-seq,,,EFO:0000572,lymphoblast,tissue,,,,,OutputType.SPLICE_JUNCTIONS,Cells_EBV-transformed_lymphocytes,,
junction_EFO:0001086 polyA plus RNA-seq,,,EFO:0001086,A549,cell_line,,,,,OutputType.SPLICE_JUNCTIONS,,,
junction_EFO:0001099 total RNA-seq,,,EFO:0001099,Caco-2,cell_line,,,,,OutputType.SPLICE_JUNCTIONS,,,
junction_EFO:0001187 polyA plus RNA-seq,,,EFO:0001187,HepG2,cell_line,,,,,OutputType.SPLICE_JUNCTIONS,,,
junction_EFO:0001187 total RNA-seq,,,EFO:0001187,HepG2,cell_line,,,,,OutputType.SPLICE_JUNCTIONS,,,
junction_EFO:0001193 total RNA-seq,,,EFO:0001193,HT-29,cell_line,,,,,OutputType.SPLICE_JUNCTIONS,,,
junction_EFO:0001196 polyA plus RNA-seq,,,EFO:0001196,IMR-90,cell_line,,,,,OutputType.SPLICE_JUNCTIONS,,,
junction_EFO:0001196 total RNA-seq,,,EFO:0001196,IMR-90,cell_line,,,,,OutputType.SPLICE_JUNCTIONS,,,
junction_EFO:0001200 total RNA-seq,,,EFO:0001200,MCF 10A,cell_line,,,,,OutputType.SPLICE_JUNCTIONS,,,
junction_EFO:0001203 polyA plus RNA-seq,,,EFO:0001203,MCF-7,cell_line,,,,,OutputType.SPLICE_JUNCTIONS,,,
junction_EFO:0001203 total RNA-seq,,,EFO:0001203,MCF-7,cell_line,,,,,OutputType.SPLICE_JUNCTIONS,,,
junction_EFO:0002009 gtex Cells_Cultured_fibroblasts polyA plus RNA-seq,,,EFO:0002009,fibroblast derived cell line,tissue,,,,,OutputType.SPLICE_JUNCTIONS,Cells_Cultured_fibroblasts,,
junction_EFO:0002059 polyA plus RNA-seq,,,EFO:0002059,HT1080,cell_line,,,,,OutputType.SPLICE_JUNCTIONS,,,
junction_EFO:0002059 total RNA-seq,,,EFO:0002059,HT1080,cell_line,,,,,OutputType.SPLICE_JUNCTIONS,,,
junction_EFO:0002067 polyA plus RNA-seq,,,EFO:0002067,K562,cell_line,,,,,OutputType.SPLICE_JUNCTIONS,,,
junction_EFO:0002067 total RNA-seq,,,EFO:0002067,K562,cell_line,,,,,OutputType.SPLICE_JUNCTIONS,,,
junction_EFO:0002074 total RNA-seq,,,EFO:0002074,PC-3,cell_line,,,,,OutputType.SPLICE_JUNCTIONS,,,
junction_EFO:0002101 total RNA-seq,,,EFO:0002101,A172,cell_line,,,,,OutputType.SPLICE_JUNCTIONS,,,
junction_EFO:0002103 total RNA-seq,,,EFO:0002103,A375,cell_line,,,,,OutputType.SPLICE_JUNCTIONS,,,
junction_EFO:0002106 total RNA-seq,,,EFO:0002106,A673,cell_line,,,,,OutputType.SPLICE_JUNCTIONS,,,
junction_EFO:0002150 total RNA-seq,,,EFO:0002150,Caki2,cell_line,,,,,OutputType.SPLICE_JUNCTIONS,,,
junction_EFO:0002179 total RNA-seq,,,EFO:0002179,G401,cell_line,,,,,OutputType.SPLICE_JUNCTIONS,,,
junction_EFO:0002184 total RNA-seq,,,EFO:0002184,H4,cell_line,,,,,OutputType.SPLICE_JUNCTIONS,,,
junction_EFO:0002234 total RNA-seq,,,EFO:0002234,MG63,cell_line,,,,,OutputType.SPLICE_JUNCTIONS,,,
junction_EFO:0002330 total RNA-seq,,,EFO:0002330,SJSA1,cell_line,,,,,OutputType.SPLICE_JUNCTIONS,,,
junction_EFO:0002713 polyA plus RNA-seq,,,EFO:0002713,Panc1,cell_line,,,,,OutputType.SPLICE_JUNCTIONS,,,
junction_EFO:0002713 total RNA-seq,,,EFO:0002713,Panc1,cell_line,,,,,OutputType.SPLICE_JUNCTIONS,,,
junction_EFO:0002779 polyA plus RNA-seq,,,EFO:0002779,BJ,cell_line,,,,,OutputType.SPLICE_JUNCTIONS,,,
junction_EFO:0002784 polyA plus RNA-seq,,,EFO:0002784,GM12878,cell_line,,,,,OutputType.SPLICE_JUNCTIONS,,,
junction_EFO:0002784 total RNA-seq,,,EFO:0002784,GM12878,cell_line,,,,,OutputType.SPLICE_JUNCTIONS,,,
junction_EFO:0002785 polyA plus RNA-seq,,,EFO:0002785,GM12891,cell_line,,,,,OutputType.SPLICE_JUNCTIONS,,,
junction_EFO:0002786 polyA plus RNA-seq,,,EFO:0002786,GM12892,cell_line,,,,,OutputType.SPLICE_JUNCTIONS,,,
junction_EFO:0002791 polyA plus RNA-seq,,,EFO:0002791,HeLa-S3,cell_line,,,,,OutputType.SPLICE_JUNCTIONS,,,
junction_EFO:0002819 total RNA-seq,,,EFO:0002819,Calu3,cell_line,,,,,OutputType.SPLICE_JUNCTIONS,,,
junction_EFO:0002824 polyA plus RNA-seq,,,EFO:0002824,HCT116,cell_line,,,,,OutputType.SPLICE_JUNCTIONS,,,
junction_EFO:0002824 total RNA-seq,,,EFO:0002824,HCT116,cell_line,,,,,OutputType.SPLICE_JUNCTIONS,,,
junction_EFO:0002847 total RNA-seq,,,EFO:0002847,PC-9,cell_line,,,,,OutputType.SPLICE_JUNCTIONS,,,
junction_EFO:0003042 polyA plus RNA-seq,,,EFO:0003042,H1,cell_line,,,,,OutputType.SPLICE_JUNCTIONS,,,
junction_EFO:0003042 total RNA-seq,,,EFO:0003042,H1,cell_line,,,,,OutputType.SPLICE_JUNCTIONS,,,
junction_EFO:0003044 polyA plus RNA-seq,,,EFO:0003044,NCI-H460,cell_line,,,,,OutputType.SPLICE_JUNCTIONS,,,
junction_EFO:0003044 total RNA-seq,,,EFO:0003044,NCI-H460,cell_line,,,,,OutputType.SPLICE_JUNCTIONS,,,
junction_EFO:0003045 total RNA-seq,,,EFO:0003045,H9,cell_line,,,,,OutputType.SPLICE_JUNCTIONS,,,
junction_EFO:0003072 polyA plus RNA-seq,,,EFO:0003072,SK-N-SH,cell_line,,,,,OutputType.SPLICE_JUNCTIONS,,,
junction_EFO:0005234 polyA plus RNA-seq,,,EFO:0005234,PFSK-1,cell_line,,,,,OutputType.SPLICE_JUNCTIONS,,,
junction_EFO:0005237 polyA plus RNA-seq,,,EFO:0005237,U-87 MG,cell_line,,,,,OutputType.SPLICE_JUNCTIONS,,,
junction_EFO:0005697 total RNA-seq,,,EFO:0005697,M059J,cell_line,,,,,OutputType.SPLICE_JUNCTIONS,,,
junction_EFO:0005698 total RNA-seq,,,EFO:0005698,Daoy,cell_line,,,,,OutputType.SPLICE_JUNCTIONS,,,
junction_EFO:0005712 total RNA-seq,,,EFO:0005712,RPMI7951,cell_line,,,,,OutputType.SPLICE_JUNCTIONS,,,
junction_EFO:0005714 polyA plus RNA-seq,,,EFO:0005714,LHCN-M2,cell_line,,,,,OutputType.SPLICE_JUNCTIONS,,,
junction_EFO:0005714 total RNA-seq,,,EFO:0005714,LHCN-M2,cell_line,,,,,OutputType.SPLICE_JUNCTIONS,,,
junction_EFO:0005719 total RNA-seq,,,EFO:0005719,Karpas-422,cell_line,,,,,OutputType.SPLICE_JUNCTIONS,,,
junction_EFO:0005720 polyA plus RNA-seq,,,EFO:0005720,SK-MEL-5,cell_line,,,,,OutputType.SPLICE_JUNCTIONS,,,
junction_EFO:0005720 total RNA-seq,,,EFO:0005720,SK-MEL-5,cell_line,,,,,OutputType.SPLICE_JUNCTIONS,,,
junction_EFO:0005721 polyA plus RNA-seq,,,EFO:0005721,SK-N-DZ,cell_line,,,,,OutputType.SPLICE_JUNCTIONS,,,
junction_EFO:0005722 total RNA-seq,,,EFO:0005722,SJCRH30,cell_line,,,,,OutputType.SPLICE_JUNCTIONS,,,
junction_EFO:0005723 polyA plus RNA-seq,,,EFO:0005723,GM23248,cell_line,,,,,OutputType.SPLICE_JUNCTIONS,,,
junction_EFO:0005723 total RNA-seq,,,EFO:0005723,GM23248,cell_line,,,,,OutputType.SPLICE_JUNCTIONS,,,
junction_EFO:0005725 polyA plus RNA-seq,,,EFO:0005725,BE2C,cell_line,,,,,OutputType.SPLICE_JUNCTIONS,,,
junction_EFO:0005904 total RNA-seq,,,EFO:0005904,H7,cell_line,,,,,OutputType.SPLICE_JUNCTIONS,,,
junction_EFO:0006270 polyA plus RNA-seq,,,EFO:0006270,AG04450,cell_line,,,,,OutputType.SPLICE_JUNCTIONS,,,
junction_EFO:0006711 total RNA-seq,,,EFO:0006711,OCI-LY7,cell_line,,,,,OutputType.SPLICE_JUNCTIONS,,,
junction_EFO:0007089 polyA plus RNA-seq,,,EFO:0007089,HUES64,cell_line,,,,,OutputType.SPLICE_JUNCTIONS,,,
junction_EFO:0007950 polyA plus RNA-seq,,,EFO:0007950,GM23338,cell_line,,,,,OutputType.SPLICE_JUNCTIONS,,,
junction_EFO:0007950 total RNA-seq,,,EFO:0007950,GM23338,cell_line,,,,,OutputType.SPLICE_JUNCTIONS,,,
junction_EFO:0009318 total RNA-seq,,,EFO:0009318,HFFc6,cell_line,,,,,OutputType.SPLICE_JUNCTIONS,,,
junction_EFO:0009747 total RNA-seq,,,EFO:0009747,WTC11,cell_line,,,,,OutputType.SPLICE_JUNCTIONS,,,
junction_EFO:0030018 polyA plus RNA-seq,,,EFO:0030018,BLaER1,cell_line,,,,,OutputType.SPLICE_JUNCTIONS,,,
junction_NTR:0000427 polyA plus RNA-seq,,,NTR:0000427,neurosphere,primary_cell,,,,,OutputType.SPLICE_JUNCTIONS,,,
junction_NTR:0000491 total RNA-seq,,,NTR:0000491,Right ventricle myocardium inferior,tissue,,,,,OutputType.SPLICE_JUNCTIONS,,,
junction_NTR:0000492 total RNA-seq,,,NTR:0000492,Right ventricle myocardium superior,tissue,,,,,OutputType.SPLICE_JUNCTIONS,,,
junction_NTR:0000493 total RNA-seq,,,NTR:0000493,left ventricle myocardium inferior,tissue,,,,,OutputType.SPLICE_JUNCTIONS,,,
junction_NTR:0000494 total RNA-seq,,,NTR:0000494,left ventricle myocardium superior,tissue,,,,,OutputType.SPLICE_JUNCTIONS,,,
junction_NTR:0000524 polyA plus RNA-seq,,,NTR:0000524,fibroblast of skin of scalp,primary_cell,,,,,OutputType.SPLICE_JUNCTIONS,,,
junction_NTR:0000856 polyA plus RNA-seq,,,NTR:0000856,mesendoderm,in_vitro_differentiated_cells,,,,,OutputType.SPLICE_JUNCTIONS,,,
junction_NTR:0003013 polyA plus RNA-seq,,,NTR:0003013,placental basal plate,tissue,,,,,OutputType.SPLICE_JUNCTIONS,,,
junction_UBERON:0000007 gtex Pituitary polyA plus RNA-seq,,,UBERON:0000007,pituitary gland,tissue,,,,,OutputType.SPLICE_JUNCTIONS,Pituitary,,
junction_UBERON:0000016 polyA plus RNA-seq,,,UBERON:0000016,endocrine pancreas,tissue,,,,,OutputType.SPLICE_JUNCTIONS,,,
junction_UBERON:0000019 total RNA-seq,,,UBERON:0000019,camera-type eye,tissue,,,,,OutputType.SPLICE_JUNCTIONS,,,
junction_UBERON:0000056 total RNA-seq,,,UBERON:0000056,ureter,tissue,,,,,OutputType.SPLICE_JUNCTIONS,,,
junction_UBERON:0000081 total RNA-seq,,,UBERON:0000081,metanephros,tissue,,,,,OutputType.SPLICE_JUNCTIONS,,,
junction_UBERON:0000088 polyA plus RNA-seq,,,UBERON:0000088,trophoblast,tissue,,,,,OutputType.SPLICE_JUNCTIONS,,,
junction_UBERON:0000305 polyA plus RNA-seq,,,UBERON:0000305,amnion,tissue,,,,,OutputType.SPLICE_JUNCTIONS,,,
junction_UBERON:0000317 total RNA-seq,,,UBERON:0000317,colonic mucosa,tissue,,,,,OutputType.SPLICE_JUNCTIONS,,,
junction_UBERON:0000458 gtex Cervix_Endocervix polyA plus RNA-seq,,,UBERON:0000458,endocervix,tissue,,,,,OutputType.SPLICE_JUNCTIONS,Cervix_Endocervix,,
junction_UBERON:0000473 gtex Testis polyA plus RNA-seq,,,UBERON:0000473,testis,tissue,,,,,OutputType.SPLICE_JUNCTIONS,Testis,,
junction_UBERON:0000473 polyA plus RNA-seq,,,UBERON:0000473,testis,tissue,,,,,OutputType.SPLICE_JUNCTIONS,,,
junction_UBERON:0000473 total RNA-seq,,,UBERON:0000473,testis,tissue,,,,,OutputType.SPLICE_JUNCTIONS,,,
junction_UBERON:0000945 gtex Stomach polyA plus RNA-seq,,,UBERON:0000945,stomach,tissue,,,,,OutputType.SPLICE_JUNCTIONS,Stomach,,
junction_UBERON:0000945 polyA plus RNA-seq,,,UBERON:0000945,stomach,tissue,,,,,OutputType.SPLICE_JUNCTIONS,,,
junction_UBERON:0000945 total RNA-seq,,,UBERON:0000945,stomach,tissue,,,,,OutputType.SPLICE_JUNCTIONS,,,
junction_UBERON:0000947 polyA plus RNA-seq,,,UBERON:0000947,aorta,tissue,,,,,OutputType.SPLICE_JUNCTIONS,,,
junction_UBERON:0000947 total RNA-seq,,,UBERON:0000947,aorta,tissue,,,,,OutputType.SPLICE_JUNCTIONS,,,
junction_UBERON:0000948 polyA plus RNA-seq,,,UBERON:0000948,heart,tissue,,,,,OutputType.SPLICE_JUNCTIONS,,,
junction_UBERON:0000948 total RNA-seq,,,UBERON:0000948,heart,tissue,,,,,OutputType.SPLICE_JUNCTIONS,,,
junction_UBERON:0000955 polyA plus RNA-seq,,,UBERON:0000955,brain,tissue,,,,,OutputType.SPLICE_JUNCTIONS,,,
junction_UBERON:0000992 gtex Ovary polyA plus RNA-seq,,,UBERON:0000992,ovary,tissue,,,,,OutputType.SPLICE_JUNCTIONS,Ovary,,
junction_UBERON:0000992 polyA plus RNA-seq,,,UBERON:0000992,ovary,tissue,,,,,OutputType.SPLICE_JUNCTIONS,,,
junction_UBERON:0000992 total RNA-seq,,,UBERON:0000992,ovary,tissue,,,,,OutputType.SPLICE_JUNCTIONS,,,
junction_UBERON:0000995 gtex Uterus polyA plus RNA-seq,,,UBERON:0000995,uterus,tissue,,,,,OutputType.SPLICE_JUNCTIONS,Uterus,,
junction_UBERON:0000995 total RNA-seq,,,UBERON:0000995,uterus,tissue,,,,,OutputType.SPLICE_JUNCTIONS,,,
junction_UBERON:0000996 gtex Vagina polyA plus RNA-seq,,,UBERON:0000996,vagina,tissue,,,,,OutputType.SPLICE_JUNCTIONS,Vagina,,
junction_UBERON:0000996 total RNA-seq,,,UBERON:0000996,vagina,tissue,,,,,OutputType.SPLICE_JUNCTIONS,,,
junction_UBERON:0001013 polyA plus RNA-seq,,,UBERON:0001013,adipose tissue,tissue,,,,,OutputType.SPLICE_JUNCTIONS,,,
junction_UBERON:0001043 polyA plus RNA-seq,,,UBERON:0001043,esophagus,tissue,,,,,OutputType.SPLICE_JUNCTIONS,,,
junction_UBERON:0001072 total RNA-seq,,,UBERON:0001072,posterior vena cava,tissue,,,,,OutputType.SPLICE_JUNCTIONS,,,
junction_UBERON:0001114 gtex Liver polyA plus RNA-seq,,,UBERON:0001114,right lobe of liver,tissue,,,,,OutputType.SPLICE_JUNCTIONS,Liver,,
junction_UBERON:0001114 total RNA-seq,,,UBERON:0001114,right lobe of liver,tissue,,,,,OutputType.SPLICE_JUNCTIONS,,,
junction_UBERON:0001115 total RNA-seq,,,UBERON:0001115,left lobe of liver,tissue,,,,,OutputType.SPLICE_JUNCTIONS,,,
junction_UBERON:0001134 total RNA-seq,,,UBERON:0001134,skeletal muscle tissue,tissue,,,,,OutputType.SPLICE_JUNCTIONS,,,
junction_UBERON:0001150 gtex Pancreas polyA plus RNA-seq,,,UBERON:0001150,body of pancreas,tissue,,,,,OutputType.SPLICE_JUNCTIONS,Pancreas,,
junction_UBERON:0001150 total RNA-seq,,,UBERON:0001150,body of pancreas,tissue,,,,,OutputType.SPLICE_JUNCTIONS,,,
junction_UBERON:0001157 gtex Colon_Transverse polyA plus RNA-seq,,,UBERON:0001157,transverse colon,tissue,,,,,OutputType.SPLICE_JUNCTIONS,Colon_Transverse,,
junction_UBERON:0001157 total RNA-seq,,,UBERON:0001157,transverse colon,tissue,,,,,OutputType.SPLICE_JUNCTIONS,,,
junction_UBERON:0001159 gtex Colon_Sigmoid polyA plus RNA-seq,,,UBERON:0001159,sigmoid colon,tissue,,,,,OutputType.SPLICE_JUNCTIONS,Colon_Sigmoid,,
junction_UBERON:0001159 polyA plus RNA-seq,,,UBERON:0001159,sigmoid colon,tissue,,,,,OutputType.SPLICE_JUNCTIONS,,,
junction_UBERON:0001159 total RNA-seq,,,UBERON:0001159,sigmoid colon,tissue,,,,,OutputType.SPLICE_JUNCTIONS,,,
junction_UBERON:0001211 gtex Small_Intestine_Terminal_Ileum polyA plus RNA-seq,,,UBERON:0001211,Peyer's patch,tissue,,,,,OutputType.SPLICE_JUNCTIONS,Small_Intestine_Terminal_Ileum,,
junction_UBERON:0001211 total RNA-seq,,,UBERON:0001211,Peyer's patch,tissue,,,,,OutputType.SPLICE_JUNCTIONS,,,
junction_UBERON:0001224 polyA plus RNA-seq,,,UBERON:0001224,renal pelvis,tissue,,,,,OutputType.SPLICE_JUNCTIONS,,,
junction_UBERON:0001225 gtex Kidney_Cortex polyA plus RNA-seq,,,UBERON:0001225,cortex of kidney,tissue,,,,,OutputType.SPLICE_JUNCTIONS,Kidney_Cortex,,
junction_UBERON:0001255 gtex Bladder polyA plus RNA-seq,,,UBERON:0001255,urinary bladder,tissue,,,,,OutputType.SPLICE_JUNCTIONS,Bladder,,
junction_UBERON:0001255 polyA plus RNA-seq,,,UBERON:0001255,urinary bladder,tissue,,,,,OutputType.SPLICE_JUNCTIONS,,,
junction_UBERON:0001255 total RNA-seq,,,UBERON:0001255,urinary bladder,tissue,,,,,OutputType.SPLICE_JUNCTIONS,,,
junction_UBERON:0001264 polyA plus RNA-seq,,,UBERON:0001264,pancreas,tissue,,,,,OutputType.SPLICE_JUNCTIONS,,,
junction_UBERON:0001264 total RNA-seq,,,UBERON:0001264,pancreas,tissue,,,,,OutputType.SPLICE_JUNCTIONS,,,
junction_UBERON:0001293 gtex Kidney_Medulla polyA plus RNA-seq,,,UBERON:0001293,outer medulla of kidney,tissue,,,,,OutputType.SPLICE_JUNCTIONS,Kidney_Medulla,,
junction_UBERON:0001322 total RNA-seq,,,UBERON:0001322,sciatic nerve,tissue,,,,,OutputType.SPLICE_JUNCTIONS,,,
junction_UBERON:0001323 gtex Nerve_Tibial polyA plus RNA-seq,,,UBERON:0001323,tibial nerve,tissue,,,,,OutputType.SPLICE_JUNCTIONS,Nerve_Tibial,,
junction_UBERON:0001323 total RNA-seq,,,UBERON:0001323,tibial nerve,tissue,,,,,OutputType.SPLICE_JUNCTIONS,,,
junction_UBERON:0001383 polyA plus RNA-seq,,,UBERON:0001383,muscle of leg,tissue,,,,,OutputType.SPLICE_JUNCTIONS,,,
junction_UBERON:0001496 gtex Artery_Aorta polyA plus RNA-seq,,,UBERON:0001496,ascending aorta,tissue,,,,,OutputType.SPLICE_JUNCTIONS,Artery_Aorta,,
junction_UBERON:0001496 total RNA-seq,,,UBERON:0001496,ascending aorta,tissue,,,,,OutputType.SPLICE_JUNCTIONS,,,
junction_UBERON:0001499 polyA plus RNA-seq,,,UBERON:0001499,muscle of arm,tissue,,,,,OutputType.SPLICE_JUNCTIONS,,,
junction_UBERON:0001515 total RNA-seq,,,UBERON:0001515,thoracic aorta,tissue,,,,,OutputType.SPLICE_JUNCTIONS,,,
junction_UBERON:0001621 gtex Artery_Coronary polyA plus RNA-seq,,,UBERON:0001621,coronary artery,tissue,,,,,OutputType.SPLICE_JUNCTIONS,Artery_Coronary,,
junction_UBERON:0001723 total RNA-seq,,,UBERON:0001723,tongue,tissue,,,,,OutputType.SPLICE_JUNCTIONS,,,
junction_UBERON:0001774 polyA plus RNA-seq,,,UBERON:0001774,muscle of trunk,tissue,,,,,OutputType.SPLICE_JUNCTIONS,,,
junction_UBERON:0001870 gtex Brain_Cortex polyA plus RNA-seq,,,UBERON:0001870,frontal cortex,tissue,,,,,OutputType.SPLICE_JUNCTIONS,Brain_Cortex,,
junction_UBERON:0001870 total RNA-seq,,,UBERON:0001870,frontal cortex,tissue,,,,,OutputType.SPLICE_JUNCTIONS,,,
junction_UBERON:0001871 total RNA-seq,,,UBERON:0001871,temporal lobe,tissue,,,,,OutputType.SPLICE_JUNCTIONS,,,
junction_UBERON:0001872 total RNA-seq,,,UBERON:0001872,parietal lobe,tissue,,,,,OutputType.SPLICE_JUNCTIONS,,,
junction_UBERON:0001873 gtex Brain_Caudate_basal_ganglia polyA plus RNA-seq,,,UBERON:0001873,caudate nucleus,tissue,,,,,OutputType.SPLICE_JUNCTIONS,Brain_Caudate_basal_ganglia,,
junction_UBERON:0001874 gtex Brain_Putamen_basal_ganglia polyA plus RNA-seq,,,UBERON:0001874,putamen,tissue,,,,,OutputType.SPLICE_JUNCTIONS,Brain_Putamen_basal_ganglia,,
junction_UBERON:0001876 gtex Brain_Amygdala polyA plus RNA-seq,,,UBERON:0001876,amygdala,tissue,,,,,OutputType.SPLICE_JUNCTIONS,Brain_Amygdala,,
junction_UBERON:0001882 gtex Brain_Nucleus_accumbens_basal_ganglia polyA plus RNA-seq,,,UBERON:0001882,nucleus accumbens,tissue,,,,,OutputType.SPLICE_JUNCTIONS,Brain_Nucleus_accumbens_basal_ganglia,,
junction_UBERON:0001894 total RNA-seq,,,UBERON:0001894,diencephalon,tissue,,,,,OutputType.SPLICE_JUNCTIONS,,,
junction_UBERON:0001898 gtex Brain_Hypothalamus polyA plus RNA-seq,,,UBERON:0001898,hypothalamus,tissue,,,,,OutputType.SPLICE_JUNCTIONS,Brain_Hypothalamus,,
junction_UBERON:0001954 gtex Brain_Hippocampus polyA plus RNA-seq,,,UBERON:0001954,Ammon's horn,tissue,,,,,OutputType.SPLICE_JUNCTIONS,Brain_Hippocampus,,
junction_UBERON:0001987 polyA plus RNA-seq,,,UBERON:0001987,placenta,tissue,,,,,OutputType.SPLICE_JUNCTIONS,,,
junction_UBERON:0001987 total RNA-seq,,,UBERON:0001987,placenta,tissue,,,,,OutputType.SPLICE_JUNCTIONS,,,
junction_UBERON:0002021 total RNA-seq,,,UBERON:0002021,occipital lobe,tissue,,,,,OutputType.SPLICE_JUNCTIONS,,,
junction_UBERON:0002037 gtex Brain_Cerebellum polyA plus RNA-seq,,,UBERON:0002037,cerebellum,tissue,,,,,OutputType.SPLICE_JUNCTIONS,Brain_Cerebellum,,
junction_UBERON:0002037 polyA plus RNA-seq,,,UBERON:0002037,cerebellum,tissue,,,,,OutputType.SPLICE_JUNCTIONS,,,
junction_UBERON:0002037 total RNA-seq,,,UBERON:0002037,cerebellum,tissue,,,,,OutputType.SPLICE_JUNCTIONS,,,
junction_UBERON:0002038 gtex Brain_Substantia_nigra polyA plus RNA-seq,,,UBERON:0002038,substantia nigra,tissue,,,,,OutputType.SPLICE_JUNCTIONS,Brain_Substantia_nigra,,
junction_UBERON:0002046 gtex Thyroid polyA plus RNA-seq,,,UBERON:0002046,thyroid gland,tissue,,,,,OutputType.SPLICE_JUNCTIONS,Thyroid,,
junction_UBERON:0002046 total RNA-seq,,,UBERON:0002046,thyroid gland,tissue,,,,,OutputType.SPLICE_JUNCTIONS,,,
junction_UBERON:0002048 polyA plus RNA-seq,,,UBERON:0002048,lung,tissue,,,,,OutputType.SPLICE_JUNCTIONS,,,
junction_UBERON:0002048 total RNA-seq,,,UBERON:0002048,lung,tissue,,,,,OutputType.SPLICE_JUNCTIONS,,,
junction_UBERON:0002078 polyA plus RNA-seq,,,UBERON:0002078,right cardiac atrium,tissue,,,,,OutputType.SPLICE_JUNCTIONS,,,
junction_UBERON:0002078 total RNA-seq,,,UBERON:0002078,right cardiac atrium,tissue,,,,,OutputType.SPLICE_JUNCTIONS,,,
junction_UBERON:0002079 total RNA-seq,,,UBERON:0002079,left cardiac atrium,tissue,,,,,OutputType.SPLICE_JUNCTIONS,,,
junction_UBERON:0002080 polyA plus RNA-seq,,,UBERON:0002080,heart right ventricle,tissue,,,,,OutputType.SPLICE_JUNCTIONS,,,
junction_UBERON:0002080 total RNA-seq,,,UBERON:0002080,heart right ventricle,tissue,,,,,OutputType.SPLICE_JUNCTIONS,,,
junction_UBERON:0002084 polyA plus RNA-seq,,,UBERON:0002084,heart left ventricle,tissue,,,,,OutputType.SPLICE_JUNCTIONS,,,
junction_UBERON:0002084 total RNA-seq,,,UBERON:0002084,heart left ventricle,tissue,,,,,OutputType.SPLICE_JUNCTIONS,,,
junction_UBERON:0002097 total RNA-seq,,,UBERON:0002097,skin of body,tissue,,,,,OutputType.SPLICE_JUNCTIONS,,,
junction_UBERON:0002099 total RNA-seq,,,UBERON:0002099,cardiac septum,tissue,,,,,OutputType.SPLICE_JUNCTIONS,,,
junction_UBERON:0002106 gtex Spleen polyA plus RNA-seq,,,UBERON:0002106,spleen,tissue,,,,,OutputType.SPLICE_JUNCTIONS,Spleen,,
junction_UBERON:0002106 polyA plus RNA-seq,,,UBERON:0002106,spleen,tissue,,,,,OutputType.SPLICE_JUNCTIONS,,,
junction_UBERON:0002106 total RNA-seq,,,UBERON:0002106,spleen,tissue,,,,,OutputType.SPLICE_JUNCTIONS,,,
junction_UBERON:0002107 polyA plus RNA-seq,,,UBERON:0002107,liver,tissue,,,,,OutputType.SPLICE_JUNCTIONS,,,
junction_UBERON:0002107 total RNA-seq,,,UBERON:0002107,liver,tissue,,,,,OutputType.SPLICE_JUNCTIONS,,,
junction_UBERON:0002108 polyA plus RNA-seq,,,UBERON:0002108,small intestine,tissue,,,,,OutputType.SPLICE_JUNCTIONS,,,
junction_UBERON:0002113 polyA plus RNA-seq,,,UBERON:0002113,kidney,tissue,,,,,OutputType.SPLICE_JUNCTIONS,,,
junction_UBERON:0002113 total RNA-seq,,,UBERON:0002113,kidney,tissue,,,,,OutputType.SPLICE_JUNCTIONS,,,
junction_UBERON:0002167 polyA plus RNA-seq,,,UBERON:0002167,right lung,tissue,,,,,OutputType.SPLICE_JUNCTIONS,,,
junction_UBERON:0002168 polyA plus RNA-seq,,,UBERON:0002168,left lung,tissue,,,,,OutputType.SPLICE_JUNCTIONS,,,
junction_UBERON:0002168 total RNA-seq,,,UBERON:0002168,left lung,tissue,,,,,OutputType.SPLICE_JUNCTIONS,,,
junction_UBERON:0002170 total RNA-seq,,,UBERON:0002170,upper lobe of right lung,tissue,,,,,OutputType.SPLICE_JUNCTIONS,,,
junction_UBERON:0002171 total RNA-seq,,,UBERON:0002171,lower lobe of right lung,tissue,,,,,OutputType.SPLICE_JUNCTIONS,,,
junction_UBERON:0002190 gtex Adipose_Subcutaneous polyA plus RNA-seq,,,UBERON:0002190,subcutaneous adipose tissue,tissue,,,,,OutputType.SPLICE_JUNCTIONS,Adipose_Subcutaneous,,
junction_UBERON:0002190 total RNA-seq,,,UBERON:0002190,subcutaneous adipose tissue,tissue,,,,,OutputType.SPLICE_JUNCTIONS,,,
junction_UBERON:0002240 polyA plus RNA-seq,,,UBERON:0002240,spinal cord,tissue,,,,,OutputType.SPLICE_JUNCTIONS,,,
junction_UBERON:0002240 total RNA-seq,,,UBERON:0002240,spinal cord,tissue,,,,,OutputType.SPLICE_JUNCTIONS,,,
junction_UBERON:0002245 gtex Brain_Cerebellar_Hemisphere polyA plus RNA-seq,,,UBERON:0002245,cerebellar hemisphere,tissue,,,,,OutputType.SPLICE_JUNCTIONS,Brain_Cerebellar_Hemisphere,,
junction_UBERON:0002324 polyA plus RNA-seq,,,UBERON:0002324,muscle of back,tissue,,,,,OutputType.SPLICE_JUNCTIONS,,,
junction_UBERON:0002331 total RNA-seq,,,UBERON:0002331,umbilical cord,tissue,,,,,OutputType.SPLICE_JUNCTIONS,,,
junction_UBERON:0002367 gtex Prostate polyA plus RNA-seq,,,UBERON:0002367,prostate gland,tissue,,,,,OutputType.SPLICE_JUNCTIONS,Prostate,,
junction_UBERON:0002367 total RNA-seq,,,UBERON:0002367,prostate gland,tissue,,,,,OutputType.SPLICE_JUNCTIONS,,,
junction_UBERON:0002369 gtex Adrenal_Gland polyA plus RNA-seq,,,UBERON:0002369,adrenal gland,tissue,,,,,OutputType.SPLICE_JUNCTIONS,Adrenal_Gland,,
junction_UBERON:0002369 polyA plus RNA-seq,,,UBERON:0002369,adrenal gland,tissue,,,,,OutputType.SPLICE_JUNCTIONS,,,
junction_UBERON:0002369 total RNA-seq,,,UBERON:0002369,adrenal gland,tissue,,,,,OutputType.SPLICE_JUNCTIONS,,,
junction_UBERON:0002370 polyA plus RNA-seq,,,UBERON:0002370,thymus,tissue,,,,,OutputType.SPLICE_JUNCTIONS,,,
junction_UBERON:0002469 total RNA-seq,,,UBERON:0002469,esophagus mucosa,tissue,,,,,OutputType.SPLICE_JUNCTIONS,,,
junction_UBERON:0003124 polyA plus RNA-seq,,,UBERON:0003124,chorion,tissue,,,,,OutputType.SPLICE_JUNCTIONS,,,
junction_UBERON:0003662 polyA plus RNA-seq,,,UBERON:0003662,forelimb muscle,tissue,,,,,OutputType.SPLICE_JUNCTIONS,,,
junction_UBERON:0003663 polyA plus RNA-seq,,,UBERON:0003663,hindlimb muscle,tissue,,,,,OutputType.SPLICE_JUNCTIONS,,,
junction_UBERON:0003889 gtex Fallopian_Tube polyA plus RNA-seq,,,UBERON:0003889,fallopian tube,tissue,,,,,OutputType.SPLICE_JUNCTIONS,Fallopian_Tube,,
junction_UBERON:0004264 gtex Skin_Sun_Exposed_Lower_leg polyA plus RNA-seq,,,UBERON:0004264,lower leg skin,tissue,,,,,OutputType.SPLICE_JUNCTIONS,Skin_Sun_Exposed_Lower_leg,,
junction_UBERON:0004264 total RNA-seq,,,UBERON:0004264,lower leg skin,tissue,,,,,OutputType.SPLICE_JUNCTIONS,,,
junction_UBERON:0004538 polyA plus RNA-seq,,,UBERON:0004538,left kidney,tissue,,,,,OutputType.SPLICE_JUNCTIONS,,,
junction_UBERON:0004550 gtex Esophagus_Gastroesophageal_Junction polyA plus RNA-seq,,,UBERON:0004550,gastroesophageal sphincter,tissue,,,,,OutputType.SPLICE_JUNCTIONS,Esophagus_Gastroesophageal_Junction,,
junction_UBERON:0004550 total RNA-seq,,,UBERON:0004550,gastroesophageal sphincter,tissue,,,,,OutputType.SPLICE_JUNCTIONS,,,
junction_UBERON:0004648 gtex Esophagus_Muscularis polyA plus RNA-seq,,,UBERON:0004648,esophagus muscularis mucosa,tissue,,,,,OutputType.SPLICE_JUNCTIONS,Esophagus_Muscularis,,
junction_UBERON:0004648 total RNA-seq,,,UBERON:0004648,esophagus muscularis mucosa,tissue,,,,,OutputType.SPLICE_JUNCTIONS,,,
junction_UBERON:0004992 total RNA-seq,,,UBERON:0004992,mucosa of descending colon,tissue,,,,,OutputType.SPLICE_JUNCTIONS,,,
junction_UBERON:0005033 total RNA-seq,,,UBERON:0005033,mucosa of gallbladder,tissue,,,,,OutputType.SPLICE_JUNCTIONS,,,
junction_UBERON:0005270 polyA plus RNA-seq,,,UBERON:0005270,renal cortex interstitium,tissue,,,,,OutputType.SPLICE_JUNCTIONS,,,
junction_UBERON:0006330 gtex Minor_Salivary_Gland polyA plus RNA-seq,,,UBERON:0006330,anterior lingual gland,tissue,,,,,OutputType.SPLICE_JUNCTIONS,Minor_Salivary_Gland,,
junction_UBERON:0006469 gtex Brain_Spinal_cord_cervical_c-1 polyA plus RNA-seq,,,UBERON:0006469,C1 segment of cervical spinal cord,tissue,,,,,OutputType.SPLICE_JUNCTIONS,Brain_Spinal_cord_cervical_c-1,,
junction_UBERON:0006566 gtex Heart_Left_Ventricle polyA plus RNA-seq,,,UBERON:0006566,left ventricle myocardium,tissue,,,,,OutputType.SPLICE_JUNCTIONS,Heart_Left_Ventricle,,
junction_UBERON:0006631 gtex Heart_Atrial_Appendage polyA plus RNA-seq,,,UBERON:0006631,right atrium auricular region,tissue,,,,,OutputType.SPLICE_JUNCTIONS,Heart_Atrial_Appendage,,
junction_UBERON:0006631 total RNA-seq,,,UBERON:0006631,right atrium auricular region,tissue,,,,,OutputType.SPLICE_JUNCTIONS,,,
junction_UBERON:0006920 gtex Esophagus_Mucosa polyA plus RNA-seq,,,UBERON:0006920,esophagus squamous epithelium,tissue,,,,,OutputType.SPLICE_JUNCTIONS,Esophagus_Mucosa,,
junction_UBERON:0006920 total RNA-seq,,,UBERON:0006920,esophagus squamous epithelium,tissue,,,,,OutputType.SPLICE_JUNCTIONS,,,
junction_UBERON:0007106 polyA plus RNA-seq,,,UBERON:0007106,chorionic villus,tissue,,,,,OutputType.SPLICE_JUNCTIONS,,,
junction_UBERON:0007610 gtex Artery_Tibial polyA plus RNA-seq,,,UBERON:0007610,tibial artery,tissue,,,,,OutputType.SPLICE_JUNCTIONS,Artery_Tibial,,
junction_UBERON:0008367 gtex Breast_Mammary_Tissue polyA plus RNA-seq,,,UBERON:0008367,breast epithelium,tissue,,,,,OutputType.SPLICE_JUNCTIONS,Breast_Mammary_Tissue,,
junction_UBERON:0008367 total RNA-seq,,,UBERON:0008367,breast epithelium,tissue,,,,,OutputType.SPLICE_JUNCTIONS,,,
junction_UBERON:0008450 polyA plus RNA-seq,,,UBERON:0008450,psoas muscle,tissue,,,,,OutputType.SPLICE_JUNCTIONS,,,
junction_UBERON:0008450 total RNA-seq,,,UBERON:0008450,psoas muscle,tissue,,,,,OutputType.SPLICE_JUNCTIONS,,,
junction_UBERON:0008952 gtex Lung polyA plus RNA-seq,,,UBERON:0008952,upper lobe of left lung,tissue,,,,,OutputType.SPLICE_JUNCTIONS,Lung,,
junction_UBERON:0008952 total RNA-seq,,,UBERON:0008952,upper lobe of left lung,tissue,,,,,OutputType.SPLICE_JUNCTIONS,,,
junction_UBERON:0008953 total RNA-seq,,,UBERON:0008953,lower lobe of left lung,tissue,,,,,OutputType.SPLICE_JUNCTIONS,,,
junction_UBERON:0008971 total RNA-seq,,,UBERON:0008971,left colon,tissue,,,,,OutputType.SPLICE_JUNCTIONS,,,
junction_UBERON:0009834 gtex Brain_Frontal_Cortex_BA9 polyA plus RNA-seq,,,UBERON:0009834,dorsolateral prefrontal cortex,tissue,,,,,OutputType.SPLICE_JUNCTIONS,Brain_Frontal_Cortex_BA9,,
junction_UBERON:0009834 total RNA-seq,,,UBERON:0009834,dorsolateral prefrontal cortex,tissue,,,,,OutputType.SPLICE_JUNCTIONS,,,
junction_UBERON:0009835 gtex Brain_Anterior_cingulate_cortex_BA24 polyA plus RNA-seq,,,UBERON:0009835,anterior cingulate cortex,tissue,,,,,OutputType.SPLICE_JUNCTIONS,Brain_Anterior_cingulate_cortex_BA24,,
junction_UBERON:0010414 gtex Adipose_Visceral_Omentum polyA plus RNA-seq,,,UBERON:0010414,omental fat pad,tissue,,,,,OutputType.SPLICE_JUNCTIONS,Adipose_Visceral_Omentum,,
junction_UBERON:0010414 total RNA-seq,,,UBERON:0010414,omental fat pad,tissue,,,,,OutputType.SPLICE_JUNCTIONS,,,
junction_UBERON:0011907 gtex Muscle_Skeletal polyA plus RNA-seq,,,UBERON:0011907,gastrocnemius medialis,tissue,,,,,OutputType.SPLICE_JUNCTIONS,Muscle_Skeletal,,
junction_UBERON:0011907 total RNA-seq,,,UBERON:0011907,gastrocnemius medialis,tissue,,,,,OutputType.SPLICE_JUNCTIONS,,,
junction_UBERON:0012249 gtex Cervix_Ectocervix polyA plus RNA-seq,,,UBERON:0012249,ectocervix,tissue,,,,,OutputType.SPLICE_JUNCTIONS,Cervix_Ectocervix,,
junction_UBERON:0013756 gtex Whole_Blood polyA plus RNA-seq,,,UBERON:0013756,venous blood,tissue,,,,,OutputType.SPLICE_JUNCTIONS,Whole_Blood,,
junction_UBERON:0015143 total RNA-seq,,,UBERON:0015143,mesenteric fat pad,tissue,,,,,OutputType.SPLICE_JUNCTIONS,,,
junction_UBERON:0018115 polyA plus RNA-seq,,,UBERON:0018115,left renal pelvis,tissue,,,,,OutputType.SPLICE_JUNCTIONS,,,
junction_UBERON:0018116 polyA plus RNA-seq,,,UBERON:0018116,right renal pelvis,tissue,,,,,OutputType.SPLICE_JUNCTIONS,,,
junction_UBERON:0018117 polyA plus RNA-seq,,,UBERON:0018117,left renal cortex interstitium,tissue,,,,,OutputType.SPLICE_JUNCTIONS,,,
junction_UBERON:0018118 polyA plus RNA-seq,,,UBERON:0018118,right renal cortex interstitium,tissue,,,,,OutputType.SPLICE_JUNCTIONS,,,
junction_UBERON:0036149 gtex Skin_Not_Sun_Exposed_Suprapubic polyA plus RNA-seq,,,UBERON:0036149,suprapubic skin,tissue,,,,,OutputType.SPLICE_JUNCTIONS,Skin_Not_Sun_Exposed_Suprapubic,,
junction_UBERON:0036149 total RNA-seq,,,UBERON:0036149,suprapubic skin,tissue,,,,,OutputType.SPLICE_JUNCTIONS,,,
4dn:4DNFI9GMP2J8,.,Micro-C,EFO:0003042,H1-hESC,cell_line,,4dnucleome,,,OutputType.CONTACT_MAPS,,,
4dn:4DNFI9FVHJZQ,.,Micro-C,EFO:0009318,HFFc6,cell_line,,4dnucleome,,,OutputType.CONTACT_MAPS,,,
4dn:4DNFIFLDVASC,.,in situ Hi-C,EFO:0002824,HCT116,cell_line,,4dnucleome,,,OutputType.CONTACT_MAPS,,,
4dn:4DNFIJTOIGOI,.,in situ Hi-C,EFO:0001196,IMR-90,cell_line,,4dnucleome,,,OutputType.CONTACT_MAPS,,,
4dn:4DNFIXP4QG5B,.,in situ Hi-C,EFO:0002784,GM12878,cell_line,,4dnucleome,,,OutputType.CONTACT_MAPS,,,
4dn:4DNFI2VYSX9M,.,in situ Hi-C,EFO:0007073,CyT49,cell_line,,4dnucleome,,,OutputType.CONTACT_MAPS,,,
4dn:4DNFI4DCV74I,.,in situ Hi-C,EFO:0003045,H9,cell_line,,4dnucleome,,,OutputType.CONTACT_MAPS,,,
4dn:4DNFI5IHU27G,.,in situ Hi-C,EFO:0005903,KBM-7,cell_line,,4dnucleome,,,OutputType.CONTACT_MAPS,,,
4dn:4DNFI6HDY7WZ,.,in situ Hi-C,EFO:0003042,H1-hESC,cell_line,,4dnucleome,,,OutputType.CONTACT_MAPS,,,
4dn:4DNFI82R42AD,.,in situ Hi-C,EFO:0003042,H1-hESC,cell_line,,4dnucleome,,,OutputType.CONTACT_MAPS,,,
4dn:4DNFI8RH55DO,.,in situ Hi-C,EFO:0003045,H9,cell_line,,4dnucleome,,,OutputType.CONTACT_MAPS,,,
4dn:4DNFIB59T7NN,.,in situ Hi-C,EFO:0009318,HFFc6,cell_line,,4dnucleome,,,OutputType.CONTACT_MAPS,,,
4dn:4DNFIBM9QCFG,.,in situ Hi-C,EFO:0002791,HeLa-S3,cell_line,,4dnucleome,,,OutputType.CONTACT_MAPS,,,
4dn:4DNFIIOUG5RF,.,in situ Hi-C,EFO:0003045,H9,cell_line,,4dnucleome,,,OutputType.CONTACT_MAPS,,,
4dn:4DNFIK3NF6R2,.,in situ Hi-C,EFO:0007073,CyT49,cell_line,,4dnucleome,,,OutputType.CONTACT_MAPS,,,
4dn:4DNFILP99QJS,.,in situ Hi-C,EFO:0002824,HCT116,cell_line,,4dnucleome,,,OutputType.CONTACT_MAPS,,,
4dn:4DNFIMDOXUT8,.,Dilution Hi-C,CL:0002620,skin fibroblast,cell_line,,4dnucleome,,,OutputType.CONTACT_MAPS,,,
4dn:4DNFINFQV712,.,in situ Hi-C,EFO:0003042,H1-hESC,cell_line,,4dnucleome,,,OutputType.CONTACT_MAPS,,,
4dn:4DNFINQYW56E,.,Micro-C,EFO:0003042,H1-hESC,cell_line,,4dnucleome,,,OutputType.CONTACT_MAPS,,,
4dn:4DNFINXSKZ4F,.,in situ Hi-C,EFO:0007073,CyT49,cell_line,,4dnucleome,,,OutputType.CONTACT_MAPS,,,
4dn:4DNFIPO1DGLH,.,in situ Hi-C,EFO:0003045,H9,cell_line,,4dnucleome,,,OutputType.CONTACT_MAPS,,,
4dn:4DNFIRO3DQCO,.,in situ Hi-C,EFO:0003045,H9,cell_line,,4dnucleome,,,OutputType.CONTACT_MAPS,,,
4dn:4DNFIS6HAUPP,.,in situ Hi-C,EFO:0001187,HepG2,cell_line,,4dnucleome,,,OutputType.CONTACT_MAPS,,,
4dn:4DNFIT5YVTLO,.,in situ Hi-C,EFO:0003045,H9,cell_line,,4dnucleome,,,OutputType.CONTACT_MAPS,,,
4dn:4DNFIVKQADWM,.,in situ Hi-C,EFO:0009747,GM25256,in_vitro_differentiated_cells,,4dnucleome,,,OutputType.CONTACT_MAPS,,,
4dn:4DNFIW8IXCX1,.,in situ Hi-C,EFO:0003042,H1-hESC,cell_line,,4dnucleome,,,OutputType.CONTACT_MAPS,,,
4dn:4DNFIXOWKAM6,.,in situ Hi-C,EFO:0007073,CyT49,cell_line,,4dnucleome,,,OutputType.CONTACT_MAPS,,,
4dn:4DNFIYGPDLKF,.,in situ Hi-C,EFO:0009747,GM25256,in_vitro_differentiated_cells,,4dnucleome,,,OutputType.CONTACT_MAPS,,,
ENCSR072YCM,+,PRO-cap,EFO:0002106,A673,cell_line,,encode,,False,OutputType.PROCAP,,,
ENCSR182QNJ,+,PRO-cap,EFO:0001099,Caco-2,cell_line,,encode,,False,OutputType.PROCAP,,,
ENCSR740IPL,+,PRO-cap,EFO:0002067,K562,cell_line,,encode,,False,OutputType.PROCAP,,,
ENCSR797DEF,+,PRO-cap,EFO:0002819,Calu3,cell_line,,encode,,False,OutputType.PROCAP,,,
ENCSR801ECP,+,PRO-cap,CL:0002618,endothelial cell of umbilical vein,primary_cell,,encode,,False,OutputType.PROCAP,,,
ENCSR860TYZ,+,PRO-cap,EFO:0001200,MCF 10A,cell_line,,encode,,False,OutputType.PROCAP,,,
ENCSR072YCM,-,PRO-cap,EFO:0002106,A673,cell_line,,encode,,False,OutputType.PROCAP,,,
ENCSR182QNJ,-,PRO-cap,EFO:0001099,Caco-2,cell_line,,encode,,False,OutputType.PROCAP,,,
ENCSR740IPL,-,PRO-cap,EFO:0002067,K562,cell_line,,encode,,False,OutputType.PROCAP,,,
ENCSR797DEF,-,PRO-cap,EFO:0002819,Calu3,cell_line,,encode,,False,OutputType.PROCAP,,,
ENCSR801ECP,-,PRO-cap,CL:0002618,endothelial cell of umbilical vein,primary_cell,,encode,,False,OutputType.PROCAP,,,
ENCSR860TYZ,-,PRO-cap,EFO:0001200,MCF 10A,cell_line,,encode,,False,OutputType.PROCAP,,,
